age,experience_years,education_level,hours_per_week,salary
24,3,3,60,78234
44,13,1,57,102791
37,13,1,27,80394
48,1,3,48,81549
52,27,3,22,154251
38,7,3,58,99897
64,32,3,22,178682
29,2,2,52,61096
61,28,3,46,172919
65,36,1,28,168989
28,4,5,27,98151
56,33,3,38,188433
56,30,1,22,144838
44,5,4,47,100116
31,8,4,27,97909
22,2,5,37,92900
65,44,5,59,265703
28,6,1,55,69187
40,16,3,58,135287
56,15,4,57,146250
62,24,1,25,129399
61,27,4,36,176685
50,11,1,51,89504
36,3,4,24,76436
54,1,2,38,56450
23,0,2,29,40594
43,7,1,44,70377
82,3,2,27,50660
51,19,4,32,141416
32,1,3,31,62169
35,12,5,23,122693
38,1,2,40,57287
45,12,4,40,121893
62,19,3,47,146544
21,0,5,47,85377
31,1,4,28,75605
40,6,2,32,71395
55,8,1,27,71729
48,16,4,24,129793
29,4,4,36,84092
55,33,4,58,207442
61,26,2,43,153693
24,0,3,40,66470
28,8,4,28,100223
62,21,1,54,131026
59,24,3,36,153134
40,5,2,59,84431
63,25,5,36,178170
26,0,3,42,61390
47,10,3,23,92582
30,1,4,26,71901
33,4,3,33,75442
45,4,4,25,82775
48,14,4,56,137251
30,8,5,47,114442
26,1,3,26,55415
41,3,2,53,69174
34,11,5,46,127485
57,27,5,32,191235
22,1,4,41,80636
30,6,3,56,95972
61,10,2,60,106527
54,1,2,32,55113
63,39,2,28,192840
33,12,1,49,84527
22,0,2,55,55369
56,4,5,30,99686
32,9,2,30,79722
22,1,5,24,83501
40,18,5,22,147469
21,0,3,55,71486
27,8,1,57,71505
45,23,5,38,168372
43,11,2,58,98496
49,18,1,60,118768
21,0,2,49,49831
38,6,4,58,110527
49,4,2,49,80647
50,22,2,44,132256
35,8,3,58,107182
21,0,3,58,66509
41,8,5,29,116072
48,23,4,58,166396
62,18,2,52,129779
53,31,1,58,167809
62,9,4,54,125865
23,1,1,25,32810
42,11,3,55,115069
29,8,2,56,82538
51,14,4,27,121480
41,17,2,48,116196
60,40,5,48,243947
65,25,2,43,151647
32,10,3,30,92097
58,12,4,42,126661
53,24,1,57,134721
42,19,4,34,139777
56,30,2,42,165202
40,2,1,32,43240
40,15,2,46,105239
34,0,3,20,52496
32,7,5,47,118029
63,9,5,40,129285
41,2,4,30,77804
38,1,5,58,104131
39,10,2,56,102196
58,26,3,28,162019
46,15,2,44,110272
90,1,1,26,43186
49,9,3,23,95691
64,17,3,47,138908
30,4,2,39,61595
39,4,3,46,81893
47,2,5,41,98336
27,4,4,48,88807
25,0,5,35,83483
48,7,2,24,72125
33,10,3,41,99196
28,5,2,23,57711
27,1,2,34,55119
29,0,2,34,47535
63,7,2,30,76591
40,6,5,38,112463
47,19,1,58,123522
55,6,4,34,98041
24,1,1,53,47636
21,0,2,25,46346
64,31,5,43,211374
30,1,3,21,59070
57,28,2,43,161096
29,7,5,53,121554
65,33,5,54,225330
29,3,4,39,88960
41,16,3,47,126040
46,8,1,30,71865
57,17,4,29,134281
44,12,4,44,120214
35,0,5,42,86520
39,7,5,56,121691
24,0,2,31,48461
36,9,4,40,110865
35,4,3,50,85534
32,4,5,43,105154
26,1,2,43,52240
54,23,4,23,158639
35,6,2,38,72249
64,8,5,32,125597
35,7,3,59,102612
58,6,3,32,87195
49,18,4,25,133848
33,1,2,46,62879
38,8,4,20,99720
53,19,5,34,157955
46,21,2,22,123876
46,5,1,27,51014
61,13,2,54,114972
40,21,1,20,110240
28,2,5,20,85014
60,23,3,36,149452
25,1,5,53,99392
49,7,1,26,65790
28,0,3,54,71591
46,24,2,39,142242
46,20,1,40,110892
49,27,2,51,155851
31,10,5,24,115143
35,5,4,20,86985
50,31,4,22,183433
31,7,2,47,82309
38,4,1,51,59065
23,5,3,59,84680
36,14,5,20,125660
48,4,2,25,64069
25,0,2,39,45747
27,7,2,47,78299
35,9,3,55,100948
64,2,3,26,77604
61,10,2,54,105731
44,10,4,42,112211
43,21,4,26,147405
39,5,4,31,92875
31,6,4,52,107984
48,22,4,58,171811
41,4,3,26,72828
35,11,2,52,99039
59,26,4,26,164176
47,27,2,36,147446
33,8,5,37,112349
45,13,2,57,110666
62,10,3,49,110523
26,7,1,41,62844
22,0,1,38,34745
47,14,3,46,116820
55,30,3,31,172325
47,9,5,53,126502
64,15,2,47,118022
47,15,4,24,120778
45,19,2,21,110827
41,1,5,38,93808
23,0,3,44,66443
30,6,1,32,55924
36,5,5,41,110346
41,20,3,47,140799
28,2,3,38,65317
53,5,1,40,67283
65,9,1,72,93447
52,25,4,35,172292
25,0,5,55,92970
41,5,3,29,74159
22,0,2,30,40492
30,0,3,41,65347
37,12,2,60,106390
65,35,4,21,195257
65,26,1,31,133236
29,9,3,29,84941
41,16,4,44,135476
25,2,5,35,95146
32,6,5,50,110902
48,9,2,31,80931
56,3,5,41,105372
50,5,4,40,97321
37,0,5,21,84255
38,7,3,58,97174
22,0,4,45,73716
54,15,5,24,143461
52,22,1,50,127373
61,38,3,47,210165
21,0,2,22,43697
43,12,2,27,93925
63,13,3,49,128422
34,7,5,54,123904
30,9,3,30,89846
22,0,5,41,84100
49,5,4,51,107551
34,6,5,22,101368
44,5,1,54,67809
42,17,5,48,156737
34,3,5,39,100437
24,3,4,30,81183
45,6,5,20,99664
43,20,3,52,145502
51,8,4,40,113847
28,1,4,60,87259
64,30,5,31,201751
51,2,2,38,67445
57,34,2,45,185027
64,45,5,28,248460
58,18,3,35,132886
21,0,4,45,76862
38,2,4,50,85417
58,27,2,55,165220
33,6,1,52,70003
38,17,1,37,102511
29,3,2,37,56798
58,18,1,46,112571
39,8,2,23,76517
42,13,3,53,124189
22,0,5,33,79792
26,2,3,47,74565
65,37,2,39,187987
41,2,4,27,76127
27,1,4,32,78534
28,2,1,49,48061
60,25,2,48,150560
29,5,4,40,95929
33,10,1,34,68238
24,1,2,29,46069
42,8,1,43,69402
40,12,1,56,96368
60,24,1,50,133361
58,15,4,47,138671
36,12,1,43,80089
48,25,3,55,165365
58,6,3,44,92495
51,5,4,24,94555
35,5,4,59,99464
48,7,1,51,72431
48,16,5,40,149241
29,8,5,36,117909
49,19,2,22,118151
48,8,3,48,102618
51,13,1,51,94150
40,18,4,30,133293
57,22,3,35,143785
61,29,4,26,177364
65,33,1,47,171195
27,4,5,27,99013
56,5,5,23,106817
43,1,2,38,54394
35,3,3,25,71024
46,20,2,37,122361
43,20,3,36,136179
26,4,4,56,94593
33,10,5,28,117776
33,11,1,55,83918
46,16,3,54,131798
29,4,1,24,43706
56,28,3,31,164227
46,2,2,56,68220
40,2,5,47,101644
47,10,3,48,111099
51,4,5,58,120446
53,6,5,27,113133
35,4,3,33,78711
27,0,3,54,67369
47,14,2,47,111492
48,8,3,43,96100
24,2,3,30,62330
65,20,4,42,160329
65,13,1,45,101868
50,11,1,32,82714
57,22,5,25,168852
24,1,2,60,58735
52,25,3,42,156334
33,3,5,29,88704
50,9,5,54,134678
24,1,4,45,79510
43,18,1,29,103627
25,0,5,51,93186
27,3,3,23,63409
64,1,3,28,71371
25,3,4,46,85878
49,15,2,38,112073
25,1,4,22,64007
30,3,2,36,59786
62,7,4,42,109023
24,2,3,32,67371
30,1,1,33,39354
52,5,3,23,82117
22,0,4,52,83247
58,1,1,36,50477
59,24,1,32,127491
26,4,5,35,93217
28,2,3,57,83573
55,32,1,45,159465
57,30,1,59,164615
22,0,5,21,73755
31,3,1,42,47234
27,1,2,28,46579
57,6,5,26,114019
32,5,5,38,103054
40,17,5,31,145838
25,1,4,21,72278
49,6,1,24,53761
55,26,1,60,147877
60,37,4,57,225478
38,0,2,58,59746
23,1,3,74,65890
57,20,1,48,120144
44,6,3,55,95474
55,27,2,49,157793
44,8,5,49,123427
60,16,2,34,115966
42,6,3,41,85474
65,8,2,22,79960
34,0,2,57,63183
30,5,4,26,89013
29,0,1,47,46275
33,5,3,42,83694
61,24,1,25,125044
33,11,1,37,76548
39,10,1,49,83099
59,4,2,31,72995
58,21,5,59,176114
52,14,1,57,107693
41,12,5,31,127804
23,1,3,39,61388
65,7,5,55,133053
22,2,1,21,35582
23,0,4,43,73861
57,31,5,58,212480
39,10,2,28,83451
38,17,2,56,122457
22,0,2,42,46384
23,1,3,58,70382
33,6,2,38,76674
44,1,1,22,35513
50,21,5,27,162492
65,5,2,43,84867
25,2,2,56,66986
64,11,4,44,124808
48,17,4,23,133781
37,14,4,37,125700
52,7,4,51,107591
36,0,4,22,66822
63,5,3,30,90151
53,33,4,56,201574
48,12,3,22,100883
62,1,2,53,73032
65,23,4,23,161559
32,12,2,32,87367
57,9,3,43,105139
55,2,5,53,105491
55,2,5,24,93190
31,7,4,42,100329
21,0,4,23,61209
29,8,1,20,60453
34,0,3,41,60946
56,33,2,58,185932
47,10,1,37,74152
36,12,1,46,91433
48,22,1,41,123403
26,1,2,60,61080
57,10,2,36,94612
32,2,1,31,40212
36,13,4,57,134842
51,25,5,58,189038
21,0,4,43,72828
54,19,3,32,134963
60,3,1,34,59670
41,8,1,57,76460
24,0,3,28,58904
51,21,4,42,152238
61,26,2,35,144785
21,0,3,21,54736
54,22,2,42,136693
61,16,1,60,111116
61,14,4,55,139234
30,8,4,32,96718
30,0,3,52,68933
63,10,2,26,90867
22,0,5,51,95594
26,1,3,48,71259
62,13,5,25,135883
45,9,5,52,130235
22,0,4,41,78751
48,3,1,36,52237
53,30,5,50,204351
49,8,1,53,75266
23,2,5,29,85576
25,3,5,59,103061
64,0,5,47,97249
31,12,1,33,73712
54,22,2,24,127762
38,10,3,35,102222
43,20,5,30,152201
33,9,3,57,100683
54,25,2,40,143692
57,30,1,58,158565
24,0,1,37,35523
25,1,5,35,82883
48,3,3,23,69883
44,21,5,33,160744
23,0,1,41,35707
61,8,2,53,97485
42,7,1,47,70058
40,18,2,50,127038
65,6,5,21,114246
38,8,5,45,121434
24,0,2,57,59325
29,5,5,20,95002
41,13,3,21,103653
22,4,3,20,67865
36,3,4,32,83188
43,6,2,27,65627
43,6,5,20,100896
35,6,4,27,89904
57,4,3,60,99676
61,5,3,39,94302
22,1,1,23,30988
43,20,2,54,136705
59,16,1,45,108339
25,2,2,50,66914
61,10,5,56,144923
39,2,4,20,75188
31,8,3,38,93099
29,10,2,39,85238
49,21,5,25,156353
52,10,4,49,123202
51,8,2,38,81061
36,1,4,20,66529
39,15,1,56,102260
58,24,3,59,166086
47,21,2,25,126376
57,32,5,47,210973
60,4,1,23,54704
56,11,1,36,79209
64,6,4,35,99503
28,6,1,26,50221
49,26,5,37,185070
38,6,5,25,104100
39,6,2,32,66549
31,7,4,36,93841
21,0,1,27,33924
64,43,5,49,257811
28,2,3,46,76215
37,5,4,33,94490
21,1,1,38,41141
60,29,4,41,187630
41,8,2,23,77805
21,0,1,32,33221
64,36,5,24,212754
49,11,2,26,89918
44,19,3,38,128986
65,18,3,28,131084
46,3,4,49,97330
35,9,1,55,84068
56,28,3,45,167963
65,31,1,40,162041
34,9,3,31,88246
28,1,3,42,63779
45,6,3,51,93852
50,26,3,58,173785
25,0,5,43,84089
46,12,1,22,77219
51,1,1,22,40461
65,22,5,35,176352
61,37,3,47,206959
25,2,5,51,97210
32,4,3,23,71137
61,8,2,54,100594
45,14,1,34,89551
64,30,4,51,198679
54,1,3,54,80543
38,12,2,29,92908
21,0,5,23,74339
53,3,2,22,58984
22,1,2,35,54635
30,9,5,51,125786
22,2,3,23,62449
28,0,5,56,98768
53,27,1,49,149398
35,5,3,38,78009
29,3,4,48,91373
62,20,5,44,165052
59,5,4,21,93594
54,18,4,25,138866
64,10,3,26,105438
24,3,5,32,90432
21,0,1,21,28322
27,2,1,30,41184
26,0,5,34,85443
64,13,3,53,130275
45,17,3,42,129965
41,15,3,55,124394
28,3,5,40,102549
52,1,2,34,58585
65,14,2,20,99156
40,4,1,28,47614
26,3,4,55,92843
44,17,2,24,111587
65,22,3,58,164018
34,0,4,60,90466
29,7,3,56,91707
63,7,5,35,120973
48,6,1,28,63057
26,5,3,50,89161
48,0,5,20,79802
42,8,2,52,92304
64,41,1,22,180931
30,2,2,31,49629
22,3,2,36,54706
59,8,4,36,109820
61,39,1,41,183117
58,19,5,20,151126
57,39,5,45,230223
37,14,4,60,138426
36,8,1,28,59264
53,28,4,44,183421
28,6,1,57,66391
29,2,2,58,70463
61,6,5,37,115552
48,18,3,28,124368
39,16,3,57,127920
44,7,4,48,110262
45,12,1,55,89493
23,0,4,49,78554
53,26,1,54,148790
41,18,2,44,117393
53,9,2,28,85115
26,2,4,22,75726
25,0,3,30,57441
48,25,3,40,151756
42,17,2,33,109639
25,0,1,44,37578
49,8,1,51,79355
40,12,4,46,118792
32,2,5,22,84159
39,12,3,57,118642
52,16,1,20,89705
45,2,2,34,64080
38,18,4,59,145852
43,17,1,51,107580
63,24,1,20,123452
60,19,3,43,139952
43,8,4,20,96611
57,10,5,37,130248
43,3,3,29,70469
23,0,5,32,83347
62,13,5,54,148653
29,9,1,20,57650
65,4,3,45,93699
47,2,4,28,85561
21,0,3,41,61162
44,15,4,29,128378
44,22,5,23,159654
29,11,4,31,110156
36,9,1,59,84684
39,6,1,29,60277
60,33,4,40,195505
26,2,4,36,80683
34,6,5,32,109547
45,9,1,83,67492
39,9,5,37,120522
63,9,4,48,124924
41,3,1,59,60208
30,1,4,34,78052
44,19,4,57,156042
63,17,5,48,163389
65,25,3,35,155707
61,23,3,48,162208
28,2,4,54,90637
22,1,4,47,75636
29,8,1,20,57730
31,8,1,27,57660
47,1,5,25,88383
22,1,2,42,54330
60,25,3,29,151518
33,7,4,25,94851
47,15,2,29,102413
33,7,5,36,107926
33,10,1,20,62289
29,0,2,47,54714
42,4,4,37,91763
44,2,5,21,91724
80,8,5,25,115209
40,17,5,50,154350
22,0,3,26,49918
44,21,4,50,161836
40,12,2,28,95328
55,31,5,22,195988
32,9,2,43,87385
46,26,1,47,142177
27,4,2,54,74428
22,0,3,41,64684
45,19,2,43,123112
58,6,3,48,93733
35,10,3,42,102233
46,14,2,36,105667
39,5,4,35,92516
32,12,3,26,103037
34,6,5,33,104914
26,5,3,33,74499
27,9,4,21,97536
25,1,5,55,92584
22,2,1,47,45265
63,17,2,20,115515
27,2,4,35,77731
54,28,1,24,141048
51,5,5,28,104377
60,30,2,44,171767
52,4,5,30,98662
62,34,1,56,177644
30,2,4,29,73890
44,2,5,53,104521
45,20,2,31,123560
42,2,2,59,72254
29,3,5,30,89712
65,10,1,45,84387
36,11,3,34,103468
64,16,4,58,148363
57,22,4,23,155147
51,21,2,32,122855
30,5,3,55,90611
21,0,5,37,86343
33,3,5,59,110253
59,9,1,51,80849
64,11,1,34,81825
63,10,2,53,100799
35,10,5,60,131833
62,13,3,24,108475
41,2,2,37,62885
25,3,5,40,98904
63,40,2,31,201249
36,9,1,47,79428
48,4,4,26,91894
45,16,1,46,106259
45,1,1,35,49260
63,20,1,39,122330
58,32,5,27,201354
54,16,3,42,129107
43,8,1,28,67177
60,27,3,25,161127
34,3,1,44,57500
64,3,3,29,78538
25,0,5,28,82987
37,8,2,59,95222
46,11,5,54,135402
61,37,2,20,179311
32,2,3,21,62021
29,0,5,36,84646
25,4,1,21,38870
35,14,2,38,99695
33,7,3,36,85590
29,6,3,52,93398
34,10,5,41,122399
47,21,1,56,127264
55,17,2,60,126856
42,21,4,46,154249
38,9,5,48,129595
54,18,4,57,156377
50,17,4,22,128290
49,1,4,60,99875
22,0,2,45,49811
41,0,1,42,43626
54,12,5,45,139242
41,3,3,22,71639
49,2,1,33,49308
21,0,5,29,83095
25,5,2,25,60167
64,29,4,22,177913
35,12,2,57,106519
37,5,5,44,110501
48,26,2,48,151674
64,11,5,24,129413
35,10,1,54,81886
52,20,2,53,138548
25,0,2,33,48617
64,29,1,46,150985
30,1,1,82,40081
47,4,2,34,69810
23,0,5,24,79485
64,24,2,34,141086
33,4,5,21,88952
34,2,3,26,60610
50,11,5,34,128778
28,3,5,30,96802
29,5,5,28,102682
23,1,5,52,100000
47,2,3,59,81987
65,0,2,50,65109
28,6,5,23,97075
32,1,2,36,54346
63,33,4,34,202854
29,3,1,53,59663
45,14,5,57,148960
43,4,4,52,98221
48,19,4,39,151307
35,3,1,28,45745
34,0,4,51,79171
54,20,1,55,120440
25,0,1,55,41555
57,5,4,58,114815
58,25,2,20,141419
31,11,4,37,115659
35,5,2,40,71551
50,15,5,28,143461
60,8,3,32,97287
24,1,1,35,34512
51,10,4,43,113881
46,8,3,58,101286
35,1,3,25,56251
26,2,2,43,54362
57,14,2,52,111926
41,19,5,59,171660
38,13,2,51,107812
49,16,2,39,108648
51,2,1,60,66876
50,9,2,44,93915
61,9,5,44,133542
46,4,4,60,106870
51,23,5,54,181915
59,11,1,60,99999
30,2,3,38,69376
30,2,3,26,65875
47,3,2,50,76760
37,10,2,54,98299
60,1,4,55,93112
42,1,3,60,77285
61,38,1,30,181469
51,7,4,30,98997
43,18,2,51,119379
31,1,4,57,83452
59,16,5,35,148117
58,7,4,32,108362
27,5,3,24,72249
41,16,5,23,139415
40,9,4,38,114004
23,0,3,35,61902
35,8,3,47,101388
26,7,4,39,101125
32,4,4,60,103344
58,28,2,27,151526
46,15,3,22,116388
48,10,5,32,128987
35,1,4,53,89628
38,13,5,35,135805
25,2,1,48,46423
53,12,3,31,106219
36,2,2,56,63922
52,32,1,50,166422
47,4,3,51,91583
43,14,2,53,110946
28,6,1,60,67362
29,5,3,57,93064
61,30,2,53,172126
44,10,2,44,97352
64,20,1,22,113000
26,1,5,45,87862
49,14,1,60,104361
53,9,1,42,83326
49,18,5,48,155444
62,33,1,20,151583
24,1,5,38,91572
64,34,1,58,173645
37,9,5,32,118204
30,0,5,27,77267
21,0,1,42,37698
48,17,4,55,146367
47,2,3,27,72733
39,12,1,51,93310
57,32,2,54,178358
47,12,1,56,92460
57,1,3,39,73736
63,29,4,44,189131
50,30,2,27,158577
28,1,2,35,55194
44,18,5,50,164177
42,11,2,32,92109
36,11,1,24,67937
32,0,3,55,72802
30,5,5,40,107217
25,2,5,39,91375
23,1,1,41,39900
65,34,4,21,191235
47,9,3,50,104617
58,5,3,39,89389
52,18,2,54,131877
38,11,4,45,120288
40,19,1,30,108883
33,7,2,31,68820
49,9,4,25,105331
51,16,4,49,145617
40,3,1,27,51559
35,5,4,33,93428
25,2,2,34,54732
36,4,5,48,108619
53,12,5,60,143067
65,25,3,27,155375
48,24,2,53,144989
59,3,4,58,99988
44,6,4,29,96556
48,23,1,43,124231
29,5,3,30,77338
37,13,4,42,127417
47,8,2,46,83031
24,5,5,34,96260
60,1,3,23,67582
37,15,1,24,84287
21,1,2,20,45586
87,24,1,52,138599
23,2,5,26,81869
33,8,1,28,58238
49,16,4,21,125448
28,9,3,36,88226
30,2,1,44,48951
58,18,5,32,153532
86,8,3,33,84545
59,33,2,42,178597
52,25,2,40,144498
60,2,1,24,48515
25,2,3,49,71666
40,3,3,51,85171
33,5,3,35,75080
55,14,1,24,83859
22,0,3,25,54554
43,4,1,34,54299
31,8,5,24,104709
51,25,2,44,151626
47,12,4,38,117717
61,20,1,32,111061
59,23,1,26,118791
60,29,1,51,159419
41,11,3,51,111768
22,1,1,58,45589
54,8,3,54,105492
57,32,1,39,161197
31,6,2,21,61015
35,6,2,54,79110
22,3,2,39,58096
56,20,5,45,168710
45,8,3,46,102056
43,22,2,22,127321
54,13,4,45,126817
28,5,2,27,64989
21,0,1,26,34831
39,14,3,26,112279
65,40,5,47,243299
64,12,4,30,125910
43,4,1,58,67730
41,12,2,60,105546
40,6,4,23,88348
53,15,1,20,84107
54,4,1,32,56084
34,0,3,56,73591
24,0,4,34,67784
46,20,2,20,113246
29,1,1,59,53424
36,9,5,56,132682
26,2,2,40,57260
32,8,1,31,68251
60,28,2,47,163679
24,6,1,37,57893
42,19,5,33,151155
46,26,5,55,190617
39,13,2,34,101674
22,1,2,21,47723
43,8,3,34,97534
54,11,3,49,115918
33,12,3,28,98043
55,30,2,35,164449
59,37,5,42,226444
33,8,4,31,103381
39,17,2,22,106194
41,21,4,37,151532
45,18,1,38,102624
37,12,1,26,78711
54,7,4,33,106933
23,0,2,30,41604
34,7,2,20,64404
64,9,1,27,75882
26,2,4,20,71989
36,2,4,51,91820
59,1,5,48,106777
41,17,4,22,125621
61,2,5,48,109536
40,15,3,49,119357
40,0,5,36,89590
33,2,2,38,61150
40,2,5,44,100169
55,11,1,33,86688
59,21,4,28,154588
25,2,3,26,62461
41,12,3,35,108737
36,2,1,41,45646
27,4,1,23,39880
56,16,3,59,140425
24,1,4,31,73847
60,29,3,21,165421
30,1,2,22,48387
58,39,5,53,239496
61,14,5,41,144355
56,2,3,46,84383
30,3,1,37,50900
21,2,2,30,53120
38,17,4,29,134799
57,34,5,47,217340
49,4,4,25,90337
62,39,1,44,186445
26,3,5,58,105358
53,23,4,24,155221
65,42,4,26,229157
30,5,1,23,46611
43,16,4,46,140392
34,5,4,23,84552
41,13,3,31,110585
37,1,1,35,46988
56,25,2,51,149798
62,39,1,42,184571
40,16,2,31,105046
45,12,3,32,107699
47,6,2,43,81826
35,9,3,33,95637
46,8,4,58,112574
25,0,3,26,56761
55,5,5,27,106252
21,0,3,56,64912
38,13,5,23,131312
43,11,1,41,84408
39,10,4,52,122734
40,16,4,26,129397
51,8,1,42,71902
38,1,2,35,53540
31,0,1,25,29966
30,1,5,60,97850
29,7,3,52,89697
26,2,3,60,80765
65,45,2,53,230293
63,8,3,60,112531
31,1,3,26,60239
59,34,3,45,196119
52,20,4,34,152320
60,34,5,38,212134
27,1,1,56,49405
62,12,5,20,134172
63,35,5,36,220929
56,18,3,31,129017
51,11,5,60,138550
22,0,1,43,43537
34,9,2,39,82411
53,7,1,44,77606
45,1,2,21,54976
50,8,2,31,83282
37,10,2,41,91729
65,22,5,25,170618
60,23,4,25,159855
30,2,4,20,68474
37,6,3,60,98385
35,11,3,40,98883
32,10,5,25,116887
61,12,3,41,112584
27,0,5,45,84906
29,10,2,27,76788
44,12,2,28,93839
49,17,1,24,97443
40,15,4,31,122456
62,41,3,58,225185
28,4,4,35,81735
62,9,4,55,120765
54,10,4,37,121182
65,29,4,33,183067
27,3,2,60,75238
52,21,2,57,138706
30,5,1,37,54385
35,6,1,33,55627
60,38,1,33,183020
58,20,2,48,138064
36,12,4,41,121158
24,0,2,51,58812
50,17,2,21,109155
56,10,5,47,130074
33,0,3,47,71429
23,0,5,43,87095
29,1,3,24,59566
22,0,2,59,59561
53,10,5,24,117349
23,4,3,38,72355
21,0,2,43,54648
29,3,4,34,84032
25,1,1,57,54918
26,4,1,36,48606
33,7,1,55,76452
52,13,5,25,131148
36,8,4,54,112204
48,3,3,32,70671
23,1,1,29,32387
33,9,5,52,125854
30,5,4,34,87565
47,11,4,54,128277
39,6,1,46,70929
65,33,1,43,163360
40,19,1,52,113032
34,5,1,59,71355
30,4,2,20,58731
48,9,5,34,117126
47,13,2,42,99271
29,4,1,30,51835
26,0,3,41,62743
64,21,3,49,149355
49,20,5,55,173663
65,26,2,25,145154
40,12,4,37,121002
57,4,5,36,108706
64,34,1,21,154495
52,6,2,36,80871
34,5,1,47,63774
31,4,5,24,89030
54,31,1,39,152270
38,5,5,52,112071
27,2,4,51,84577
54,16,1,31,102369
64,19,4,51,160749
29,1,2,55,57468
54,9,3,44,105924
61,39,3,27,199933
37,3,3,40,73681
44,0,3,45,67106
65,41,4,38,227098
48,13,1,28,80819
32,13,1,43,87395
45,7,2,24,72262
47,5,2,54,79678
32,7,4,36,101042
39,12,4,57,132639
38,1,4,22,72562
46,14,3,31,109848
43,22,5,33,165560
25,2,3,57,80017
29,4,2,29,56868
32,6,5,25,97789
62,23,5,29,175323
54,32,3,21,174279
40,4,2,25,63160
36,5,1,59,68251
42,8,2,35,83510
40,11,3,31,105368
43,5,4,38,96811
38,6,1,48,66450
61,22,5,53,182905
49,14,1,57,101208
23,3,3,35,73324
39,18,4,50,147386
56,4,2,57,78243
24,2,4,60,89691
23,0,3,43,61136
28,6,1,34,59243
28,0,1,46,46174
52,31,3,47,178600
45,14,3,54,122798
42,6,2,34,69161
24,3,5,48,104917
30,1,1,27,39222
40,16,3,48,122994
24,3,3,49,74498
52,10,3,26,97451
43,20,1,34,109511
58,7,3,28,91848
60,38,5,56,236483
39,16,3,36,122804
57,35,2,33,183407
53,9,2,58,101279
53,10,1,31,78638
30,7,3,34,83787
47,16,1,43,106688
38,17,4,50,140575
50,27,1,43,143872
45,0,5,53,95662
58,26,1,27,136606
29,5,5,25,99659
62,26,4,53,186417
24,6,3,48,87955
39,4,5,53,115269
27,9,5,52,126267
52,21,2,24,125268
37,9,5,50,127696
30,2,5,54,96821
27,4,3,31,76539
50,0,3,54,80013
33,6,2,34,72330
64,5,4,50,112476
47,19,3,51,135823
26,2,4,40,86120
49,6,3,58,95470
32,5,3,53,91218
57,28,4,53,184041
50,15,1,60,112319
42,14,3,41,119178
22,0,2,46,53127
54,16,2,31,106280
50,23,3,51,154004
38,17,5,41,147497
65,24,1,46,137322
35,13,2,39,98582
53,15,2,48,117299
82,36,2,51,188448
35,12,1,28,80461
59,39,5,60,246851
34,6,2,42,79721
53,21,5,44,172255
62,26,3,46,170185
45,9,5,52,130723
43,4,5,36,102644
35,13,2,43,101626
32,6,2,22,60164
46,13,5,51,142689
34,10,2,25,77128
26,0,2,38,51782
63,16,5,37,150531
48,1,5,39,96986
52,16,5,24,140011
52,21,2,33,129773
42,7,3,41,87789
45,21,4,53,156246
38,3,2,50,66741
22,3,2,47,64793
42,5,2,53,75646
31,8,2,60,88970
65,41,5,55,251082
35,17,3,55,127701
42,4,5,57,116349
52,21,2,32,131241
34,5,5,21,100624
21,0,4,47,73276
48,12,2,32,96544
34,4,2,29,63563
56,13,3,57,128515
26,1,2,53,57848
35,10,4,30,109328
59,20,3,50,149556
60,36,1,21,165159
33,4,3,59,83248
51,0,3,54,72995
21,0,2,60,59487
37,8,5,27,112469
53,4,1,30,52422
22,0,4,30,64726
33,3,4,51,97519
34,13,5,51,135881
32,8,3,43,92703
35,11,4,21,101426
46,11,3,28,96949
49,9,2,42,88488
58,7,4,48,110791
55,16,1,32,97241
55,17,5,25,152170
61,2,2,31,59892
27,2,4,45,81434
31,1,5,39,87469
36,9,1,26,63840
65,0,5,48,99076
43,7,1,35,64444
23,3,1,47,55672
51,15,3,45,129529
59,3,3,25,72509
57,16,2,60,129952
21,0,3,33,56068
42,13,5,46,140328
46,20,3,25,135540
65,10,1,31,84764
27,1,2,38,50614
52,21,1,52,122433
37,5,1,43,59949
28,1,5,42,96425
42,13,1,47,95885
28,0,2,56,63038
41,11,2,37,89887
61,6,4,50,113162
45,2,5,59,109270
62,17,4,55,152864
25,0,1,21,31556
63,36,5,27,221469
35,0,4,35,78678
56,15,2,30,108468
43,23,1,53,131648
30,4,3,38,76526
33,8,2,43,85797
46,4,1,25,48380
31,3,2,22,54749
56,19,5,31,159583
58,9,1,26,71235
34,14,3,56,125849
29,7,2,30,67616
49,9,4,46,113352
49,2,3,24,64454
27,1,3,44,67435
46,7,2,49,83025
32,7,4,27,97584
40,3,2,44,67917
57,24,1,53,141739
32,1,5,57,98782
37,2,5,29,93559
50,4,5,55,119830
49,12,5,23,129771
23,1,4,49,82328
26,6,2,31,70139
33,11,5,25,118557
61,15,1,46,108631
38,19,3,24,128320
57,28,1,28,139850
57,3,2,20,56568
57,14,4,32,132970
31,2,4,54,90363
47,6,3,41,89068
56,9,5,41,124216
58,17,5,21,150327
61,14,2,48,114157
36,8,2,56,90322
58,32,5,47,208562
30,7,2,53,82784
44,22,5,26,161353
28,9,4,29,102854
24,3,4,32,78178
44,2,3,56,80155
51,26,4,57,180897
40,1,2,47,60918
43,11,4,26,114457
54,7,2,21,76642
59,35,5,45,219793
47,14,4,51,140123
56,28,2,28,154213
46,7,4,34,101914
32,3,4,37,84415
57,37,4,59,225153
62,18,1,37,112700
25,0,1,47,46056
39,12,1,46,87826
48,13,5,38,137953
50,3,2,57,80281
62,17,5,22,143810
59,22,4,33,156031
44,3,3,46,84754
35,9,5,50,124651
36,4,2,33,62755
60,13,5,23,131728
22,3,3,35,72436
48,15,2,43,111576
39,14,3,38,118410
23,1,1,36,41586
39,16,4,36,136287
36,12,5,59,138188
21,2,2,53,65914
63,27,3,42,165706
61,28,2,55,169549
43,9,5,45,122474
42,16,1,27,90595
50,7,2,26,70360
35,3,2,38,59136
33,7,4,26,92986
57,6,1,27,65543
65,39,5,52,244680
47,21,1,57,123818
35,1,1,45,46685
23,5,5,46,101860
22,3,4,44,82328
41,9,5,26,110773
31,1,1,20,28618
30,5,3,40,83568
49,17,5,50,153847
65,34,3,44,199802
51,23,1,27,120046
33,6,5,26,97916
42,18,2,37,113148
41,0,2,49,61640
60,41,5,55,248264
43,10,1,59,85538
49,26,4,27,165351
64,31,1,43,163454
57,1,3,41,80376
40,18,1,38,100806
37,11,5,59,137314
63,30,2,56,178193
65,43,1,50,205490
25,1,2,33,50144
30,9,5,23,106148
22,0,3,21,54664
25,0,3,26,52696
31,2,3,54,81000
40,3,5,43,100025
35,9,2,29,76759
56,15,4,43,140725
56,29,2,22,156788
21,0,3,50,66960
42,20,3,55,147886
32,10,4,56,117692
30,0,3,48,71935
27,3,3,46,80378
55,11,3,47,116911
59,10,3,46,115395
44,8,5,31,116704
54,32,1,42,156381
47,19,2,32,117521
64,15,5,31,148459
46,8,5,37,116798
35,9,4,34,101569
64,43,1,44,198844
45,1,1,25,37020
51,27,5,25,177721
59,0,2,60,70394
27,5,5,53,115024
48,23,2,50,139176
40,12,3,30,105335
58,30,5,33,195354
62,3,5,45,113990
62,24,2,22,136252
47,22,4,56,164557
62,5,1,38,69020
41,22,3,38,147405
45,18,2,21,107710
27,1,4,29,76241
63,24,4,48,174441
29,5,1,39,58073
23,0,4,28,63615
27,3,3,28,66458
44,16,4,53,138173
32,0,4,29,66120
50,2,1,29,43118
63,28,5,36,192524
30,11,1,37,75708
43,0,3,43,66663
52,18,1,49,118636
29,4,4,35,86706
46,16,4,45,139624
28,1,1,51,51582
59,32,3,55,187981
41,18,1,33,103562
44,7,4,53,112651
65,42,3,43,224092
45,12,1,21,77890
62,32,5,45,215197
30,1,1,41,45791
50,15,2,40,112902
34,0,1,47,43821
55,23,4,59,174185
56,10,1,45,83948
49,21,5,50,168643
23,0,4,44,71301
31,8,4,25,98971
39,4,5,56,115435
44,3,5,48,105071
59,24,3,35,158343
47,4,5,35,101962
51,15,4,21,123201
56,28,2,27,153680
47,7,2,60,92290
21,1,2,60,61017
62,15,2,28,104696
60,41,2,44,206268
31,8,4,45,103006
61,17,5,20,144842
23,0,5,33,80248
36,12,1,39,84983
31,4,5,55,108589
35,4,4,48,98720
48,22,5,29,161721
52,6,4,56,116140
25,2,1,40,45530
59,20,5,30,159455
49,19,4,41,144082
36,12,3,50,110678
42,16,2,60,118168
56,28,2,40,154265
35,6,3,52,91213
26,0,5,49,94861
64,5,5,53,123899
27,6,1,46,66671
32,5,2,40,67408
40,17,5,22,145811
65,12,5,36,137941
41,3,5,52,104515
46,19,2,21,110148
48,21,4,50,158573
31,9,1,57,79384
30,7,3,26,81040
55,27,2,44,151092
33,1,1,26,34780
50,6,1,28,60645
61,24,4,33,163539
21,0,1,55,48003
80,11,2,53,93022
56,13,3,38,114007
32,1,3,44,74735
26,0,3,26,52260
29,5,4,42,91956
57,30,2,57,173878
65,31,4,55,202183
76,15,2,51,106366
33,2,4,20,71808
48,12,3,27,108362
55,9,1,49,81257
60,16,1,52,107515
64,1,1,38,49398
58,24,1,27,123409
65,33,2,31,173679
50,24,3,59,168029
38,14,5,51,146377
21,2,3,33,61786
64,15,1,54,105965
64,41,5,42,239343
42,5,1,41,65324
57,28,2,43,160165
24,1,3,60,75375
42,15,4,28,126472
37,9,2,31,80907
21,0,5,48,84764
62,14,4,54,138320
49,27,3,30,156164
49,12,2,40,97099
54,12,2,43,97938
27,1,2,26,49880
47,19,3,21,126268
37,13,1,31,80859
51,29,1,30,145585
41,13,1,45,91685
62,38,4,30,215611
37,11,1,57,89757
27,3,5,39,98552
32,3,1,21,37303
40,2,4,26,83081
45,4,4,53,102940
21,0,2,41,47880
24,1,5,54,98081
42,4,5,33,103028
58,34,2,60,189415
44,18,4,57,154095
60,13,3,51,126990
56,19,5,58,174117
29,1,5,58,104248
27,2,2,51,61670
37,1,5,34,89865
64,38,3,35,203106
40,2,3,39,70187
63,27,4,47,185972
38,2,3,57,85661
27,7,1,58,72040
23,0,5,22,81374
53,20,5,32,157055
25,1,1,29,38419
48,28,2,38,155564
63,15,4,26,135489
36,3,1,40,48856
49,12,4,33,118879
62,28,2,42,164606
46,3,4,28,85613
53,14,4,46,133650
23,0,4,26,65634
61,1,1,50,62454
26,8,5,27,108087
61,19,3,33,140516
51,25,5,26,169708
65,24,3,41,159709
53,15,4,22,123671
29,6,1,22,54698
32,11,4,21,103844
21,1,5,30,83715
49,7,4,39,107028
32,0,4,45,82910
37,6,4,59,110413
54,3,4,43,90614
57,10,4,37,114995
55,5,3,32,81981
32,7,5,60,127040
38,15,1,35,88758
23,0,4,49,81688
59,6,1,44,68160
28,2,1,20,40280
65,8,4,42,115046
43,20,2,26,123133
47,18,5,32,153555
28,0,1,39,42590
29,1,2,84,49012
50,15,2,56,120122
46,14,3,57,128375
27,6,3,45,87737
53,29,2,32,155605
31,7,4,22,92999
33,5,3,57,89368
48,16,2,40,110268
64,45,1,46,209493
48,18,3,24,124067
36,13,5,57,143898
53,15,1,37,99499
56,20,4,60,166211
62,35,5,39,217589
63,33,5,36,214233
61,9,3,57,116520
65,14,3,21,108745
28,4,3,41,78125
40,2,4,26,80195
29,0,3,25,56797
59,31,4,23,186845
46,13,3,30,112243
56,15,3,59,128941
62,1,5,30,98262
48,10,2,20,83824
58,21,1,37,118515
21,0,2,25,44168
54,25,3,51,159257
58,29,5,50,203017
21,2,4,22,72785
41,4,5,33,100822
23,0,3,42,62419
27,3,4,59,90982
56,2,2,28,64755
51,22,2,43,139172
63,26,5,23,178173
61,1,5,48,106109
49,18,4,28,138421
48,17,5,59,161179
52,4,3,44,89731
52,21,3,27,137395
40,2,1,33,47204
58,36,1,60,181594
60,17,5,36,153577
64,27,3,48,171812
37,11,3,31,99395
53,31,1,58,159591
56,14,2,20,94663
50,2,4,42,85759
50,22,2,45,135230
33,14,4,28,115148
54,19,2,46,128633
64,12,5,33,140744
39,3,2,53,70145
53,0,2,24,54811
41,13,3,58,122952
25,1,3,23,57192
35,3,4,54,93681
43,0,5,51,95137
56,1,3,48,78407
58,1,4,22,79138
44,11,1,42,83447
50,14,2,58,112778
56,7,1,52,73449
64,25,3,47,167094
31,9,2,36,79683
28,6,1,27,55109
42,18,4,42,140273
25,2,4,43,78822
23,0,3,54,69558
21,2,3,32,68944
26,0,3,34,63523
39,6,5,40,114360
64,6,4,33,107210
33,1,4,39,84359
41,4,5,43,110517
56,24,3,29,147618
61,16,4,50,148898
61,34,5,44,220792
25,0,4,33,72579
30,12,2,54,96095
36,12,3,21,95240
32,6,1,57,64928
53,17,4,23,133815
28,1,4,36,73700
38,11,4,20,102261
36,18,4,23,135701
45,21,4,51,155197
47,4,5,58,115064
47,6,1,25,61060
22,0,4,51,74386
33,13,1,30,78056
36,7,5,28,108076
34,2,2,32,59688
25,4,1,27,42600
41,9,2,48,94402
45,23,3,38,146715
54,23,2,22,128914
46,2,4,36,86798
63,23,5,47,180490
42,14,3,40,120070
50,6,4,47,106110
48,27,1,41,135641
59,31,1,42,153429
63,21,5,45,177722
38,1,5,36,96409
33,13,4,42,123666
40,0,4,39,77900
22,0,3,45,67670
62,16,4,56,151692
24,2,2,55,61967
51,1,4,34,83930
57,31,1,20,145059
57,30,3,45,176121
56,18,3,44,139139
52,18,5,33,156408
30,6,5,24,98024
23,2,1,52,50546
37,3,1,47,56008
44,23,1,28,117267
53,25,5,58,186233
65,8,2,28,86391
25,1,2,41,54292
21,0,1,21,25000
27,3,4,49,91383
51,1,3,38,67695
45,22,2,47,140703
40,17,1,44,104611
63,41,3,20,211515
25,7,3,57,97519
46,18,3,50,139427
49,8,4,28,98568
61,37,5,59,234883
40,15,3,42,124140
51,14,2,39,103545
41,10,4,51,116978
30,1,4,42,82580
63,28,4,50,185139
64,29,5,45,203298
22,0,2,45,54355
25,1,1,31,39822
39,7,2,23,65850
35,3,4,43,92834
49,25,3,47,162186
34,0,3,47,66125
42,13,4,58,131030
31,5,4,51,101767
33,2,3,40,70069
54,31,1,20,146397
31,2,2,39,61118
43,9,1,34,75723
36,12,3,32,107910
89,16,5,53,154944
61,21,5,35,165524
49,12,5,20,123919
54,1,1,24,40420
48,20,5,40,164371
48,28,5,36,187703
43,18,2,22,107058
34,10,3,36,95851
25,1,3,27,58696
40,14,4,26,117525
23,1,3,36,63518
24,1,5,20,77478
58,19,4,32,142273
46,4,1,55,65578
43,1,4,31,77231
35,10,2,48,90998
63,34,5,32,212237
53,16,5,30,150129
62,27,1,45,144516
30,8,1,57,80688
34,3,3,53,86010
46,12,1,20,77896
24,0,1,60,44951
45,3,4,43,91609
48,23,2,43,140706
58,30,5,33,198055
54,1,4,25,74796
54,14,3,41,122299
60,27,4,53,184254
57,13,3,35,110607
65,10,1,37,87510
49,17,1,41,104233
50,27,1,41,144204
47,16,1,37,103077
23,0,4,59,79545
62,17,1,45,110901
23,0,3,35,54311
63,9,3,23,93979
41,17,3,58,135112
60,31,5,41,205595
38,1,4,23,75891
62,2,5,42,102582
41,21,3,45,147341
51,19,4,60,162509
45,3,2,41,66292
50,25,4,36,167792
51,26,3,54,172028
34,5,2,35,71924
65,2,4,42,91057
62,39,2,44,200208
41,15,3,50,127116
30,0,5,40,86756
64,12,3,30,113011
51,22,5,59,184653
53,10,5,32,130506
52,27,3,49,168652
40,15,5,55,154398
62,29,2,50,165786
60,8,2,53,99311
22,0,3,59,73188
57,31,3,33,175630
43,11,3,28,102340
62,11,5,27,133439
50,27,1,46,139542
41,12,4,25,115285
63,30,5,44,201593
48,3,4,52,100714
40,1,4,54,86016
51,25,1,32,127867
65,16,2,35,117525
50,10,4,31,114165
23,0,5,39,82764
50,14,1,49,102967
57,21,2,26,126088
59,12,1,48,99106
37,18,2,45,117862
26,0,5,59,100115
46,6,1,56,70298
41,5,5,31,108418
42,2,5,53,109429
24,2,2,38,54966
65,37,1,60,185997
32,10,1,60,88124
56,5,1,40,64135
61,13,2,34,107941
35,13,4,26,117691
61,2,5,24,97183
25,4,4,53,95888
33,1,5,21,77661
24,2,1,60,58572
31,6,5,55,119768
49,17,3,56,134622
21,0,1,28,29246
83,6,3,58,97525
62,11,5,22,124935
26,6,1,34,54977
43,20,4,34,141872
55,10,2,50,100451
53,26,3,51,163829
21,1,5,25,83131
47,14,1,45,101023
21,0,3,52,67723
21,0,4,42,69540
61,15,2,30,111073
49,10,5,28,127210
21,0,2,52,52299
60,23,2,57,152783
51,17,3,55,137416
54,10,5,43,132508
27,5,2,59,77533
43,18,2,31,115080
23,0,3,58,69866
26,0,3,25,53275
39,16,5,55,152057
59,30,2,43,165936
65,8,4,50,122214
46,3,3,40,76519
49,6,1,57,77908
61,30,4,51,192476
44,8,4,26,97610
37,5,5,59,112537
62,10,4,23,115661
21,1,3,30,55760
56,22,2,30,131627
42,5,2,24,68762
65,14,1,28,93939
25,2,3,39,67120
59,2,1,59,67323
61,10,1,22,73251
47,16,3,59,136430
38,11,1,32,75017
22,0,5,34,78833
26,3,1,60,59946
48,29,2,32,159292
24,4,5,29,96235
47,12,5,45,136554
31,9,5,53,126593
51,17,1,31,99895
28,0,1,28,30648
62,10,5,24,125076
30,0,5,27,77865
64,1,5,27,94524
57,27,2,59,165411
61,26,1,21,132741
56,9,3,33,94652
23,1,5,24,84818
63,14,2,29,109147
40,19,5,38,151882
37,4,1,38,55479
45,2,3,46,74454
29,1,5,26,82070
60,30,1,33,147223
56,22,1,36,123349
22,1,2,21,45380
46,1,5,48,95968
53,16,3,44,132294
57,14,4,59,140177
27,1,2,48,54302
50,12,3,42,116363
29,7,4,30,89966
51,23,5,43,180027
49,27,4,26,164014
25,0,4,28,65967
59,23,4,50,170389
48,28,2,58,164286
21,0,1,55,40463
55,35,3,58,201813
40,6,4,24,90040
48,21,4,51,157041
50,15,5,42,151257
23,0,3,28,58285
28,8,1,60,81879
22,0,2,57,61078
59,8,3,55,103169
46,13,5,57,143786
59,12,4,26,124139
51,21,3,58,148245
50,18,3,53,142961
51,20,5,31,158985
29,0,5,60,99427
26,0,2,40,50895
33,9,1,52,81551
46,15,3,33,120345
47,17,4,49,148281
64,8,5,37,127444
21,1,3,42,65235
63,0,3,38,71897
52,11,1,56,92420
30,0,3,36,64558
38,12,5,37,132889
29,6,4,56,102427
56,31,3,47,186899
36,4,3,57,89027
53,28,5,55,202307
65,6,2,54,89256
45,1,2,58,67670
23,0,2,32,43871
49,4,2,23,64457
37,9,5,45,123318
60,15,2,33,114049
60,25,5,39,180135
43,6,1,56,71130
44,6,5,31,107746
43,14,4,32,127471
22,2,2,31,50387
29,2,2,23,46381
24,3,5,36,94133
64,2,3,35,81664
41,14,1,44,90259
23,1,4,59,91543
59,15,1,42,99625
59,35,5,51,228472
45,8,5,36,120511
53,11,4,34,120710
43,8,3,20,81403
52,2,2,54,67515
61,35,2,51,184618
27,1,4,49,79248
26,6,3,27,76534
48,15,2,21,101349
58,19,5,46,165984
29,0,3,49,71576
54,13,1,48,92507
21,2,5,48,93528
54,6,5,54,127630
21,0,2,57,60858
30,10,4,48,114076
38,8,3,28,92954
28,2,2,54,63492
59,36,5,49,227593
32,5,5,55,115285
30,1,4,35,78110
35,7,3,23,84553
35,8,2,38,83296
38,11,1,33,79364
26,4,4,48,88942
64,43,1,30,198429
65,1,3,50,81327
47,7,5,20,104781
34,14,1,41,87599
63,28,1,51,157787
54,0,4,53,85523
65,22,4,47,163836
54,22,2,41,137806
35,11,2,46,89706
55,18,3,60,142645
23,0,2,24,43067
36,6,3,28,82243
26,5,4,57,96816
44,12,4,30,117698
30,0,3,34,64215
33,5,2,50,70360
59,6,1,37,65828
33,9,1,58,81971
40,16,1,26,88358
38,11,2,46,90887
58,3,3,37,78588
34,5,1,39,56639
50,5,5,57,115701
53,30,1,28,150487
25,0,2,47,52456
59,16,4,41,144390
24,1,2,24,48663
57,4,2,35,74461
53,9,2,44,93027
58,14,5,36,143288
65,0,5,36,95379
63,40,2,50,206734
51,19,4,42,148132
57,20,1,29,116479
29,6,3,49,93634
59,11,4,38,121801
29,4,5,47,101644
30,6,1,51,65896
60,27,2,25,143362
38,1,3,53,77897
55,22,2,35,138372
29,1,1,23,33938
63,37,5,20,220718
62,6,1,42,69103
47,24,3,43,152550
41,16,4,24,126538
52,10,2,22,83925
33,0,1,38,36583
24,2,3,22,62169
37,15,5,38,140669
30,9,1,41,70573
38,11,4,36,110851
60,16,4,36,141361
23,0,2,47,56798
53,21,4,28,150772
44,12,3,29,107104
62,7,2,57,91923
61,7,5,31,115357
31,2,4,39,83874
25,0,4,35,76171
49,13,3,24,107011
43,5,2,47,78907
32,10,5,51,125294
25,6,4,34,96403
58,39,2,58,206131
26,4,1,20,44430
46,11,2,42,96822
54,24,5,56,183374
30,11,5,43,124881
65,36,4,54,220080
56,22,5,60,183240
22,0,3,29,60507
60,20,5,30,158908
51,8,1,21,64089
47,6,3,46,97618
58,17,3,51,138790
34,11,2,32,91021
34,2,5,58,104262
41,0,4,37,75271
64,38,5,48,232661
50,9,4,44,117074
37,4,4,32,88705
34,7,1,56,72130
60,37,1,47,181711
29,5,1,59,67562
40,16,5,32,147005
37,2,3,46,76255
24,0,4,49,81029
33,0,2,20,44486
25,5,4,41,93917
21,1,3,26,55096
30,4,4,56,101331
43,10,1,54,82420
42,12,5,28,128611
43,24,5,35,168952
47,15,3,40,120773
55,20,1,23,104521
22,0,2,50,52462
60,13,3,55,129356
39,4,1,32,49126
39,10,5,25,119758
37,4,3,44,78781
54,4,5,31,104321
54,2,4,48,91125
48,9,4,32,110656
33,10,4,39,108299
61,6,4,53,113990
22,0,4,45,79621
45,1,3,37,66559
21,0,2,59,55900
53,22,2,58,140598
37,7,5,28,104834
25,4,4,33,88338
49,25,3,32,153383
46,10,4,34,113038
30,10,5,49,129482
52,14,1,44,97860
57,26,4,60,180992
51,15,2,37,104988
34,1,2,44,55148
31,7,3,43,89720
35,1,3,38,68616
60,19,1,24,105713
56,3,1,41,59671
61,8,1,57,86663
26,2,3,60,81860
43,6,5,37,112955
53,19,2,54,134217
25,2,5,38,89550
55,29,1,55,157244
42,13,4,55,127569
40,1,4,55,91333
45,6,4,35,99020
36,11,1,28,69381
37,3,2,26,54261
55,19,1,50,118509
52,8,1,26,71851
61,26,5,47,196003
28,7,3,22,77343
34,0,4,22,69150
45,19,3,22,126689
47,24,3,53,156488
23,0,3,58,74982
39,2,1,59,63633
38,1,1,51,51242
48,20,5,39,160956
57,9,5,27,123157
35,10,4,30,104757
41,2,5,42,97441
34,12,3,39,106281
62,33,2,21,167806
41,4,4,51,98680
63,7,2,33,80900
45,19,5,60,167426
44,1,3,25,64275
34,7,5,25,105527
39,13,3,43,116645
43,2,1,51,58868
47,6,4,57,113489
39,10,1,38,75395
61,37,3,30,192602
26,2,5,70,95602
63,1,5,59,107148
33,6,4,50,101998
45,2,2,29,56066
45,12,2,44,95789
63,26,2,24,147406
33,8,5,42,117903
48,3,3,48,80220
21,0,3,41,66139
64,0,3,21,68902
63,0,5,44,95997
44,5,5,42,106101
62,32,2,26,163430
51,33,4,45,197970
34,12,1,41,84206
46,18,4,20,136233
59,24,5,56,186514
28,1,2,57,59391
47,18,1,49,110454
43,0,4,32,74764
44,17,5,46,158687
47,19,3,51,137468
39,21,2,45,126330
53,25,5,43,186827
34,4,2,39,70919
34,12,4,50,120766
30,3,5,43,103633
29,0,4,36,74014
32,8,2,23,68834
51,14,3,27,109096
43,7,5,38,114415
33,1,3,36,62499
36,6,2,51,77016
34,12,5,47,138693
36,0,4,38,77314
42,13,4,21,118949
38,8,1,54,81332
43,16,2,40,115174
31,6,5,29,102468
43,9,2,46,90528
62,34,1,59,176261
42,9,3,56,104209
61,34,3,59,197296
44,13,1,52,97774
25,0,2,29,49070
63,41,3,54,225449
34,7,5,58,124884
59,10,4,50,122073
47,14,2,56,111043
33,9,5,21,112565
22,0,1,45,38786
62,37,3,29,200672
50,17,5,20,139086
31,3,4,20,71606
61,26,3,54,175924
35,3,5,32,99321
65,10,2,54,108917
57,2,1,22,48511
54,5,2,24,66693
36,13,3,28,101065
29,1,5,29,83804
64,9,1,45,85074
49,23,1,27,119244
21,1,4,45,77476
29,1,5,21,76975
65,25,3,37,162584
65,21,4,25,153625
27,3,1,46,47595
21,0,2,49,51992
53,1,3,51,79819
36,1,1,56,54934
30,3,5,21,84356
39,18,1,32,102773
33,1,4,37,80531
35,0,4,56,85267
22,0,1,25,28469
34,13,4,54,133017
60,24,3,24,151115
60,9,2,39,90884
21,1,1,45,44095
64,33,4,50,207713
62,2,5,24,94880
61,1,3,36,77674
64,16,4,56,153122
26,5,4,42,97891
26,4,3,22,66799
41,18,5,41,149523
41,16,4,45,136598
55,34,3,32,184504
21,0,5,28,74130
39,14,5,39,138268
53,32,5,58,220104
52,23,5,27,166256
61,37,1,20,168574
29,4,3,52,79480
47,13,3,42,112555
60,1,3,59,89315
56,10,4,33,112610
47,17,3,41,125599
27,1,1,24,32466
28,2,2,39,61022
58,27,4,36,171800
47,11,1,56,91044
56,36,5,24,210778
37,0,5,57,101815
60,9,5,28,124061
57,29,1,52,156200
28,4,4,59,102248
28,7,1,45,68902
64,41,2,60,216185
55,7,3,42,100912
44,18,4,32,143410
59,1,2,42,61202
51,31,5,50,207408
30,10,5,59,131810
64,21,5,48,172563
54,9,5,23,116789
57,24,3,36,154786
55,19,4,50,149972
27,2,2,40,52805
33,3,5,23,92258
39,11,3,33,98065
32,7,1,22,53807
56,2,5,56,109424
55,9,3,24,91961
53,25,1,37,132907
21,2,1,55,49269
55,27,2,24,146109
22,0,1,23,31122
62,31,3,40,182381
46,22,3,21,138287
65,4,2,49,84527
41,8,5,30,115909
62,15,5,52,155512
41,10,4,27,104077
63,20,3,24,130752
21,0,4,42,78215
65,4,3,20,82631
62,12,5,46,143982
42,17,1,48,102123
54,22,1,22,119183
56,33,1,22,154454
57,0,2,52,68261
54,30,4,32,184849
75,5,3,21,77148
26,0,3,29,61197
35,5,5,46,114181
61,9,1,46,87414
40,9,1,31,69599
34,4,4,56,99050
46,6,1,20,57462
52,1,3,36,74559
55,25,4,47,173762
29,3,5,44,96289
65,31,2,26,158900
39,12,2,26,86544
64,19,4,46,151285
24,2,1,48,51866
51,13,5,37,136747
27,8,3,29,85581
55,5,3,57,101857
38,1,2,48,58856
32,9,1,45,69829
34,11,1,21,72707
57,26,5,30,178451
56,16,1,32,101759
58,14,1,51,106733
26,3,4,48,86463
62,3,2,26,61102
31,9,5,33,118357
52,22,5,58,178965
63,39,5,45,234841
41,17,4,37,136715
50,22,5,23,162769
53,17,4,42,139551
25,3,5,25,91948
32,2,4,32,75753
62,17,2,53,131541
64,5,4,25,92427
43,9,4,37,111608
32,9,1,44,74909
52,6,4,30,102414
32,11,2,31,84443
28,5,2,59,80321
22,2,5,42,94534
61,34,3,25,183353
47,1,4,40,83570
45,1,5,30,91191
21,1,1,45,41680
55,28,5,37,190722
31,0,1,51,44094
23,0,5,26,81151
63,1,5,38,100983
61,7,3,55,101395
35,9,4,23,95788
32,5,5,22,95888
47,8,2,53,90802
25,0,3,54,70561
44,14,5,27,130234
48,9,1,22,71110
58,15,1,52,109048
57,4,5,38,108481
63,21,2,41,135457
47,18,4,58,156881
62,29,1,39,151989
37,5,2,31,67494
38,11,2,21,80349
62,19,1,48,115658
38,11,1,29,70467
60,27,2,29,147633
45,22,3,57,155685
38,5,1,33,53328
37,3,1,34,52636
42,16,5,38,146209
37,12,5,36,133270
37,13,1,42,92154
65,42,3,51,224619
26,2,2,45,57425
29,0,4,47,81653
56,4,4,32,92674
40,6,2,47,74592
63,18,2,25,118726
34,0,2,47,61285
23,0,1,57,44965
50,4,4,48,102667
61,3,5,49,116928
23,0,3,50,65335
22,2,4,45,80504
49,19,4,48,153685
31,2,5,20,88804
32,12,1,28,73489
26,1,4,41,77130
35,13,2,48,103161
64,3,2,56,82676
46,19,4,22,134940
50,17,2,25,110463
37,17,4,33,137566
58,16,3,35,122366
32,11,3,37,104364
48,23,4,57,171477
37,8,5,54,128716
56,29,4,41,181906
28,4,3,30,72181
51,24,1,31,125156
33,2,2,58,67679
43,3,1,21,42737
29,6,3,44,83667
49,12,1,32,86435
48,4,3,28,75744
24,0,1,54,49863
51,21,4,26,151532
28,1,1,57,47407
22,0,1,42,40784
34,2,4,37,87399
64,40,2,39,196505
39,9,4,27,108161
23,0,3,46,69255
45,2,4,41,83020
40,17,1,35,96648
51,2,2,51,68740
30,11,2,52,96468
25,0,1,71,41196
62,24,1,37,132701
24,3,2,45,60653
37,12,2,49,105025
27,2,1,32,42910
60,35,5,31,217160
60,7,1,48,81278
53,25,1,50,135705
60,26,5,26,178897
36,7,2,32,76483
53,17,2,47,119322
63,23,2,44,141391
65,42,2,27,205325
39,13,1,31,80153
36,8,4,52,110233
27,3,3,36,70744
48,25,1,54,136405
59,2,1,38,58032
53,4,2,44,73813
21,0,5,40,88437
34,4,4,54,100106
65,11,5,60,141752
31,5,4,58,103547
23,0,4,28,66212
47,6,4,41,107239
34,10,5,36,120455
55,6,5,38,116450
21,0,2,51,54684
47,16,4,33,129916
28,2,1,42,48825
54,0,5,55,105828
65,28,1,44,147224
24,0,1,29,34597
39,8,4,25,95238
53,21,2,44,133299
36,4,2,23,63296
34,9,3,57,107738
56,14,3,26,113643
23,2,5,24,81578
33,7,2,37,80259
32,6,2,27,62718
51,29,3,29,163932
45,6,2,53,82782
41,7,4,54,111082
41,23,5,29,164953
64,39,5,45,241476
61,28,2,21,151717
54,1,2,60,68976
29,7,1,22,54397
23,0,1,51,40665
34,1,4,60,87968
37,10,5,57,134421
52,2,3,28,70630
23,0,1,38,32738
53,32,5,51,210467
31,6,4,59,110883
21,2,5,40,88755
41,12,2,60,111704
33,3,4,20,78445
29,3,1,39,52796
65,35,5,51,221623
29,8,4,26,98211
26,2,4,31,72550
27,1,4,59,83510
45,18,4,51,153028
24,1,1,30,36059
59,17,2,52,128054
26,0,3,44,60984
30,3,4,29,82438
53,13,5,49,147355
49,1,1,54,52870
53,14,2,41,106860
21,0,4,51,74208
42,8,2,36,86189
23,2,5,25,83213
48,11,2,41,100115
27,3,1,51,54856
34,1,5,48,95643
51,13,2,37,100042
37,13,1,30,81111
59,33,5,53,219280
45,17,4,50,144310
43,13,1,37,85485
27,1,2,52,62279
64,14,5,24,139545
45,18,1,31,103144
59,24,2,27,136485
29,0,4,38,73015
36,11,4,34,108461
29,0,3,50,67050
58,31,1,44,156939
48,25,5,32,181515
47,21,5,24,160745
52,24,2,49,142961
28,9,1,33,64741
24,0,1,31,34669
26,3,5,36,92388
50,15,2,31,109562
46,2,2,23,50514
44,7,1,56,74106
27,1,5,42,88097
51,19,5,41,158355
27,1,1,56,55200
62,28,4,39,186942
59,22,4,49,169473
37,7,1,54,70345
60,5,3,34,87110
21,0,1,53,40179
45,17,1,44,104735
21,0,2,22,41941
41,20,2,57,135984
52,21,1,51,129373
51,8,2,21,75955
57,15,3,29,115749
36,0,2,27,48590
29,6,5,41,113331
36,2,1,37,48544
38,3,3,30,71968
37,3,3,20,69449
40,17,4,46,140961
54,30,2,29,154981
33,6,3,43,91345
29,0,3,43,68299
41,6,1,49,63605
59,19,4,30,148969
24,6,4,28,91343
32,2,3,37,69385
52,10,4,26,108869
49,17,3,58,140030
47,6,2,20,69570
28,7,2,24,71532
28,1,5,48,91108
52,30,4,40,185628
43,20,2,54,134060
31,10,4,59,121044
25,7,3,46,87603
58,30,1,25,148765
48,26,1,59,144246
46,16,4,45,140853
59,24,1,49,137256
25,1,3,60,78823
50,1,2,45,64926
45,12,5,41,133248
32,9,5,56,123105
64,7,3,53,109386
21,1,3,56,72479
35,6,3,38,81648
50,17,4,34,139790
53,25,5,28,173836
61,1,1,38,55915
49,19,4,39,146578
63,24,3,60,170263
54,23,3,44,154981
53,4,2,26,62238
43,16,2,41,109388
62,38,4,25,210872
56,16,3,41,131212
32,2,5,27,84064
38,8,4,44,105304
61,11,5,55,140733
55,2,2,33,58205
42,19,1,29,107425
42,19,4,53,151429
49,7,4,55,117032
32,5,3,31,79603
58,32,2,50,180871
28,0,4,55,85008
61,14,3,27,112871
48,8,2,33,84177
22,3,5,32,89595
23,2,2,33,50298
23,5,3,53,85080
34,4,2,32,63242
29,7,2,29,69843
64,20,3,59,154488
35,4,3,44,78979
63,33,3,48,190082
31,0,3,48,72898
29,1,2,54,66300
31,5,5,21,93767
42,1,5,59,103793
36,2,3,44,72780
56,0,4,47,90334
65,40,4,60,235236
52,21,4,40,156497
62,24,3,51,165563
27,0,1,59,45809
31,3,5,60,110835
35,9,4,58,115932
49,18,4,51,145153
26,3,5,43,99425
34,9,3,48,103688
36,9,3,27,94648
41,8,2,30,76960
44,5,3,53,89539
40,10,2,42,87686
53,14,3,56,124701
62,24,2,40,144677
51,3,4,51,100434
21,0,1,27,29777
59,17,4,38,142606
39,11,3,39,104355
59,15,4,48,145630
58,17,1,56,111259
32,8,4,59,117665
38,0,5,59,104226
33,7,1,41,62151
42,0,5,50,98738
37,3,4,53,99777
31,2,1,32,45308
42,23,2,38,137351
35,3,1,60,58893
46,10,4,39,115680
48,3,3,28,69597
50,0,3,48,75693
48,8,5,46,126850
52,26,4,58,182763
51,9,1,59,85445
32,4,1,55,64810
61,27,4,40,178716
45,20,4,29,141675
38,8,1,59,77290
35,6,5,21,105126
48,18,4,45,147288
42,5,2,23,61524
49,2,2,52,70000
22,1,3,60,79431
58,9,4,43,113982
38,3,1,58,65544
45,19,4,36,140896
21,2,1,55,56050
48,12,1,30,85678
40,17,4,44,141102
38,3,4,34,85948
43,10,3,53,113860
46,1,5,22,87906
45,14,2,54,112330
30,5,2,57,75784
38,8,3,21,83627
28,4,5,44,104564
64,31,5,23,201998
21,0,4,50,74792
56,13,4,55,139659
23,1,1,56,53563
43,20,2,35,119739
28,3,3,53,80234
31,7,4,35,98988
45,21,3,34,141424
57,21,3,54,151479
39,7,3,43,90898
48,3,3,34,80355
35,9,2,30,81651
23,0,3,53,65272
55,21,5,50,172433
40,12,1,48,92373
57,22,2,27,125725
54,24,2,56,147914
30,0,4,50,76450
52,4,2,21,59431
37,13,4,55,133773
25,3,2,26,48944
49,21,1,39,121169
63,24,2,26,139486
51,21,1,44,124479
46,21,2,23,122143
27,3,5,30,89680
40,12,1,51,87581
47,1,1,55,52863
53,14,3,29,117215
55,34,5,54,219970
42,15,3,29,112060
53,3,4,55,103175
45,14,3,30,110145
30,1,1,58,54650
34,12,5,57,137465
53,13,1,25,89044
58,21,4,40,155631
33,9,3,53,103168
31,10,3,41,96825
28,2,5,56,99490
25,1,3,52,68545
50,16,4,30,130758
57,11,5,32,130948
59,0,4,23,80168
62,5,3,60,104880
35,1,1,31,40826
85,6,4,28,95234
50,21,1,47,120046
46,17,3,47,134633
36,11,2,60,101947
29,8,2,44,82531
28,5,5,54,109411
57,26,5,54,190786
58,15,3,48,129910
37,4,2,56,76735
43,7,4,25,98839
55,21,4,46,155452
62,33,5,20,204330
63,9,4,42,121215
60,11,5,44,138822
50,1,1,50,53873
37,6,2,44,73011
65,24,5,55,194067
44,7,3,30,85755
33,5,4,29,83712
53,20,2,31,120648
42,2,1,37,50972
25,6,5,30,100388
47,14,3,49,118166
61,17,2,41,124455
65,31,4,52,196124
65,7,5,57,129154
35,8,4,37,99572
30,0,3,24,59009
55,18,3,39,132591
24,1,5,23,77718
34,13,1,30,78105
39,19,2,50,128091
50,19,5,40,162451
52,8,3,26,94790
40,4,3,55,86863
57,15,4,50,145125
45,22,4,37,154153
29,2,4,54,87734
63,19,5,45,161932
36,8,5,56,124897
54,15,2,25,104803
25,1,4,31,70165
59,0,1,40,47145
56,20,1,44,114702
65,9,4,39,118367
54,12,2,55,110991
63,0,4,37,80652
47,17,2,52,118463
54,1,1,24,45098
34,2,2,59,65555
21,2,2,44,59607
34,1,1,57,48610
60,31,5,54,215972
62,17,4,46,149148
60,7,2,36,84455
57,32,3,26,174021
50,21,1,26,113826
29,4,2,34,67105
35,13,3,60,119624
65,27,3,23,161090
53,0,3,54,75427
32,6,4,39,94408
41,18,5,45,158343
32,4,1,29,45238
37,6,4,40,101051
27,0,1,42,41201
36,7,3,51,93585
37,11,4,23,104156
86,24,5,45,180862
38,9,3,47,98691
30,7,2,22,63202
23,4,1,30,45179
32,8,1,58,72946
57,21,3,27,138795
53,23,3,54,155370
51,21,5,34,167963
30,3,2,22,55356
61,23,4,38,166536
29,1,3,40,62875
55,21,5,45,168893
41,18,3,29,123675
39,4,4,58,99693
34,11,2,58,104047
59,20,2,42,135632
60,36,2,29,182256
51,15,5,42,151767
27,5,2,26,59966
44,2,2,37,56456
54,26,5,49,193067
62,18,5,39,156571
55,24,2,36,142801
23,0,2,50,51544
38,8,1,54,75833
56,1,3,52,79583
31,9,5,44,125356
57,14,1,41,96072
25,5,2,35,69019
35,4,1,37,54554
41,0,2,44,56098
40,13,5,49,140044
32,3,2,31,55514
38,7,3,54,97446
36,9,4,47,113678
56,5,3,41,93844
39,4,1,51,61762
45,16,2,27,107378
33,7,3,33,86380
41,14,3,25,108782
44,16,5,58,160165
52,11,1,29,82364
51,32,3,20,167196
53,23,4,23,154522
21,1,2,60,65242
42,12,3,28,106982
64,35,1,24,165523
22,0,3,37,59798
36,2,5,35,91728
42,10,1,33,69961
44,2,4,59,98087
43,1,1,31,42977
48,4,1,20,46755
30,6,1,50,61300
65,10,3,34,110498
47,14,4,60,139285
41,5,4,44,98429
41,16,2,51,117638
37,15,5,51,145915
47,7,4,49,113831
40,6,4,26,96361
53,25,3,35,151489
22,0,3,44,58875
48,10,4,31,115807
50,25,5,58,194661
38,15,2,23,95657
39,16,4,58,142622
50,3,5,24,100008
48,3,4,22,83390
54,22,1,54,128078
55,20,5,50,168818
42,1,4,48,91330
56,2,3,40,82794
61,31,4,23,186060
46,4,4,25,87787
32,2,5,54,101994
37,14,2,47,102095
34,5,2,26,61576
51,24,1,25,119178
39,14,3,21,105892
59,10,1,39,79671
54,22,4,53,169003
55,2,2,60,73627
49,27,1,55,146075
23,1,1,30,32152
31,4,5,24,98652
62,7,3,50,104697
56,14,2,35,106846
64,28,1,59,156189
21,0,3,39,61966
21,0,1,44,39129
21,0,5,29,77901
22,0,2,22,36002
58,29,5,59,202832
41,3,3,40,77870
63,2,2,31,66756
31,7,1,56,68094
55,23,1,36,130277
42,5,4,47,97769
38,3,2,38,68380
51,18,2,30,116937
44,4,5,47,106488
61,15,3,20,113437
44,19,5,50,162807
54,20,1,46,121307
25,4,2,23,55804
55,26,4,49,180076
37,13,4,27,117914
36,8,4,26,98907
46,22,1,48,127376
63,38,2,32,195004
54,24,2,56,151257
42,1,2,46,66578
59,11,4,36,121372
32,7,1,43,64461
41,17,2,53,119981
26,8,4,56,111343
29,2,3,48,70278
55,30,1,43,153867
24,1,4,26,69473
51,17,1,60,115827
35,12,5,53,139558
40,0,2,32,52228
28,0,1,32,36613
34,3,5,50,105005
43,6,4,49,105050
22,0,2,56,53275
38,7,5,26,108081
52,13,2,37,99003
61,42,2,29,198469
41,11,2,31,89823
62,31,4,36,189747
33,10,5,31,119232
33,1,3,54,75580
52,28,3,43,167408
41,20,5,60,168543
53,22,1,55,130499
34,11,3,32,96163
48,27,3,40,161753
61,4,1,56,67509
24,2,5,45,95487
58,3,5,59,115976
38,13,3,32,104881
65,35,2,51,194138
46,19,3,20,125491
32,6,1,25,53129
23,1,1,58,48684
37,13,4,22,114550
39,4,2,28,59424
53,9,5,54,133118
35,4,2,50,74564
30,6,5,57,117189
46,1,2,57,71286
34,8,3,42,97732
56,4,2,40,75752
31,1,3,29,64552
62,6,1,32,62309
59,15,5,55,155956
55,22,2,46,137050
25,2,3,25,66678
27,7,4,25,88934
46,1,5,55,102769
53,24,1,20,123367
55,19,1,43,116579
65,7,2,42,86148
26,5,5,30,99793
46,15,5,60,152625
33,3,1,20,45546
30,7,5,20,104775
62,13,1,48,99401
49,27,3,25,158593
51,25,5,49,185715
53,14,5,32,136644
48,28,5,51,196369
47,13,2,30,94575
61,17,2,23,115299
41,21,2,24,119100
28,2,1,44,46447
51,7,5,34,112328
55,0,5,35,88631
42,4,5,23,100296
37,9,3,32,93913
31,4,5,28,95713
40,15,4,31,126993
31,12,1,51,85704
62,15,2,43,111149
31,11,2,28,82471
24,3,3,55,75909
31,4,5,50,109206
39,13,5,44,138426
36,1,3,39,67762
32,10,5,41,123805
57,16,4,22,128848
52,23,2,40,139011
52,5,3,40,83750
46,22,4,34,154563
62,4,5,45,113933
25,3,4,26,80624
36,12,5,22,124666
45,5,3,45,91404
37,10,4,25,101988
49,20,2,57,133949
36,10,3,49,101404
36,2,2,54,71621
60,11,4,38,118843
49,8,5,59,130707
44,12,2,22,92451
47,7,4,37,99768
24,3,2,28,55255
48,21,2,42,130346
25,1,3,21,56820
35,6,1,52,70097
33,9,1,55,80595
62,10,1,35,85254
40,18,3,52,134185
26,3,1,22,43379
53,3,5,50,113814
22,1,4,55,85222
27,3,2,21,55216
26,2,2,38,51657
39,8,2,30,78430
53,25,4,23,160495
63,23,4,29,164094
61,37,3,47,210640
30,3,3,55,85530
35,5,2,53,78406
24,0,4,43,72977
44,13,1,22,83661
53,9,5,55,133961
37,0,5,27,87097
49,24,4,56,172404
61,17,1,35,104657
62,15,4,22,125895
33,1,4,53,85015
54,30,1,53,161925
35,12,4,49,123390
27,3,5,32,96925
43,10,3,53,110842
49,15,2,50,114112
30,5,1,23,49443
25,2,2,27,53160
33,7,4,49,102617
32,1,3,25,61403
23,0,4,23,64702
57,4,3,59,94342
23,4,5,53,103713
54,28,5,25,187971
31,10,1,20,60409
56,14,3,30,111751
50,21,5,30,165358
45,3,5,57,108940
48,9,1,34,77998
48,9,5,50,127807
30,0,4,43,78785
33,9,1,46,75311
32,7,2,49,81556
52,16,3,36,122035
43,14,5,51,142943
47,24,5,54,182378
24,2,4,21,71935
46,1,4,57,89954
46,15,3,47,125805
48,25,2,29,136522
56,16,2,55,126384
43,16,3,49,132127
43,13,5,48,136538
45,19,5,29,155571
55,16,3,43,132101
31,6,5,57,113569
41,0,1,56,49510
27,5,5,36,101602
24,1,2,41,55923
26,3,2,52,64414
61,11,5,54,141077
41,1,1,54,48862
22,0,4,26,67587
24,2,2,24,44743
45,14,3,50,118770
63,20,3,50,151254
56,13,4,57,141948
47,13,4,45,128710
31,8,3,37,91683
45,18,2,25,108189
51,6,4,60,108653
43,20,4,44,155913
51,0,3,37,70073
48,20,5,55,173776
29,2,3,55,79798
46,14,4,60,140235
24,0,5,28,79055
29,7,5,50,113691
31,7,4,34,93809
52,5,3,28,79928
54,22,5,42,170319
32,1,4,55,83485
30,5,2,24,57905
30,6,4,57,108017
29,10,3,50,104481
49,9,5,31,123720
58,4,3,28,75232
50,6,1,51,76575
24,1,4,57,85150
46,8,2,30,75147
23,0,2,54,54150
59,32,4,32,190044
26,7,5,54,114307
63,2,2,28,65829
51,6,1,50,67030
49,9,3,51,110438
47,20,2,40,122072
45,25,2,25,141001
32,4,3,43,75553
57,1,4,26,83228
48,2,4,37,89928
61,26,2,26,148822
56,17,2,25,113755
64,19,5,34,164796
26,2,5,51,96040
26,1,1,54,47728
55,28,5,44,199426
40,1,2,51,62149
21,0,5,49,87322
38,4,5,52,108558
36,0,1,47,47106
39,12,2,51,106605
47,12,1,41,85909
64,1,2,54,68267
36,9,3,46,96152
37,4,2,30,60990
49,2,5,31,92533
58,6,3,28,83752
57,36,3,41,201132
25,0,5,20,73515
25,2,2,30,53783
60,10,5,35,134013
22,0,5,44,90672
52,8,3,37,93708
43,3,5,25,91977
53,19,1,58,118517
54,27,5,50,195843
28,2,5,28,92427
25,2,2,60,64693
36,6,5,20,96666
41,1,5,39,96496
37,14,4,49,132387
33,1,4,52,84068
63,5,3,45,91245
46,8,2,46,83748
46,1,4,54,94179
62,18,2,40,123976
21,0,4,25,63300
26,4,4,34,85025
53,31,4,25,182472
57,25,2,25,141274
46,6,1,51,74254
54,9,3,27,92200
24,0,2,36,47968
41,5,3,37,78994
39,19,3,38,135868
30,9,4,26,97964
30,8,2,29,73851
47,13,2,53,104803
29,1,5,28,85131
40,7,5,60,127232
65,32,3,50,195341
21,0,3,36,59385
30,3,1,28,46528
56,11,2,24,94636
24,2,2,49,59125
34,4,5,56,106057
54,14,4,24,122154
24,3,4,56,96117
50,18,3,34,132889
60,19,1,53,116703
40,8,2,53,90846
61,14,3,47,127138
46,15,4,26,126667
32,1,3,56,74529
36,10,4,50,117290
65,23,5,25,170275
22,0,3,51,64515
57,36,4,43,215801
22,0,3,49,69838
49,6,1,44,66421
56,31,2,45,173007
52,26,5,31,177476
63,25,2,50,151070
37,10,5,58,132152
33,11,4,43,118984
31,7,4,58,111753
59,17,3,33,132973
50,18,1,27,103845
26,0,5,23,76212
42,13,5,53,140475
49,25,5,37,179743
60,10,2,58,105059
43,8,2,32,76562
23,1,2,59,61219
48,9,1,58,89401
60,11,2,52,101146
25,4,5,50,103368
22,0,5,30,79244
29,0,5,30,85116
21,0,3,46,60086
62,27,3,35,162023
22,0,1,50,39769
39,3,2,24,55371
31,7,3,38,89061
48,19,5,58,170871
40,21,5,44,163200
62,41,5,33,241673
35,10,5,59,128873
46,2,2,26,54199
36,18,1,46,104952
48,4,5,59,115054
54,17,1,43,111738
57,14,3,20,112334
32,2,3,22,60063
63,27,3,33,168771
64,3,1,37,54018
33,0,5,53,98484
25,7,1,42,59689
56,34,3,32,181732
60,17,5,48,160216
57,31,1,50,163444
53,30,5,32,198219
51,15,3,20,115821
59,22,3,49,157207
65,8,1,60,83413
39,0,5,36,88151
55,9,5,45,129470
26,2,3,39,66681
59,26,3,43,167611
49,19,3,56,141665
50,0,5,51,94249
44,20,4,20,136058
25,1,3,29,57664
42,10,2,47,94787
31,4,3,54,86057
29,3,5,32,91092
36,12,2,55,106038
28,0,4,50,80454
39,4,5,38,104893
58,19,1,42,114938
21,1,4,32,73463
59,26,3,34,158113
58,25,5,46,186899
37,2,2,56,70655
31,12,3,38,105070
40,10,2,24,79430
56,6,5,20,108588
33,9,5,45,126352
30,5,1,26,46870
30,5,3,22,69295
64,31,2,27,165638
23,2,1,50,54430
42,13,2,45,107108
64,14,2,52,119778
26,0,1,47,45513
59,17,1,60,113860
21,0,3,51,69804
57,21,1,22,112160
22,0,3,26,50016
34,11,1,51,88273
57,31,1,44,155883
59,13,1,55,101698
46,5,1,50,69539
60,26,2,50,160293
41,4,2,42,66827
58,10,5,27,124745
27,0,4,25,63294
62,38,4,27,214857
61,13,2,46,106268
63,11,4,44,122188
34,4,3,58,84550
45,1,5,24,85782
26,2,4,35,74045
57,32,3,21,174377
25,3,1,31,43830
51,23,4,37,158622
33,2,5,39,93282
57,27,1,43,138871
25,3,3,38,73588
58,40,3,58,221619
23,3,5,28,89768
21,0,2,31,44585
62,36,5,45,226232
58,37,3,56,207579
35,5,2,22,61299
65,33,5,58,227660
26,5,2,20,59856
31,4,5,46,104875
22,3,1,42,51247
62,8,5,33,119571
31,10,1,30,70280
32,7,5,24,102455
39,17,1,23,88413
33,1,1,32,38164
36,10,5,27,115241
52,3,2,44,69236
50,9,5,42,129304
51,11,1,46,91606
34,2,5,42,93027
40,18,4,43,140353
35,14,2,29,93315
29,5,4,60,101056
26,0,4,38,74896
50,1,4,41,86607
21,0,3,58,68342
25,4,4,40,85769
58,0,4,46,86578
53,5,1,24,60849
42,10,2,30,83559
65,47,1,28,210688
28,1,4,22,66006
24,0,4,21,67983
38,8,2,27,76255
26,4,3,51,81990
61,18,2,44,121963
58,7,1,36,66706
36,0,4,42,82500
45,23,1,41,125118
39,4,2,40,63677
35,4,2,52,78129
28,1,1,20,30284
26,8,1,36,59851
50,14,4,43,127803
43,16,4,38,130665
58,35,3,60,205699
43,10,1,42,77841
59,16,3,26,119806
25,6,1,39,63449
36,10,1,36,78290
65,1,1,26,44824
62,10,1,21,79171
65,8,4,33,108044
35,1,2,21,44852
45,22,1,56,127311
39,4,4,36,91844
31,5,3,40,81273
46,21,2,20,122775
45,20,1,54,123560
51,8,5,50,122110
44,21,4,42,155494
60,34,5,43,214949
51,12,4,44,124075
63,6,4,52,114047
53,26,1,39,141064
63,30,5,41,199590
29,6,5,21,101017
48,13,5,52,148641
42,10,5,20,113013
51,15,1,43,95100
38,5,3,30,79674
21,2,2,46,56127
44,15,4,51,137739
21,1,2,41,54574
46,19,5,46,166808
33,5,5,32,102458
45,14,1,30,84309
24,3,3,46,72374
34,9,5,42,121957
35,2,1,57,58638
28,5,2,39,72747
50,1,5,48,103037
49,4,1,25,55498
36,6,2,29,64203
25,3,5,50,101005
59,23,1,53,135286
62,25,2,32,144806
31,6,4,39,99433
50,1,4,48,87558
42,4,5,58,114897
31,4,1,52,55567
38,6,3,25,80310
55,9,2,31,85387
39,3,3,25,71092
59,30,2,55,177676
48,28,1,59,156020
63,20,3,29,135211
55,19,4,28,141617
35,4,5,25,97147
45,3,5,47,110819
64,44,3,28,219300
54,34,2,32,171472
50,18,3,30,123816
58,20,1,27,115727
57,16,3,21,121915
30,4,4,35,87280
57,1,3,54,81858
21,0,3,58,70128
31,5,1,50,67054
34,9,4,29,102543
31,0,5,52,90349
42,4,4,25,89004
53,28,3,22,159405
64,18,3,24,125692
54,21,5,30,167774
57,1,2,55,69547
33,0,2,27,45665
56,16,4,27,137140
59,37,4,28,207144
62,6,2,47,82330
65,28,5,59,204776
54,3,4,30,89238
38,12,2,37,97717
57,30,2,52,171655
55,37,2,29,179887
23,0,2,23,44101
40,4,5,24,100201
42,4,1,20,52274
26,1,3,54,69847
42,15,4,27,122823
32,8,4,20,90867
56,4,1,26,57764
42,17,5,57,161410
26,2,1,35,43776
45,5,3,31,80075
35,7,4,20,89692
47,19,1,39,115774
64,17,1,42,113287
35,2,5,54,102213
64,20,1,53,122247
46,13,3,49,118390
55,30,2,31,163285
52,27,1,39,141105
61,12,5,29,134626
32,8,1,41,73522
47,0,5,59,100083
39,5,2,43,71921
53,22,4,48,164496
35,11,3,59,109930
43,0,1,36,45322
32,10,3,57,106907
45,18,4,53,148008
58,28,2,20,143232
34,3,4,51,92299
64,2,1,45,61591
46,8,3,60,105970
55,14,2,49,109520
65,7,1,51,79319
45,13,4,20,116684
34,3,3,37,75664
32,7,1,22,50835
41,11,5,58,134579
34,12,5,28,127695
24,1,2,21,39663
49,19,4,43,152074
62,40,5,40,234773
32,13,2,22,93136
36,15,1,40,97355
21,0,1,57,49192
58,17,1,36,110171
23,4,3,28,67617
37,0,5,21,80732
44,9,3,49,100829
28,9,5,46,126189
51,5,5,56,122806
32,9,3,56,99420
44,21,5,38,165765
49,20,2,36,126013
45,6,2,58,84731
59,12,4,56,135182
29,9,1,48,70268
26,1,4,20,64621
60,5,1,23,59176
26,1,5,43,92599
50,11,3,30,108126
36,11,4,51,123842
27,3,5,33,94922
43,3,4,55,96877
36,12,4,47,127553
51,24,1,36,127158
48,2,5,45,99162
60,19,4,26,143567
63,8,2,28,83045
41,12,5,39,131233
36,9,2,59,95049
52,0,3,20,55393
34,1,2,47,57214
61,2,4,27,86985
26,3,5,51,106676
62,22,3,35,151039
58,6,4,31,97476
34,8,3,56,99255
60,23,3,23,146083
46,6,4,45,102429
41,15,3,35,120765
56,17,4,22,130704
52,25,2,49,152306
45,3,2,41,65618
63,4,1,30,55424
34,13,5,27,128049
46,0,2,34,55693
31,9,4,32,103257
51,21,5,57,180099
34,13,4,23,112920
48,9,3,21,94992
45,20,4,28,145538
48,9,2,49,90068
22,0,1,41,36676
22,0,4,23,63075
41,7,1,42,72577
22,1,1,49,44712
37,18,4,25,129449
57,17,1,54,113341
65,38,4,89,224661
55,23,1,40,131205
32,2,4,43,82217
57,30,3,57,183070
30,3,5,43,98622
49,4,2,34,69340
45,10,2,40,90850
41,3,5,51,102628
64,21,3,34,144636
53,4,2,40,69579
23,2,3,47,68196
34,9,2,58,94076
43,7,1,24,60459
65,24,1,52,140739
36,12,4,39,123073
29,5,5,41,101269
23,0,5,32,76910
21,1,2,24,40167
64,33,4,38,197778
63,16,5,30,144584
45,17,5,58,165519
27,2,3,46,72127
42,16,5,25,142275
28,5,3,38,81084
26,2,3,21,55053
33,2,5,22,83694
27,0,4,33,70136
60,35,3,58,199571
50,20,5,30,153708
30,9,4,35,108995
27,2,3,40,72312
58,21,3,49,147636
64,6,3,38,89646
63,21,1,57,127272
43,13,1,34,82345
65,14,3,57,127326
37,12,5,42,130480
43,8,2,60,96934
27,0,4,38,71382
52,8,2,44,93247
52,8,5,51,125796
57,31,4,34,185074
50,0,3,35,70002
36,5,3,58,92535
63,38,5,45,234478
54,7,4,28,103425
31,7,4,52,111428
53,34,1,42,170600
52,2,2,39,67134
37,3,5,60,114397
51,19,4,43,154502
54,11,3,20,96373
44,6,4,32,100495
44,12,3,49,112427
39,5,4,39,96344
34,12,4,48,125908
43,22,5,48,168075
59,7,3,29,87658
62,44,5,57,258345
44,12,3,37,112080
52,6,5,27,104900
22,0,2,44,49886
34,11,1,59,91011
54,1,4,58,93455
30,7,5,55,121070
31,9,1,39,67370
33,13,2,45,101719
60,13,4,60,141680
65,6,5,25,108400
57,28,3,41,171481
47,3,1,48,60059
34,0,4,24,66523
30,2,5,29,84497
55,5,5,50,116722
25,2,5,53,99586
52,17,3,53,138286
42,12,2,45,102279
60,34,2,58,184590
49,22,4,23,151346
23,3,3,28,66143
61,9,1,35,79946
53,23,5,23,168051
23,5,5,51,112796
60,34,5,24,209503
55,15,1,60,106240
57,12,3,51,117571
45,7,3,55,102644
64,12,3,34,117198
53,19,3,22,129444
27,3,4,40,81495
54,4,1,37,60056
61,27,3,59,176466
55,4,2,32,65729
49,11,5,47,130602
63,40,1,20,182659
41,19,5,60,163137
37,5,2,38,67032
62,36,2,42,192751
28,1,2,30,44975
48,29,1,60,156502
52,15,5,29,142963
27,5,1,22,45516
62,5,1,56,73604
53,16,4,48,140947
32,7,1,43,64707
35,6,1,37,57174
32,9,1,38,72619
64,12,2,53,110539
25,0,2,34,51074
21,1,2,37,55300
57,27,2,38,148584
38,9,1,51,80728
44,5,2,43,77850
45,8,5,30,117724
35,7,3,23,78242
63,29,3,46,180180
58,1,3,33,76788
62,14,3,27,116431
57,39,5,46,236949
23,0,5,27,80096
53,13,3,41,113651
58,33,1,21,153906
44,12,1,20,78705
25,2,3,32,69947
45,0,2,45,63324
59,31,4,56,203878
45,6,5,38,115973
21,1,3,42,65595
25,0,4,28,66569
23,0,3,28,55504
32,5,4,24,81384
64,37,3,25,193094
33,2,3,46,75509
64,28,5,59,206431
45,17,5,32,146752
39,7,2,25,70730
51,4,5,47,112158
42,5,2,53,83152
54,5,3,26,81019
49,9,2,34,89216
27,0,1,30,29249
58,2,4,39,90146
44,1,3,56,78025
51,27,4,25,167641
26,0,3,49,62194
50,7,1,41,70750
62,39,1,50,190871
58,5,4,23,92672
47,18,1,49,107350
63,11,4,30,123436
26,6,2,27,63335
47,2,4,55,95831
32,9,4,33,107079
40,10,2,43,87513
58,14,3,52,129726
53,17,4,37,137546
55,9,5,24,119293
36,3,3,43,82473
65,19,2,51,129583
42,7,5,33,115857
30,4,4,42,93204
45,1,3,29,63044
64,30,4,23,184748
50,8,3,36,96714
47,19,5,55,169337
39,8,1,20,57293
21,0,1,35,30253
36,6,3,21,74185
21,0,3,32,55351
36,6,2,54,80518
65,35,3,46,195827
64,44,1,45,206235
43,24,3,42,154740
30,4,2,28,61578
64,32,2,59,186652
39,9,2,51,87556
27,0,4,51,75739
28,0,1,30,38502
32,3,3,48,82813
53,11,4,30,120668
61,37,5,48,232236
31,6,4,32,96962
64,9,3,52,112388
22,0,5,57,90681
28,2,3,51,74609
62,2,5,26,98656
37,6,3,40,87011
59,21,2,38,133871
40,17,1,26,95279
56,18,4,21,133523
61,16,4,30,131531
43,13,2,23,91502
39,6,1,24,59725
45,15,1,39,98590
39,7,3,45,93273
55,31,2,54,170478
26,4,3,28,66560
63,29,5,21,185596
44,24,2,23,131497
59,38,3,45,209407
31,4,3,32,71211
23,4,5,54,109712
40,21,1,56,129139
61,27,4,39,175063
28,3,1,57,58575
24,0,2,23,44285
29,5,4,43,98636
35,10,2,35,88571
34,2,2,21,55094
47,20,1,24,104433
31,0,3,39,63489
53,1,4,29,80982
64,32,5,26,198153
53,17,4,30,139976
24,3,2,39,56562
58,26,3,30,162277
65,0,5,51,108182
36,12,1,43,86891
26,3,2,51,70596
36,15,2,50,109502
35,7,3,60,98111
44,3,5,50,110474
42,19,2,21,112793
54,6,3,46,97660
21,0,4,44,79288
63,21,2,43,137460
52,22,3,31,144308
50,8,3,41,97434
38,2,1,56,58259
60,23,4,35,167567
33,8,1,32,62915
60,18,2,50,127884
42,11,5,59,139650
25,2,5,47,97002
25,4,2,60,78790
36,7,1,49,71073
55,25,1,26,123818
23,2,1,24,35920
27,5,3,34,73360
28,6,1,60,72589
44,23,3,39,150919
41,1,4,55,94519
64,31,1,51,160164
59,16,5,32,143489
33,1,4,54,85607
57,7,4,50,108956
51,20,4,50,155700
30,10,5,30,120606
42,14,5,26,132531
31,6,4,55,99658
30,6,4,43,100273
36,2,5,36,99302
37,7,4,50,111066
61,4,3,54,95516
41,13,2,33,99187
22,1,5,44,87077
26,4,2,47,64444
29,4,1,24,40722
46,26,5,46,187943
49,6,4,29,99735
44,7,4,33,99531
37,9,5,60,132245
52,11,3,43,109950
64,38,3,20,199016
63,29,3,44,178499
48,9,4,44,110195
22,0,2,47,52817
64,19,5,20,152730
36,12,5,38,129433
43,6,5,23,101161
24,0,2,56,61282
23,1,1,55,48445
62,14,1,49,106947
35,1,2,51,58520
49,9,4,26,109699
35,3,2,37,63909
39,7,1,26,61127
51,17,2,55,124890
34,14,4,28,117013
60,39,5,50,233887
36,6,1,26,53255
43,15,4,24,125053
23,0,3,41,65886
34,0,1,35,38819
61,1,3,55,83590
35,8,3,29,90463
55,25,3,37,155309
43,15,4,56,144189
52,16,1,23,97192
21,0,5,35,79807
49,19,5,21,146070
59,15,4,33,134187
42,9,5,24,116155
62,20,2,46,132856
25,0,1,60,44711
61,23,2,28,135201
32,0,5,53,90354
60,2,5,26,92770
31,2,4,30,79313
32,5,1,50,61438
56,14,1,47,101918
23,0,3,29,58305
26,2,2,30,50819
28,5,5,20,89793
60,29,5,34,196542
41,12,4,54,132550
42,18,1,33,101915
51,23,4,56,168733
55,25,2,22,135941
54,18,1,48,115421
63,17,4,23,139054
28,4,1,52,57412
51,24,5,24,172461
39,11,2,20,86968
59,19,2,38,130284
43,6,1,48,72485
22,0,2,44,54868
37,3,5,45,101435
24,1,1,30,33839
28,2,3,27,67770
34,5,5,29,99795
22,0,3,27,51869
39,18,4,25,130379
31,9,1,23,64945
40,10,1,37,78081
50,1,5,47,102614
60,20,5,44,165261
24,1,4,35,79877
35,10,5,22,114447
50,23,4,26,155320
28,4,2,23,60592
43,13,1,52,99115
53,5,3,36,88994
44,7,1,34,60450
31,1,2,33,55856
30,7,3,47,94537
32,8,4,30,101466
33,4,5,22,97088
49,6,4,54,107459
37,1,2,37,52030
28,4,3,34,72620
57,29,1,48,152023
21,1,3,27,61840
56,1,2,23,55368
31,1,3,43,65444
49,15,1,22,90882
27,3,4,29,84783
51,5,3,30,83376
62,3,5,26,102019
50,21,2,20,120742
47,22,1,30,111834
26,7,2,55,77852
30,7,5,32,109085
25,3,3,25,62418
64,1,2,42,67469
61,32,1,20,146025
65,44,2,49,218607
59,15,1,26,96379
60,40,3,49,220050
51,13,5,23,126500
53,5,4,60,112168
25,1,1,32,42316
64,21,4,35,159762
56,5,4,45,106721
59,11,3,20,98521
64,14,2,43,114604
21,0,1,51,47123
48,5,4,44,101799
50,10,4,35,119089
38,11,4,22,103289
40,6,3,53,97112
33,2,5,52,97912
33,5,5,51,116084
40,15,1,36,97677
40,1,4,53,92518
59,1,1,47,57874
53,32,4,24,185482
64,18,1,57,119648
21,0,2,29,42999
35,13,3,27,103442
29,10,3,54,101896
58,25,2,55,156386
61,9,5,47,128626
51,18,4,54,154851
25,1,5,42,95525
55,21,3,36,147382
35,2,5,58,110014
46,3,2,44,65548
46,19,3,20,129672
26,4,2,55,67868
63,28,5,20,181322
25,1,5,38,88586
51,32,3,33,183490
37,6,1,20,56318
48,27,2,47,159975
27,0,3,24,56735
40,16,5,48,148879
32,3,3,49,80234
32,9,1,58,84022
22,2,4,36,81794
27,4,3,32,73719
32,4,3,25,71637
27,7,1,24,52474
61,8,4,33,108688
42,0,5,59,105616
31,0,5,58,97310
54,13,3,47,120283
33,11,4,27,104481
37,16,3,27,114627
28,1,1,48,42951
40,22,1,60,126401
38,3,4,51,94781
40,8,3,29,89173
65,35,1,39,168870
40,7,1,33,63859
36,14,4,20,116979
46,23,5,44,172153
62,31,4,46,199072
41,8,2,41,78942
61,35,4,47,207292
55,29,2,51,162025
59,21,2,34,133900
37,9,2,52,86378
30,1,3,34,62214
30,3,2,51,71970
51,8,4,39,104505
27,0,3,56,66472
42,15,3,45,123166
56,9,1,49,82580
60,28,3,49,177286
27,3,4,56,95478
47,17,1,47,108707
57,12,4,24,119860
32,7,2,57,87881
62,38,2,50,202514
51,15,5,21,138466
57,38,2,47,195240
42,4,4,41,96831
63,42,4,23,220164
38,4,2,40,66353
64,30,1,23,147997
35,9,2,20,79168
63,2,5,26,96058
57,11,4,38,116644
25,0,1,46,38452
35,11,4,27,112257
41,14,1,53,102627
52,24,4,24,161864
42,10,1,35,71947
56,11,2,46,102722
25,2,2,33,50757
63,38,1,53,193254
62,17,2,60,132467
38,4,1,53,61377
23,0,4,56,85033
27,6,3,27,80085
31,0,4,23,65410
45,22,1,46,127833
52,21,1,22,111205
27,7,3,24,82447
62,4,1,31,62500
46,11,2,59,104319
24,2,5,21,80681
58,28,3,21,165192
28,1,5,40,89093
25,0,3,57,74896
43,23,5,20,166567
32,11,4,38,110886
25,1,5,37,90780
60,29,3,33,172902
36,5,2,35,69934
58,29,5,20,186724
45,5,2,27,68957
29,5,5,48,110536
52,8,2,46,91432
53,11,4,22,112552
63,28,4,49,184367
35,4,5,28,99813
38,0,2,50,62776
56,34,3,50,194651
55,19,3,44,138593
46,0,5,40,92938
34,14,3,36,107415
35,11,2,25,82425
51,8,5,25,109764
41,5,5,24,104631
48,3,3,53,81797
57,30,2,45,170220
49,3,1,54,62446
44,11,1,59,92624
46,3,3,47,77636
60,6,5,27,110950
34,5,5,20,91641
40,3,2,35,65564
45,19,1,35,105272
41,12,5,52,139873
21,0,3,33,60314
64,40,1,23,178337
64,16,1,45,112849
33,10,5,29,116858
40,13,1,33,81907
31,13,2,41,93555
30,1,2,51,65391
27,5,2,57,75955
62,31,4,30,190526
50,1,5,39,94577
27,1,4,30,75530
43,1,1,28,36179
64,14,3,35,119932
53,20,4,40,147832
35,6,3,22,72588
40,5,2,37,67206
26,0,5,34,86084
24,1,1,35,40091
58,26,3,60,169621
38,18,5,47,152684
41,7,1,48,73216
43,3,1,45,59559
44,7,4,58,112288
26,0,2,49,51924
55,31,1,35,151753
54,26,4,29,165828
31,7,5,28,105089
63,1,1,29,50527
65,15,2,35,107524
61,3,3,25,75600
29,4,5,21,93480
48,21,2,23,122889
41,9,1,27,65999
35,12,2,28,85638
64,9,5,34,122182
25,0,2,21,39044
39,6,5,29,107731
64,18,2,22,118150
56,6,4,60,118946
32,7,1,49,64704
56,6,2,38,79468
43,8,4,25,101205
46,5,3,51,89954
59,1,5,52,108929
22,0,4,20,64688
38,10,2,35,82697
53,14,3,27,111084
56,6,5,22,105189
38,3,3,57,83101
47,9,3,58,110475
26,2,5,37,89440
23,2,3,23,57642
37,11,2,26,88931
24,1,3,27,63282
35,15,3,43,123092
54,4,5,56,120592
21,0,1,53,40713
43,14,4,48,132825
30,6,1,20,48060
48,7,4,37,101474
21,0,5,24,77860
44,6,4,56,106894
26,5,4,44,90260
50,12,4,53,131131
51,3,1,43,55653
54,25,1,41,133966
32,2,3,59,85772
25,6,2,39,75194
35,2,4,46,91365
48,16,4,43,141642
21,0,1,43,33730
41,1,4,51,83381
25,5,1,39,59119
34,13,3,45,107920
44,21,3,55,151955
65,38,2,49,197114
34,8,1,21,60698
28,2,5,28,88795
57,32,3,31,179958
32,0,2,40,52933
28,4,1,59,59269
28,0,5,37,83971
31,13,3,59,117976
30,1,4,36,80217
50,16,2,57,122752
52,20,2,37,128586
52,23,1,41,124557
64,34,4,45,211002
54,24,1,54,138513
30,3,5,41,102513
58,34,5,26,209339
33,13,1,43,84454
60,21,3,52,155551
21,3,1,60,54432
51,27,2,31,146160
25,1,1,29,38517
50,27,4,47,175979
50,2,1,20,45303
42,18,4,31,135107
61,26,5,47,193090
63,11,2,51,107717
49,23,5,26,166986
41,13,4,37,119994
21,0,2,54,54053
42,3,2,57,77824
21,0,5,49,88725
44,10,4,54,123402
27,4,3,35,78356
57,15,1,24,92488
41,10,1,29,69754
50,0,4,30,77561
31,7,1,33,62747
35,8,4,23,93363
60,17,3,20,118157
38,8,2,29,78225
36,10,1,55,79396
59,0,3,35,74227
39,6,1,55,71951
25,4,4,58,95415
44,18,1,47,108359
51,9,3,51,107135
52,3,1,55,66195
24,1,3,47,72877
38,16,5,44,145719
31,9,1,43,71830
54,27,2,24,148439
50,5,1,31,55115
28,4,1,57,58431
65,1,1,50,57278
34,2,4,49,86779
27,5,4,44,95977
75,15,1,40,98040
58,0,2,26,56694
65,7,3,47,99365
21,0,2,35,49852
63,20,2,38,126961
62,9,4,32,109056
48,14,5,48,142395
30,4,2,20,51194
29,3,3,50,81289
51,21,2,28,124301
27,0,3,21,58049
52,0,3,25,65311
44,13,5,54,146234
63,30,1,22,148714
46,5,5,35,107248
46,12,1,32,85278
32,2,4,41,85545
23,2,2,46,63323
41,0,5,43,96903
23,1,5,38,84970
29,4,5,60,107652
64,22,2,38,138987
50,29,3,43,174998
44,24,2,28,137146
55,27,4,48,179874
39,6,2,22,66570
53,13,1,33,91308
46,22,1,42,118037
41,11,5,33,121303
40,16,1,41,98172
29,4,3,24,68195
57,33,1,39,163730
41,2,1,24,40932
40,16,4,44,140841
38,4,1,35,55631
30,0,5,39,86844
38,20,1,45,115552
56,28,2,34,154812
26,2,3,55,72563
32,1,5,29,87961
25,0,4,49,77907
47,19,4,34,144535
50,12,3,50,112499
60,22,1,20,118639
50,14,1,60,105947
55,20,1,42,122857
63,27,3,51,172339
26,2,4,42,83356
32,3,3,27,73146
40,16,2,53,116437
26,4,1,29,42210
56,2,1,41,51148
23,0,4,42,76669
47,13,3,28,104938
39,7,1,23,56632
39,10,1,21,70168
47,4,4,33,94245
56,18,3,21,123854
46,11,5,40,128066
39,3,2,53,70122
57,10,4,33,116811
30,4,2,24,62064
41,5,4,36,92897
39,10,1,46,78977
61,31,5,29,200425
34,5,1,54,65005
22,0,3,55,66683
24,3,1,40,52245
64,0,3,35,69441
52,12,2,30,95042
53,1,1,43,50855
41,17,4,20,131541
58,0,2,22,52979
62,6,4,49,109346
58,15,3,59,131142
26,3,4,57,93248
28,10,4,33,111383
40,8,1,27,60953
22,1,5,40,87416
34,1,3,56,73067
21,0,2,53,53278
30,8,1,36,62713
48,4,1,38,61934
46,17,1,59,108866
55,29,4,20,177395
64,23,1,29,121087
33,7,3,60,100746
57,10,2,57,108025
60,1,2,44,70751
65,34,1,28,161422
29,4,4,55,97043
59,9,3,42,109078
41,19,1,40,110291
51,25,1,44,131290
54,22,4,46,159643
26,1,4,22,66299
51,24,2,43,145335
42,21,5,36,167795
61,22,4,39,161944
62,12,2,20,95743
62,19,4,30,141869
60,25,3,43,161235
21,1,3,51,69220
47,10,1,44,86216
35,6,3,42,90260
58,24,1,58,142365
22,0,1,30,35470
51,16,2,20,107879
36,15,4,22,116038
28,1,1,27,32398
36,10,2,47,92090
30,2,2,27,50754
21,0,2,37,44881
32,0,4,59,84032
23,2,3,22,63672
39,9,1,25,64701
62,33,4,35,202482
64,33,5,41,212854
47,18,5,51,159545
51,31,3,25,173027
55,12,2,21,88086
56,11,5,22,126851
25,1,3,48,68219
45,16,1,30,99051
22,3,2,33,59065
35,4,4,32,82918
39,7,3,36,87483
40,9,3,38,97437
43,16,4,22,121841
60,35,3,45,201409
53,20,3,28,137476
46,16,4,35,136832
56,31,3,43,186205
26,2,2,30,56353
45,13,3,32,114615
41,9,2,46,92518
41,15,4,28,127127
23,0,3,42,61041
55,24,4,51,171089
31,9,1,51,73574
49,11,3,46,106210
23,3,2,43,63081
51,29,5,39,193339
41,0,4,33,77635
56,16,3,40,128997
32,4,2,59,75776
52,13,4,20,117663
34,7,2,50,85298
53,19,2,31,120808
65,29,5,47,204416
29,6,3,46,89244
63,5,3,48,96300
37,7,3,55,101438
29,5,3,53,89570
53,17,4,52,143271
36,3,4,25,78351
42,6,3,53,94450
26,0,4,40,77836
41,2,2,22,53942
50,21,1,52,127716
26,3,3,30,70111
31,8,4,50,105827
22,0,2,35,50796
26,0,2,25,42683
33,9,4,33,107809
37,3,3,51,84438
62,22,3,33,142808
64,24,1,23,121810
56,8,1,44,77007
32,12,2,43,99259
40,11,1,20,67017
55,16,5,26,149028
22,0,2,24,43440
27,2,5,40,95949
23,1,4,56,88468
27,6,5,24,104497
29,1,1,46,48502
56,2,2,20,60883
54,0,1,36,48918
60,24,1,20,119172
29,5,2,56,80055
46,27,4,49,179735
30,1,1,22,31420
50,7,3,48,100282
33,4,3,33,75671
58,10,3,45,108086
24,1,2,47,59628
48,27,4,46,177080
21,0,5,46,92184
43,11,3,53,112106
61,18,4,26,137319
65,31,5,29,200847
52,21,1,34,114963
23,1,2,39,49782
55,24,3,22,143353
52,31,1,42,153888
27,0,3,39,62308
23,0,2,60,58027
36,8,1,32,63342
35,13,3,25,103682
32,4,4,29,88833
38,5,5,34,100347
53,12,1,38,83749
50,14,3,55,124530
42,16,1,41,104430
35,4,3,25,70805
64,30,5,50,212111
29,5,4,45,97481
42,11,3,42,108068
52,13,4,41,130220
63,5,4,52,105329
38,7,2,55,81131
50,19,2,21,117953
63,36,2,26,182047
62,0,3,46,78077
60,4,3,54,93613
42,6,2,38,76845
22,1,1,45,39939
64,16,4,29,140090
61,1,1,37,48303
47,12,2,53,102043
21,0,4,55,82972
29,0,4,48,83459
48,24,3,37,146655
65,0,5,37,97405
36,12,2,50,102709
39,3,2,52,67629
55,25,1,57,141323
21,2,3,60,80473
43,17,2,59,120664
23,4,2,24,56366
24,0,4,34,73552
31,6,5,27,105441
25,2,2,36,56105
41,9,5,56,130968
29,8,1,29,63738
31,3,1,26,48243
63,14,2,41,114114
27,1,4,39,76762
27,4,1,46,59353
47,10,4,45,120896
37,2,1,55,57100
40,16,4,41,131283
51,1,3,27,71578
30,7,4,30,99198
59,34,3,28,183787
44,5,1,51,66005
65,25,4,51,181418
35,4,5,37,98439
46,6,3,29,82019
45,21,1,58,129267
58,8,2,28,81420
29,6,2,52,77309
46,17,2,33,114298
45,4,4,33,88038
59,32,4,52,206721
65,8,1,28,71225
64,29,5,30,196711
26,4,4,31,81636
47,27,3,22,149640
52,34,4,39,203986
38,2,2,54,67609
63,24,5,28,173141
30,9,4,46,106573
27,6,5,35,100538
34,8,2,47,87721
22,3,3,26,69280
43,17,3,33,125344
62,25,2,59,161372
23,0,4,25,63914
42,18,5,26,151136
64,26,2,26,144530
63,7,2,58,91562
39,8,1,26,59615
32,8,4,49,110004
22,2,3,37,68476
32,3,1,21,36585
46,18,4,60,149378
42,20,4,26,141157
36,10,5,45,127128
38,8,2,29,72616
48,16,4,39,139256
42,7,4,23,99205
25,1,3,59,71028
47,17,3,47,135216
54,0,5,41,96359
35,1,4,49,87374
21,0,4,54,84924
46,21,4,35,156145
63,18,3,25,126127
28,0,2,39,53671
32,3,5,34,95727
60,29,2,54,170271
37,0,4,44,83919
37,5,1,56,68891
31,5,5,53,107232
26,0,2,44,51140
49,15,2,57,122433
28,1,2,54,59633
51,27,5,42,191170
22,1,1,29,34012
46,24,2,20,129360
25,1,4,21,63808
58,27,5,32,185984
42,21,5,48,168344
32,1,5,50,100599
34,5,5,42,102879
57,22,1,22,120613
32,9,1,58,79207
49,0,4,33,74217
46,8,3,49,103050
47,9,5,25,115773
21,0,5,26,73696
38,6,2,26,69222
35,3,1,50,52642
64,2,1,32,49361
52,12,2,29,99691
26,1,1,56,49852
38,9,1,31,69386
36,7,4,35,95049
35,15,2,22,101049
56,6,3,23,81797
60,13,3,60,128212
52,1,4,25,77847
44,13,5,49,143785
43,9,4,37,111433
40,11,4,43,116507
31,3,3,33,68839
44,24,3,59,165091
49,13,5,48,144709
40,10,1,59,88424
57,6,4,81,111267
23,2,4,40,80564
46,13,3,36,112266
29,1,5,33,87806
46,4,5,47,113605
59,11,1,44,83973
43,5,4,23,92806
45,12,3,59,115397
31,9,1,33,71235
50,25,1,41,131186
27,8,3,45,92503
45,1,1,52,54095
65,39,5,22,227841
23,1,1,22,29279
43,5,5,60,117093
44,3,4,49,90316
50,21,2,44,131828
39,14,2,30,102730
39,3,4,59,100135
32,12,3,52,114592
90,2,4,54,83985
60,42,4,43,234129
23,1,3,58,70435
44,0,3,42,65006
58,6,1,30,66465
32,0,3,46,65693
23,0,3,47,68111
29,4,5,41,104379
64,3,5,33,108358
28,0,2,48,52928
26,3,1,26,45133
64,8,4,30,108577
43,9,5,45,127448
25,0,4,56,79898
44,10,3,57,111855
51,24,5,46,185419
54,20,1,22,110502
37,16,1,24,85528
76,17,3,58,135164
60,18,3,60,150637
24,1,4,33,74829
21,1,5,50,96322
22,0,5,51,86064
24,5,3,31,79668
35,11,2,56,102490
63,25,1,45,135131
52,21,3,55,153836
25,4,4,32,80222
60,7,3,39,100008
34,8,3,31,84399
62,35,4,33,205910
33,9,2,42,82655
46,11,1,28,79485
65,12,1,51,98254
47,8,1,22,63616
25,7,4,33,90713
43,14,4,54,131896
29,6,1,51,61015
31,9,2,38,83522
44,7,1,24,62758
45,11,5,41,127841
42,12,5,40,128785
30,4,3,57,90991
39,6,1,51,70638
47,1,5,46,102414
24,0,2,22,45408
54,35,1,53,173783
64,0,1,57,62465
42,10,1,56,83527
25,0,2,52,53582
54,20,5,29,163305
45,12,2,42,99853
38,7,3,52,100230
24,4,5,33,92105
32,11,4,57,119303
51,24,3,47,159039
40,18,4,54,153464
26,3,2,55,72588
38,10,3,58,113886
21,0,1,51,44107
34,1,4,45,87028
22,0,5,22,76866
64,24,2,53,151457
22,0,5,52,86800
41,10,4,47,117657
38,14,5,27,132067
24,2,4,52,87647
49,0,5,39,96611
22,0,5,37,78800
43,19,2,24,117756
28,2,3,55,79071
50,7,1,45,70206
42,17,2,60,127594
33,1,1,60,55362
30,1,1,57,47498
43,0,3,51,75248
27,2,5,30,90602
32,2,2,35,51943
21,1,5,26,77911
36,6,3,45,89219
49,23,1,21,116006
29,3,3,40,73314
38,13,5,24,129840
41,10,1,51,83207
63,21,2,58,143869
49,22,1,27,117908
29,6,2,55,83044
55,8,4,21,104412
21,1,3,20,59413
60,29,2,41,167526
21,0,2,54,53868
38,8,5,39,120100
21,0,4,26,67534
51,5,2,46,80061
25,7,5,41,112316
28,10,5,55,126578
27,1,5,52,91496
28,1,1,54,45190
31,4,3,51,80869
41,6,4,26,95246
56,13,2,24,93231
27,1,4,60,92700
52,17,3,30,127812
42,1,5,56,102447
30,4,1,29,46423
21,1,2,26,49253
59,24,4,46,166476
21,2,1,36,42841
49,8,2,50,91799
24,0,1,37,35818
24,0,3,22,53853
35,5,5,23,95876
63,34,3,46,200262
64,34,5,30,214936
46,5,5,36,106642
64,7,4,51,114078
55,2,5,22,97508
22,0,2,49,52814
49,1,4,35,85898
36,15,2,21,99787
25,3,3,55,82359
43,2,3,35,68450
42,18,4,59,147277
60,12,1,52,93663
39,2,1,46,53668
62,7,1,60,82143
21,0,1,25,28885
33,6,2,57,79142
27,2,5,23,84388
44,3,2,51,73845
58,7,4,40,111340
59,8,5,39,127589
45,0,1,41,49369
60,27,5,57,203345
32,9,1,42,71855
44,14,4,26,120104
21,0,3,55,65154
64,37,2,26,184731
57,21,1,31,116781
36,3,3,35,73607
54,33,1,49,169517
38,9,2,36,85802
49,22,3,24,140103
39,8,1,25,60784
33,2,3,51,74812
44,2,2,21,55308
49,13,2,32,103549
40,10,2,51,93345
40,17,4,47,143614
40,17,4,35,140342
44,26,3,45,156695
40,6,1,27,60046
62,39,4,38,218747
63,31,2,37,170767
25,2,5,39,90729
59,30,5,48,207852
29,3,5,22,88479
44,12,4,51,129774
51,18,3,31,130703
61,34,1,45,168400
55,21,2,34,125360
23,1,2,54,64187
52,23,4,37,162358
29,0,3,51,65370
43,18,1,47,106074
32,0,4,24,71355
26,3,5,28,86310
32,6,3,43,90673
28,0,2,37,47748
57,14,1,48,101859
49,11,1,35,83677
27,0,4,55,86296
23,4,3,36,77314
22,2,5,34,89426
46,12,4,50,128316
47,4,2,39,73401
43,1,1,24,41834
48,16,4,50,145703
48,2,1,36,50598
39,13,3,55,122672
53,29,3,43,176049
21,0,4,24,67433
50,15,3,55,133487
34,5,4,27,89301
49,21,1,40,119592
37,6,1,37,64181
43,20,5,25,157079
59,27,4,26,167717
56,24,3,41,154991
21,0,1,44,40349
44,6,4,40,99724
29,8,4,54,107442
32,4,5,26,97485
52,26,5,56,194457
32,2,2,52,67373
36,13,4,51,130998
52,25,4,60,184367
31,1,5,34,89860
37,12,3,25,101412
33,6,2,60,82152
21,2,5,57,97460
42,11,2,44,91957
33,9,5,23,115942
48,20,4,38,145981
32,11,2,22,79739
21,1,1,54,49448
59,17,5,34,157098
62,15,4,45,143235
51,12,5,33,135238
40,11,1,35,76523
62,5,5,58,123907
21,0,4,27,65879
25,7,1,58,70313
47,23,4,49,163955
38,5,3,57,88042
29,1,5,39,91923
35,11,1,37,79392
63,6,2,22,70821
47,14,5,33,134720
50,27,3,35,159570
22,0,3,33,61854
34,2,3,39,67542
23,0,4,50,77731
61,10,1,25,79689
58,20,5,39,168038
48,4,5,44,104986
25,1,2,21,46545
34,16,4,46,134644
27,3,3,47,80276
55,5,5,30,109742
48,29,2,59,170554
39,9,2,21,77671
61,32,3,37,179515
64,21,2,32,134959
21,1,5,37,91738
41,14,5,47,142716
29,4,5,53,112512
61,33,4,32,195367
64,38,3,34,208743
50,4,2,22,59001
63,8,1,45,83543
23,2,5,21,81255
33,8,5,53,124041
55,10,2,22,85981
63,17,2,46,123300
36,15,1,53,100834
21,0,3,31,56676
30,8,1,38,67811
30,1,3,46,69790
41,2,4,33,86792
52,16,4,25,130692
41,12,1,26,75520
27,6,1,34,58037
24,0,4,23,60805
45,0,1,52,53091
65,7,2,20,80170
35,0,1,34,39967
31,3,3,25,65083
34,0,2,34,54476
25,2,2,30,55753
59,19,5,26,154293
46,16,3,22,113067
52,6,1,40,71495
58,29,4,27,178233
40,3,4,53,95123
49,1,4,37,85905
59,2,4,25,78993
25,4,4,21,74344
38,11,4,60,125119
59,4,1,50,67291
34,6,4,29,88245
58,5,2,57,83002
48,3,4,55,99405
37,15,4,49,136312
62,42,5,23,234726
52,10,5,50,132194
55,37,5,34,219540
23,0,5,41,82536
48,7,4,34,101422
28,8,1,28,62467
32,13,5,60,143689
56,10,1,52,84937
43,25,4,51,174845
65,27,2,54,165515
65,41,5,44,240168
31,1,1,38,43354
63,19,5,57,176641
44,18,1,55,109517
57,26,1,53,140522
25,2,5,45,100644
50,22,1,38,124535
49,5,1,50,71431
60,32,2,30,171426
45,8,1,31,66633
55,28,4,22,167216
52,31,4,43,191766
44,3,4,23,80921
44,8,2,39,79629
34,2,5,42,98338
48,10,1,38,75794
22,0,2,20,36195
35,12,5,24,125820
50,19,5,48,167898
47,18,3,23,126334
63,2,1,57,65910
62,37,1,33,176456
56,25,2,42,145144
34,11,5,49,127935
45,10,2,46,90418
25,2,2,30,48653
28,5,5,35,100630
21,0,5,23,77830
22,0,4,42,73808
28,4,3,51,80393
44,2,5,47,98693
23,0,2,58,55396
23,1,3,47,67791
58,9,1,35,74287
57,4,2,45,73894
52,11,3,40,111189
44,5,1,42,59036
52,34,4,40,205757
57,29,4,56,188940
42,8,1,31,69018
65,37,1,36,181915
42,12,1,47,92794
57,4,5,55,119724
35,3,1,40,51259
22,2,4,40,78914
26,0,3,57,66293
45,4,2,20,64074
24,2,2,52,67354
30,10,3,34,100306
39,11,3,28,100597
63,3,3,33,76534
30,2,1,24,43049
35,3,3,24,62949
27,4,1,23,39731
58,28,3,58,180314
41,11,4,39,115170
36,4,3,31,70052
49,27,3,58,169226
64,25,4,41,172792
41,12,3,56,116460
53,18,5,44,159194
56,17,1,21,99695
41,16,5,38,142073
43,22,1,28,118314
30,12,5,20,116442
49,11,5,24,128143
41,20,3,23,132392
26,3,1,53,54771
25,4,3,29,66596
23,3,5,31,94090
48,7,1,28,66007
65,3,1,31,58464
47,17,1,20,95281
23,0,1,34,36780
57,26,1,45,146083
29,6,1,60,71562
21,1,5,53,93360
43,23,4,42,163226
28,0,3,59,70290
28,3,2,24,51781
60,31,5,53,208901
62,35,5,55,225296
46,13,5,41,139862
37,11,4,49,116022
61,7,3,24,91534
22,0,2,52,58215
23,2,2,23,48538
65,23,1,51,134860
25,0,4,34,73065
61,32,1,33,160320
27,3,1,53,57629
63,8,3,45,99427
48,9,5,28,114985
28,3,2,41,63102
52,26,2,24,137798
30,9,1,51,72557
61,8,4,28,109505
22,0,5,32,83814
61,23,2,34,138084
28,8,2,48,80531
44,15,3,37,114057
42,15,3,55,130960
37,7,1,58,71461
54,2,3,42,74476
55,26,1,27,133313
55,27,3,25,159208
56,3,5,47,104549
39,6,3,23,79614
50,12,3,53,119617
54,20,3,37,138489
23,0,1,28,31959
43,16,3,59,132062
44,2,4,56,97346
34,0,5,38,89724
38,10,3,50,108520
25,6,4,23,82298
57,20,3,48,146667
23,2,5,28,83420
46,10,5,45,130830
25,5,1,42,59476
47,8,4,20,97794
62,9,1,26,71632
36,10,4,21,106587
41,16,5,22,139472
41,3,3,35,79177
28,6,2,20,61119
27,4,3,25,69605
50,27,1,53,143685
37,11,5,36,124441
34,5,2,84,76763
36,11,3,59,114008
26,4,5,29,94546
34,7,2,57,81680
30,5,2,47,77471
61,19,1,49,121661
65,10,2,43,102462
63,10,4,29,117854
55,28,3,56,179337
32,2,2,54,70738
40,11,2,49,99187
61,7,1,25,70907
59,7,4,24,97151
55,1,1,24,42466
48,2,1,36,53607
52,5,5,35,109956
23,2,3,25,60998
54,0,3,28,66247
65,10,3,51,109725
22,0,4,28,65994
31,0,4,28,67854
25,0,3,41,63510
50,20,4,43,151462
56,23,1,21,117278
24,2,2,27,45526
26,3,5,47,100420
47,0,2,43,59470
31,5,1,29,48294
44,23,2,60,146123
65,29,3,20,163636
33,14,5,56,142759
63,10,3,51,111880
28,5,2,42,67125
56,35,3,49,200114
41,5,1,60,73933
50,28,5,59,198895
28,10,3,36,100020
57,18,1,59,115747
30,1,3,24,62124
61,9,2,27,84395
41,0,4,28,68893
25,0,2,56,57233
47,18,5,25,145859
62,0,5,48,98861
49,12,1,50,93273
33,7,5,20,106588
31,2,1,24,43031
46,20,1,49,117656
61,22,4,43,163261
37,6,2,32,65981
24,2,1,33,38648
54,15,3,37,117517
41,1,1,28,39572
62,38,2,35,193449
28,1,2,53,56297
21,0,3,28,55762
31,2,5,45,101441
65,37,5,33,227484
35,7,5,29,110886
57,11,2,25,95785
60,14,5,37,147948
56,31,5,37,202805
60,12,5,57,149569
64,20,5,34,163746
34,0,3,49,64839
29,1,5,49,98545
36,15,4,46,132172
55,33,4,60,212969
51,20,5,60,172138
53,30,4,35,185239
23,4,2,35,60330
60,24,1,60,137786
28,4,4,35,85587
32,1,1,55,46839
44,8,1,45,72347
48,26,5,43,183300
33,11,5,37,121975
37,5,4,57,108568
31,9,5,23,115110
44,1,4,52,86794
45,3,2,54,69878
38,3,5,50,110577
24,2,3,41,73504
48,4,3,57,87160
22,3,4,52,90926
36,12,5,31,124969
41,6,3,21,76715
34,6,1,36,60479
26,1,4,23,73804
34,11,5,51,131179
39,18,4,60,147241
31,1,2,38,58839
56,9,5,41,126469
45,12,3,29,101830
48,16,2,40,113713
29,0,5,36,85117
55,2,4,41,86618
64,24,2,53,152669
28,3,4,59,96416
61,37,3,28,192559
53,24,4,22,159831
37,0,2,28,43043
64,13,4,57,137541
49,7,5,28,113475
35,11,2,37,93879
40,1,4,23,74741
62,34,4,20,191061
40,8,1,53,75028
25,2,3,46,76564
32,2,1,38,43048
31,11,2,58,103720
30,5,2,43,67824
24,0,2,25,45362
23,2,2,37,52153
22,1,4,56,83311
45,24,4,43,167337
60,37,2,33,188514
36,3,1,28,42989
50,21,4,47,154693
53,28,4,22,174860
58,5,1,60,78835
33,13,3,47,118175
34,15,3,36,120158
63,0,1,45,51816
36,5,1,31,58822
46,2,5,43,100864
30,5,3,28,72400
23,1,3,55,73014
64,39,2,57,210816
65,25,2,40,152309
57,29,4,34,179008
45,27,3,30,157419
36,1,1,25,37841
25,6,5,57,112627
38,14,4,42,127975
60,14,5,40,145710
51,17,5,29,147976
36,13,1,22,74330
62,11,3,39,106627
50,30,5,59,207759
30,2,3,27,62542
65,13,5,44,147287
40,1,1,36,48015
23,1,2,29,48764
28,7,4,33,96237
65,27,1,46,147576
54,21,5,21,159535
25,2,3,41,69938
51,9,2,59,98227
56,32,1,26,155866
42,6,4,60,109163
30,11,1,23,68682
51,19,1,55,122392
58,31,2,28,162352
23,0,5,34,82872
62,0,1,58,56670
56,12,5,32,129207
29,3,3,30,65634
37,5,1,47,58216
57,14,4,49,141659
49,21,1,56,125512
32,0,5,45,92740
59,17,5,45,153801
52,3,4,38,90439
53,19,5,33,158071
49,9,5,22,114692
45,9,1,60,86625
59,21,5,31,165391
53,13,5,25,135311
31,5,4,30,87731
28,1,3,41,68202
53,10,4,53,128209
37,9,5,58,133991
32,10,1,29,68739
63,25,3,22,152210
35,3,2,32,60540
52,2,2,23,57766
65,24,3,60,172766
27,1,3,49,70650
27,1,4,38,72824
40,9,5,47,126340
42,5,3,60,89924
31,7,4,58,114062
52,1,5,36,98845
51,2,2,29,55347
63,14,1,39,96482
64,30,5,42,205783
43,7,2,47,85593
61,35,5,31,216228
33,0,5,38,84738
37,0,1,56,47655
54,12,1,27,81892
28,4,2,49,69500
36,11,2,53,95804
46,7,1,28,66191
36,14,2,59,115351
24,0,2,33,43118
44,17,3,51,128787
36,2,1,27,46406
48,17,4,39,139125
61,4,2,47,75054
21,0,3,28,58850
54,18,3,24,123987
34,4,5,58,116790
38,0,5,34,86266
47,12,4,54,125340
65,20,3,33,141064
62,34,5,59,225994
65,35,3,23,189864
55,2,4,48,96967
31,10,5,27,115916
47,4,2,36,69885
25,4,4,33,80317
34,6,2,56,80088
38,11,4,30,112665
45,14,5,52,151907
26,4,2,51,67795
31,12,2,47,97491
25,2,2,90,67632
45,20,4,57,154867
25,4,1,22,41621
28,4,5,44,102526
38,5,3,60,90330
31,2,3,32,63333
50,18,4,42,146860
35,15,3,25,107447
57,7,1,53,79785
34,7,4,39,96428
54,13,3,26,110286
50,13,1,48,90619
25,0,3,31,53333
28,4,1,59,59651
48,20,1,38,109372
24,2,3,46,74600
61,28,3,23,160835
54,29,3,50,181669
50,5,4,46,99426
50,4,2,46,77994
59,21,4,57,166927
23,0,3,46,66722
59,6,1,21,55690
37,9,4,48,108772
37,13,4,42,125902
24,1,3,53,72122
48,9,4,52,122942
49,19,1,38,113498
50,10,4,33,111053
42,11,2,32,90836
32,12,3,27,96459
42,2,3,37,73553
23,0,5,35,80066
53,17,5,54,163593
30,5,5,42,110255
55,5,2,56,85113
31,7,1,46,70144
30,4,1,39,55508
63,29,5,55,208288
52,13,2,24,100099
28,0,3,54,70443
25,6,1,52,63510
27,3,4,41,88938
61,25,2,43,148938
36,12,5,25,127609
52,4,5,36,110885
32,0,5,46,96175
39,18,3,23,118663
40,13,2,30,98649
29,9,5,24,111286
60,38,2,51,195588
29,0,4,36,74611
40,18,3,28,126553
48,27,2,34,144166
23,2,4,32,76088
48,8,3,54,106440
65,6,2,51,84509
27,2,5,60,106445
65,29,3,25,167915
36,5,3,39,81299
22,2,1,37,39622
28,0,2,47,55689
49,18,2,56,125795
30,0,3,34,57646
21,0,5,28,76337
33,12,4,42,122949
25,6,5,58,119458
32,8,1,37,71412
22,1,5,24,77844
60,17,3,25,127635
37,12,2,35,92340
30,10,2,39,89189
46,13,5,33,136310
29,6,1,49,60505
33,3,2,35,56450
42,11,2,54,101346
51,30,2,49,162694
65,34,3,22,185076
44,13,1,21,79773
33,4,3,49,79420
36,0,5,27,79977
49,29,1,33,139401
57,20,2,24,125606
39,9,1,20,66336
60,20,3,40,146779
51,3,2,42,70412
52,2,1,52,63932
53,19,1,41,111209
56,33,1,42,168082
24,1,3,56,69413
38,9,1,33,74777
59,17,1,26,103860
32,12,4,20,109210
50,23,1,54,131161
23,0,2,35,50929
55,34,3,55,196736
33,11,1,32,75001
54,1,4,48,88805
56,15,2,57,116166
29,8,1,57,78367
60,3,5,46,107498
42,14,1,21,80523
64,39,5,27,232715
44,3,5,44,106948
48,2,2,37,63422
62,17,3,56,136188
47,27,1,28,130474
61,5,5,46,118038
22,0,2,31,46106
38,13,2,44,99812
24,0,5,58,90978
43,6,1,51,69854
56,1,3,38,71097
51,15,4,60,144043
39,0,2,26,52378
46,6,2,31,76471
23,0,3,28,57487
39,12,2,22,91140
37,13,2,33,97717
22,0,1,30,31396
55,14,4,38,128844
62,15,3,46,132963
38,3,1,38,55864
45,23,5,52,181443
47,17,3,20,117614
34,13,3,60,116977
47,14,4,53,138036
32,2,3,53,77400
38,17,5,27,145400
34,2,3,44,74385
40,16,5,20,140786
24,0,2,50,53313
63,31,3,22,177220
55,3,4,33,86340
26,8,3,45,96598
56,26,1,49,144514
38,1,5,52,95555
22,0,5,29,79572
52,31,5,46,206411
54,14,1,21,89964
45,11,3,39,106620
23,1,2,43,55533
59,25,1,22,129258
41,17,2,58,127310
56,28,2,45,159466
53,27,4,41,176172
45,2,2,27,51960
31,0,2,27,40744
53,4,4,55,104586
27,1,4,57,83630
44,8,1,56,78605
44,15,3,21,108240
40,5,4,57,102910
50,25,4,47,169359
58,20,4,56,158612
36,4,5,57,107555
49,4,1,22,49373
33,7,2,20,62822
55,24,3,60,169518
44,17,1,52,112716
50,5,1,38,58707
25,0,4,38,77591
41,0,1,56,52168
26,4,4,30,81173
26,1,4,30,70585
43,19,2,40,117959
65,15,4,47,145502
23,1,2,72,40140
28,8,4,20,95481
32,9,5,58,124698
80,34,4,35,195360
27,4,5,54,112170
31,1,2,22,42134
65,39,1,57,192016
44,9,1,29,67939
60,39,4,51,224776
21,0,5,51,92134
45,4,5,25,101683
47,13,1,44,96968
33,13,4,38,122092
59,1,4,23,75406
44,7,5,45,118778
57,27,3,29,160273
56,3,4,40,98561
59,18,1,33,111284
37,3,4,42,93676
49,6,5,27,104383
48,3,1,37,55056
42,18,1,25,100639
30,8,2,39,75387
28,1,3,22,57653
55,4,5,53,120280
63,36,3,20,191318
30,8,4,46,108524
21,0,2,56,59771
36,6,1,57,67381
26,1,2,46,61244
37,17,2,35,108725
43,17,2,50,118316
65,1,3,35,74707
22,2,1,33,37330
22,0,3,44,62435
65,15,3,50,133832
38,4,4,41,88796
57,7,3,36,92446
56,24,2,42,141253
45,7,5,40,120634
49,21,1,53,126998
53,32,5,27,204758
34,8,3,56,97576
25,2,4,54,84513
55,22,2,56,146601
53,5,2,60,89279
38,14,1,46,98042
44,3,4,43,87419
62,19,2,46,130106
32,6,5,49,115102
57,18,4,50,146912
23,1,5,57,96132
62,29,1,34,152108
61,11,3,42,108610
43,23,3,28,143581
40,9,1,31,69270
49,23,3,20,142324
55,24,3,45,155357
26,4,2,53,67993
50,16,5,40,147920
46,12,2,51,104907
62,17,1,42,105446
42,4,2,51,77880
28,3,1,20,35069
55,19,4,43,156032
26,6,1,33,53837
39,21,4,46,158911
25,1,4,34,74469
36,17,2,26,103065
42,10,5,43,124986
57,37,4,58,224884
36,14,1,43,90944
36,11,2,31,83950
33,11,2,60,105734
52,4,2,55,82268
39,6,1,24,59159
45,9,5,37,125636
59,15,4,21,127166
48,20,1,47,121516
48,25,2,53,153711
55,36,5,60,230616
31,3,1,34,49645
61,9,1,35,75797
63,0,3,36,70035
62,10,1,56,95597
46,4,4,58,100747
31,9,1,53,79721
52,12,3,57,124398
57,6,2,45,85253
33,2,3,46,69950
44,22,1,45,128001
58,39,3,36,210651
63,14,1,48,100250
59,0,1,53,56351
56,32,3,33,181964
53,10,3,33,102635
40,3,5,44,99109
51,12,5,20,123531
50,7,1,37,72885
65,10,2,22,89093
28,0,5,24,82980
29,1,3,56,73534
56,6,4,42,101436
21,0,3,52,66646
48,25,1,48,137858
41,3,4,35,89202
29,9,1,41,73392
54,17,5,56,162895
35,1,5,57,97752
36,8,2,32,73069
65,34,2,58,190611
59,0,3,53,77030
59,13,4,34,123544
34,6,3,30,80540
24,0,3,52,71750
40,1,2,37,55944
56,28,3,48,175005
60,21,5,29,160602
34,1,2,49,58172
50,2,3,35,73415
61,39,2,23,187812
50,22,1,25,114155
61,24,5,28,175116
53,2,4,48,97966
43,0,2,48,56410
64,38,5,34,226801
65,43,3,21,211202
34,5,1,22,48750
55,3,5,52,111187
58,1,4,25,78682
26,0,3,20,49760
47,16,4,23,129311
41,8,5,51,129382
58,25,2,24,139503
35,8,4,23,100821
35,8,3,40,89013
41,8,4,55,118803
54,1,2,42,60283
62,32,4,27,188745
55,4,5,57,118923
24,1,2,43,59837
36,8,1,49,72120
44,4,3,29,72930
43,13,5,52,139249
42,22,3,60,153717
43,14,4,52,132672
31,8,4,56,108686
25,1,4,37,73544
28,7,4,28,93922
58,33,4,30,190531
30,9,4,32,99689
60,33,1,29,161295
26,0,4,46,76652
45,7,5,51,126221
48,1,3,29,65345
23,0,2,35,51239
42,10,2,60,101922
57,28,2,54,164620
50,27,4,57,182761
32,3,3,24,69060
37,12,5,32,129765
25,1,2,38,57186
24,0,1,38,34543
30,6,1,32,61623
53,7,2,29,74529
23,1,2,27,51456
42,21,2,39,126077
49,0,2,44,61000
46,4,4,23,82564
44,13,3,59,120013
32,4,1,60,63347
46,26,1,29,128543
54,31,3,60,191642
38,4,5,20,97333
60,31,3,21,172925
42,7,1,30,62958
44,12,3,56,119795
43,8,3,25,87770
32,11,3,49,111979
38,5,4,44,95889
38,13,3,22,104975
52,12,3,52,117583
51,27,3,37,163575
26,1,5,44,94233
62,23,1,59,135983
48,23,2,45,139114
49,0,2,25,47781
61,35,1,46,175546
42,10,1,50,86991
47,29,1,36,140163
25,7,1,47,61593
59,39,5,46,233316
45,14,3,45,120792
49,14,3,48,125537
47,4,3,56,89380
21,0,2,20,42237
64,26,5,41,193647
28,6,2,45,70253
36,14,5,25,135233
32,3,2,27,51974
55,33,3,43,191626
34,4,2,25,62158
51,4,4,53,106391
56,10,1,30,72955
52,26,2,49,153189
57,19,3,49,147220
49,27,4,36,174605
55,13,1,27,84160
39,6,1,48,67179
27,2,4,37,80496
54,0,5,45,92659
28,10,4,31,105963
21,0,3,42,64482
63,19,3,30,139246
46,8,3,25,93798
52,26,1,39,141388
48,5,3,28,80570
28,9,4,57,118324
37,5,2,20,58212
65,5,5,48,117287
31,9,4,32,102572
34,12,2,29,94164
29,4,4,37,90861
24,2,5,54,98559
29,6,4,48,100011
38,7,4,44,106287
51,17,3,38,131368
54,8,1,31,65912
49,12,1,21,80173
59,34,5,60,221085
42,4,1,42,58382
65,25,1,39,140033
45,11,3,36,106766
36,3,2,23,52757
21,2,1,45,44627
27,3,1,40,52446
25,1,1,21,34529
47,12,5,24,123096
30,11,3,46,110088
57,16,5,25,140317
47,21,1,55,130428
51,4,4,20,90133
63,10,5,32,127296
25,1,3,22,55087
49,18,5,59,170802
65,1,5,31,95460
41,3,5,30,95589
64,32,5,49,216837
23,1,3,34,57736
41,5,4,25,87131
54,6,4,39,102526
40,14,3,39,114643
53,3,5,42,108060
33,2,1,28,39082
37,13,4,39,123875
65,8,4,36,107846
30,5,3,50,82540
25,2,2,55,61117
54,9,3,21,95448
56,32,4,41,197597
54,18,1,31,102045
36,0,3,40,63682
59,34,2,52,184066
41,6,4,25,95805
48,21,1,57,130072
28,5,4,21,87117
62,8,3,41,105809
36,1,2,43,53962
64,37,5,41,230322
47,27,4,21,161840
52,11,3,47,111935
49,27,1,53,146085
22,0,3,54,64614
50,12,5,44,141671
63,21,1,45,121571
30,6,5,31,107569
62,34,2,32,173562
77,6,4,20,91465
47,24,2,53,148818
32,4,4,58,97555
49,27,4,40,172363
31,5,5,25,99260
42,0,3,52,77773
37,7,3,27,86018
53,6,5,24,107701
45,1,4,40,83164
21,0,2,59,55386
63,24,5,44,182019
60,31,2,37,169096
41,10,3,44,101452
60,10,1,32,74925
39,0,5,26,80606
22,0,1,35,31863
65,38,5,34,225284
48,3,4,40,93534
32,2,3,25,67891
47,5,3,60,98263
27,4,3,47,83196
59,20,2,40,130332
59,21,4,34,152903
45,22,3,55,151298
51,1,5,51,99017
58,7,5,53,131139
86,1,4,35,84976
59,30,5,31,198752
63,13,2,49,107435
48,0,5,55,101669
40,7,4,32,101151
54,18,5,54,167745
28,1,5,52,96913
53,11,3,50,111540
42,3,1,57,60947
51,16,2,34,114012
49,17,5,50,153029
21,0,1,27,33515
62,31,5,53,214906
40,20,1,54,119647
63,33,3,59,195160
41,7,5,22,101893
63,33,1,35,167068
25,0,1,48,46994
55,7,5,46,125244
60,2,3,24,73934
63,27,4,31,177857
62,37,4,33,209993
43,15,5,36,142420
31,5,1,57,65901
54,22,3,23,142393
49,16,2,43,110597
54,2,2,57,79045
41,20,3,43,134891
54,30,3,23,171829
62,15,5,24,146479
46,24,1,57,137105
59,30,2,38,164946
65,12,4,44,126045
61,26,2,45,149762
34,0,2,42,56987
29,6,3,24,77829
40,2,4,47,93355
46,2,5,26,91800
35,6,3,38,86930
46,18,3,33,127286
36,12,4,36,116292
44,19,2,52,129976
57,11,4,40,121493
34,2,2,57,73059
53,1,4,25,79398
53,6,5,57,119329
47,5,2,53,84919
42,10,3,27,94266
56,9,4,59,125228
29,8,4,42,109303
44,3,5,50,106151
60,30,1,29,149720
36,8,1,26,57520
25,1,2,37,51902
21,0,3,27,54615
48,11,4,42,124237
81,8,5,21,115128
55,8,5,32,118287
51,4,3,37,85372
61,0,5,38,96735
22,1,2,44,51686
37,4,2,44,69025
62,34,5,41,212252
35,7,4,21,96429
53,11,5,45,137193
25,2,5,39,96467
47,7,4,46,109753
26,0,1,27,35226
51,22,3,45,146762
63,4,2,35,72316
47,11,5,23,127475
26,5,2,49,73715
49,25,1,51,141660
36,11,2,33,84106
56,8,5,26,118434
56,34,3,43,187400
52,22,5,25,158863
58,35,2,57,193050
29,4,2,44,64510
57,10,5,40,134325
59,37,4,53,217863
65,27,4,21,167440
51,21,5,46,174247
28,5,1,32,50760
24,6,1,37,52931
52,0,1,33,45470
37,3,2,54,72773
32,8,5,41,114391
23,2,3,60,73921
48,15,3,51,129751
64,34,1,27,165521
63,19,3,57,151919
46,16,4,37,134727
52,21,5,54,173419
30,3,2,23,58189
43,4,4,35,90637
58,16,5,49,151868
29,3,2,22,50256
42,13,3,59,124378
35,9,2,51,92291
38,4,4,35,94227
42,16,4,24,126608
26,5,3,51,85432
55,11,1,30,81307
44,16,1,47,102159
30,10,2,48,89416
57,1,1,25,39544
24,0,5,58,93947
34,13,4,42,122344
32,1,5,31,85952
44,11,1,32,73471
34,9,1,29,63714
30,0,1,36,33969
65,14,3,56,136041
41,10,1,38,77021
89,23,2,52,147373
32,1,1,47,46685
58,2,1,56,67703
36,8,1,28,66223
23,0,2,56,53260
50,7,3,51,102240
53,20,5,43,170922
40,9,3,21,90902
51,19,2,21,113411
30,9,2,22,79048
51,29,3,40,167980
51,24,3,49,158772
37,5,3,53,85525
52,20,5,22,156620
51,15,5,23,138564
64,24,1,31,133739
50,22,5,20,160400
40,11,1,57,88278
48,5,5,54,117413
30,2,5,44,100764
29,0,3,56,71751
53,20,1,51,120749
44,1,5,48,103351
51,31,1,32,146533
50,14,5,24,130304
31,8,4,44,106342
23,0,5,59,90103
44,16,4,35,133927
49,27,3,59,173538
30,6,3,39,80366
25,1,3,41,69518
32,2,5,20,84592
57,12,5,23,132476
63,20,1,21,108494
25,3,3,50,80649
51,24,1,55,141654
42,14,5,34,142287
64,40,4,39,224365
40,13,5,29,134954
62,14,2,27,99670
48,1,5,30,92015
62,27,4,41,175432
62,31,1,21,144206
26,0,2,50,54454
33,4,4,83,99389
49,23,5,28,172361
54,7,1,20,65514
54,18,2,44,122792
23,2,4,53,86793
57,28,2,24,145347
53,23,1,36,122635
21,0,3,41,64149
48,15,3,29,114796
27,3,2,41,65820
48,2,4,49,94842
39,19,3,43,136875
21,0,1,52,47213
60,38,3,36,206435
49,24,3,55,160695
40,14,4,25,120212
35,4,5,32,95554
31,0,5,55,91145
63,18,3,42,134302
47,9,1,55,86672
22,2,1,30,39089
41,8,2,52,84339
40,13,4,25,120067
55,14,3,25,109205
59,19,1,37,117848
30,2,3,20,57621
22,2,4,51,85603
29,0,2,48,56233
26,3,2,37,58954
55,9,5,43,129630
25,3,2,47,68756
50,9,3,44,107410
46,16,5,37,150682
40,16,4,43,137984
57,1,4,40,85986
41,4,3,54,86309
55,11,3,20,102432
32,5,2,50,77574
28,5,4,24,86920
26,5,1,46,54716
22,1,5,27,77662
63,1,4,40,85509
60,32,5,45,212371
43,6,5,54,117414
41,17,1,25,90907
24,0,4,35,67024
40,2,4,57,97861
32,1,1,46,44863
27,1,3,20,61281
28,3,5,60,106863
28,6,5,40,106443
21,0,1,55,43602
59,13,4,49,130703
25,2,1,41,47716
24,1,1,35,43297
33,8,1,29,64829
46,17,4,33,134341
60,3,4,55,105256
44,23,2,44,142413
23,0,5,30,80221
39,1,3,58,78881
39,18,1,35,105511
62,6,2,41,85103
43,14,3,59,123926
42,17,5,48,155096
38,13,2,33,93131
42,20,1,47,112471
65,3,4,32,88137
49,25,2,26,135738
36,2,2,40,62658
36,3,5,51,108833
63,29,3,22,165074
59,37,1,33,178150
59,19,3,59,144978
59,25,4,57,177271
33,6,1,24,52866
32,10,3,21,87574
23,0,3,44,65165
40,2,5,48,105342
45,6,1,29,61749
31,7,1,33,62194
46,21,1,43,120902
45,7,1,20,55958
64,24,1,53,137391
52,22,5,31,169057
52,10,3,58,111713
59,25,4,33,166970
59,38,4,48,221466
25,6,2,35,71155
21,1,3,55,76651
44,8,3,29,88129
51,16,3,27,123223
44,21,1,43,118034
23,5,5,32,100612
22,0,5,29,81186
32,0,3,44,64298
65,42,3,20,210405
58,33,3,28,183847
34,8,3,47,92578
55,9,1,34,76975
49,15,1,52,108654
26,3,1,47,53484
29,4,2,22,51866
65,23,2,51,152037
51,3,2,41,72514
21,0,2,41,50016
34,10,2,57,95420
41,15,3,52,128491
49,22,3,47,151760
65,5,2,34,72346
59,22,2,22,131951
42,1,2,36,57062
59,27,1,49,143345
40,10,5,55,136979
50,15,4,21,121175
41,23,1,29,119678
54,5,3,27,85433
62,13,1,47,93651
57,10,1,45,86164
25,2,1,25,37302
31,0,3,27,59075
53,6,2,41,83874
43,10,2,21,78954
21,0,2,21,35377
41,7,1,23,58244
34,4,3,37,79246
59,30,4,27,183430
40,13,5,39,131146
29,6,4,54,104513
37,3,2,49,71046
57,29,3,31,167074
51,26,2,56,153562
31,7,4,26,90397
22,0,2,26,41979
48,8,3,30,93739
55,30,2,55,168370
38,10,3,48,108924
32,0,4,51,85578
63,30,3,55,183892
53,23,5,53,177218
58,12,3,55,118041
41,1,1,41,46846
29,0,5,35,86081
25,0,1,45,40148
31,2,1,48,50844
47,15,5,60,153192
64,23,1,51,140632
42,14,3,20,102264
23,2,1,31,38689
25,3,1,56,56671
26,0,5,50,93006
59,1,2,43,62136
22,3,5,25,85603
31,3,2,21,57841
27,4,4,36,89573
49,24,4,44,171326
25,5,4,40,93358
45,21,4,43,157938
26,1,1,50,45519
55,27,3,52,176689
34,11,2,54,96121
38,3,2,46,71860
56,20,1,27,109644
45,20,4,25,144300
27,0,4,44,79336
36,9,5,56,124781
45,25,4,59,177779
54,5,4,31,91079
32,6,3,40,81352
61,38,4,28,214643
45,3,2,39,66352
21,1,2,35,49552
57,14,5,25,139045
65,17,3,58,138285
57,24,5,30,172074
41,6,3,20,78308
28,1,4,38,72783
48,12,2,54,104870
41,22,1,50,126775
50,7,4,38,104506
52,27,3,57,177536
41,5,5,23,99265
57,2,4,28,83643
22,0,4,29,66696
52,13,1,26,87413
27,4,2,45,70884
25,1,5,27,83658
60,0,4,31,79520
25,0,4,44,76447
47,16,1,37,103748
36,15,3,44,119384
55,10,4,33,110404
53,13,3,54,119969
34,13,3,52,113733
45,5,2,45,80852
55,10,4,30,109840
40,12,4,23,116894
62,17,2,40,124670
21,1,4,25,67857
32,6,1,25,56304
30,6,4,32,88634
22,0,1,30,28851
47,17,1,42,100457
59,24,1,21,119702
56,17,4,35,137357
39,10,3,37,100437
58,4,2,57,79615
35,10,2,30,87518
31,3,5,59,106607
43,13,2,45,103397
42,12,4,54,131742
39,10,3,47,101798
49,13,1,30,86817
22,0,5,39,83673
57,15,5,36,144293
32,4,1,48,53850
35,8,3,43,97449
43,11,1,44,82255
64,24,2,49,148756
52,4,1,55,71854
23,3,4,57,92743
28,4,1,51,60357
30,0,5,52,97401
54,7,3,32,89977
54,28,2,39,157641
28,5,4,44,96850
65,43,3,49,232806
35,4,3,26,73484
23,0,4,51,75736
42,13,3,32,109254
28,0,5,53,97551
62,24,2,52,152294
53,4,2,55,81647
33,8,1,26,58412
46,1,1,24,39483
53,13,1,58,106022
56,11,4,46,128627
37,9,2,40,87240
52,11,1,46,92014
45,22,2,34,130372
56,9,3,56,110597
21,0,4,24,62435
64,32,3,59,191018
22,0,5,49,93089
46,19,2,22,109665
44,9,4,33,111503
53,9,3,53,106312
54,20,4,26,149268
59,9,1,38,78192
53,17,3,31,121027
41,13,2,36,97729
60,22,2,25,130547
36,7,5,37,110813
22,3,1,35,42537
41,1,4,25,73565
32,3,2,36,59919
21,0,3,39,63557
56,29,1,39,151659
34,9,4,23,103347
39,13,1,31,86794
31,3,5,24,91713
47,13,2,35,104378
42,17,3,24,114606
64,38,4,56,230169
23,2,4,43,81772
29,0,4,25,67741
41,14,5,31,135546
32,0,3,43,69510
27,3,1,50,50171
56,11,2,48,105468
65,43,3,43,230092
65,34,3,31,185197
58,36,5,46,227617
22,3,3,51,72316
32,3,4,43,89885
30,1,4,60,85390
65,35,5,24,213660
57,34,4,59,207306
46,7,1,59,73778
22,0,5,24,75783
28,2,4,45,84691
27,3,5,58,108555
47,4,3,23,75878
37,2,1,42,51869
49,21,5,35,164354
22,0,1,30,29469
31,4,5,25,97411
55,18,5,22,146917
64,13,3,34,113642
65,30,5,60,213957
21,1,1,23,34641
56,21,2,26,129994
50,5,2,58,82413
45,6,3,31,85840
43,14,1,37,86206
50,10,3,44,109260
57,29,2,60,170815
58,34,2,55,188592
22,0,1,50,46043
61,32,2,24,162947
29,0,4,55,82091
65,27,1,46,144670
64,11,1,27,84193
37,13,5,60,140513
21,1,5,29,81897
39,0,4,53,81644
36,10,4,25,107763
47,7,3,42,96745
37,14,5,20,132089
39,9,3,55,104835
23,0,2,60,62146
43,10,3,59,109230
41,4,4,41,91372
36,9,2,35,83957
24,1,3,22,51878
42,10,5,27,121571
27,0,5,56,91355
64,35,1,28,166390
55,29,5,49,205703
27,8,3,32,91622
52,23,1,39,125223
22,3,3,21,65374
35,1,5,28,89955
25,2,2,41,58232
33,0,4,50,78829
27,1,5,44,96757
32,11,5,49,129734
26,1,1,36,36900
45,5,5,43,115996
21,1,4,34,74027
49,19,1,60,123975
65,14,3,52,125683
49,25,2,27,134138
34,14,4,48,131440
39,12,3,45,112077
50,31,2,45,170470
26,3,5,33,94409
58,8,2,60,101437
34,7,3,57,97562
34,2,1,40,45324
44,5,5,50,110595
25,0,1,56,50968
27,2,4,49,91222
37,15,5,32,142489
46,1,4,54,87889
49,2,5,47,99261
55,12,4,44,123090
33,11,1,31,75598
62,21,4,60,167569
59,15,3,41,127561
40,5,5,35,107718
61,35,1,53,175001
30,1,2,26,49816
38,17,3,57,134861
26,4,2,58,70140
30,2,1,21,33970
28,2,2,54,67533
49,2,4,55,91103
54,19,3,31,130547
51,14,2,58,111921
23,0,3,44,64925
45,19,5,29,157833
36,13,3,47,110202
37,0,4,26,73254
41,19,4,47,150030
34,3,1,31,50802
34,5,5,49,110839
41,3,1,37,55170
43,21,5,43,162729
39,4,5,36,107135
52,17,4,30,137380
40,11,2,32,85576
34,15,2,26,95406
46,23,4,38,155613
25,3,4,43,83552
30,6,2,32,64932
30,0,2,40,47974
48,25,4,26,166106
47,17,5,59,162634
55,16,4,24,133801
26,3,2,32,55713
44,18,3,28,121958
40,8,3,21,87351
65,41,3,46,215721
28,8,3,47,93979
33,5,4,22,85936
31,11,5,34,120216
42,4,4,21,87708
30,7,5,49,113819
24,4,4,36,87128
49,21,1,56,127533
58,21,1,58,133034
31,5,1,33,58127
36,15,1,39,91150
62,1,1,48,53822
65,16,5,28,145310
38,6,2,55,79169
33,0,1,58,45706
37,8,3,50,96022
50,20,2,53,136293
53,29,3,51,180086
47,14,4,53,132418
56,0,1,24,34695
41,10,3,58,108599
48,25,4,42,169325
53,1,1,24,44667
45,15,4,30,123026
52,10,1,41,81889
50,12,1,50,92016
59,25,5,44,184245
47,4,3,46,86026
38,13,4,41,127936
62,35,1,58,185630
22,0,4,41,75889
28,2,5,44,99905
21,1,4,35,74345
35,0,5,55,94957
38,11,5,31,126831
26,2,5,31,84737
64,19,2,28,123454
37,16,4,39,135071
24,1,4,44,75297
49,24,4,52,166992
32,3,4,43,84342
26,5,5,48,110566
47,4,2,47,74418
52,18,2,40,120717
36,11,3,51,109160
40,6,5,35,105922
29,7,2,25,64822
40,4,5,29,101892
31,2,2,40,62461
50,20,5,55,170174
54,25,3,36,151622
50,27,5,50,195459
60,15,3,57,137091
23,2,2,24,49777
54,3,4,39,89587
58,5,1,47,65428
31,4,5,47,106903
21,0,2,33,43081
42,17,3,52,135260
64,31,1,38,156672
51,6,5,58,127918
26,4,1,27,48753
33,0,5,41,89285
21,0,3,41,59763
29,1,2,23,49024
43,17,4,41,140364
30,1,1,33,40735
55,19,1,39,110388
34,6,5,52,120693
53,24,4,48,174429
57,29,4,50,189980
65,25,1,48,137187
62,27,3,30,160690
50,14,5,29,135845
34,6,4,39,95412
35,1,1,21,31501
23,1,3,57,77591
38,5,4,47,98364
37,11,1,35,73544
57,8,1,35,73078
64,18,4,37,148650
49,13,4,44,130107
58,4,2,43,74913
27,2,5,56,102992
25,5,4,54,95682
23,1,2,40,57628
63,21,2,42,135883
57,13,1,20,82063
25,2,1,23,38897
48,6,4,34,100222
54,17,4,24,129598
35,7,5,43,116135
39,7,3,25,88060
34,7,5,37,108650
31,6,1,28,56033
36,17,5,55,158320
52,25,4,59,179040
38,3,1,57,56270
54,7,2,57,87741
53,24,5,57,184667
24,1,3,41,69595
59,34,2,47,187701
23,2,4,41,79269
35,10,3,37,99551
46,21,3,58,146058
52,6,5,26,106717
21,0,2,38,49157
49,18,5,43,154205
40,4,2,53,79404
25,5,5,51,110697
31,8,3,36,90783
62,2,2,38,71540
39,1,4,48,83189
22,1,5,57,95261
36,3,5,45,101421
50,10,5,33,126731
58,1,4,27,76898
62,41,4,29,225325
57,30,1,23,141038
55,19,4,20,136403
56,32,1,51,167021
29,3,4,40,90340
30,5,1,24,48723
30,5,5,48,108620
26,3,3,48,72759
22,0,1,40,33355
64,23,4,30,159484
39,16,3,46,124213
50,11,1,55,91665
54,22,5,37,170064
52,19,3,27,134502
62,16,1,35,107227
53,17,1,48,111116
48,16,4,52,138283
52,7,2,38,79971
58,27,5,45,192353
45,9,4,46,116774
35,0,3,25,60851
45,24,2,28,135751
51,20,4,60,162286
39,2,4,55,91877
40,0,3,37,68847
56,27,5,43,196142
31,1,2,38,58834
28,5,4,51,94290
29,0,1,27,36598
47,15,3,53,129330
56,18,2,58,129950
26,3,1,47,47701
33,9,4,37,110276
38,13,3,35,104168
38,7,1,30,60188
64,38,1,31,177318
32,10,1,33,70049
32,2,4,22,74056
49,8,1,48,74610
44,11,5,60,139167
33,7,2,26,69479
27,7,2,54,78033
60,13,1,31,88604
43,2,3,45,75903
57,14,1,41,94982
61,36,2,29,180085
34,1,3,50,75033
24,0,4,49,74420
29,2,2,36,58026
33,6,2,34,69156
32,8,1,37,68319
42,12,1,57,97062
47,3,5,26,96328
61,6,3,59,100498
52,1,4,53,94121
27,2,5,33,85583
60,13,4,23,123655
25,2,2,23,47103
65,38,3,40,203992
90,2,1,55,62367
63,33,5,40,212372
39,9,2,24,75872
57,25,5,50,190322
27,2,2,52,59887
56,28,3,21,160114
61,22,1,29,124287
41,12,4,21,114859
63,11,1,41,85732
29,5,5,20,92303
29,0,2,38,50851
24,2,2,40,60091
31,0,3,38,62812
58,25,3,24,147336
40,19,3,28,131098
40,2,1,38,50025
54,19,2,22,111421
51,26,5,30,180036
63,16,2,41,115166
61,11,4,54,127592
62,1,5,57,113687
25,1,2,55,62768
50,11,1,34,77406
25,3,2,40,65227
57,28,4,25,177519
85,0,5,53,86617
23,0,3,38,59512
34,2,3,47,71405
42,4,4,43,96179
42,17,4,47,137338
58,2,3,26,71653
51,9,4,40,111098
44,2,5,55,106001
23,2,3,29,65139
54,17,1,35,101437
49,22,4,47,159587
53,14,4,35,129497
57,10,2,32,92291
33,0,3,24,57066
48,4,2,50,80263
53,29,1,39,145289
60,28,3,34,171449
47,16,3,24,111862
47,8,2,40,81505
37,5,5,32,106674
28,3,4,55,88158
28,1,3,33,66508
55,21,1,59,130219
51,11,1,34,82271
36,13,1,38,81866
46,20,1,50,120668
27,4,1,46,52373
63,0,5,29,92414
25,1,3,48,72945
44,7,3,59,100118
45,17,1,39,98469
26,4,5,39,104049
36,9,1,53,79216
49,19,3,45,138529
61,10,3,58,117180
23,0,4,60,87194
41,13,5,58,144567
64,22,1,44,130848
22,0,4,37,71354
33,3,2,39,61130
46,0,1,49,45275
38,3,1,51,59018
43,22,2,49,134590
65,32,4,58,209880
40,13,4,39,128587
47,4,2,57,75066
53,7,3,52,100322
40,14,1,57,97536
65,19,4,36,149477
21,1,3,50,67291
65,16,4,60,157101
59,1,1,36,53370
35,7,4,51,103868
56,0,4,23,77680
57,11,2,52,101738
35,2,2,52,66434
40,14,2,20,91205
34,7,1,47,65509
21,1,2,31,48736
50,32,3,34,180881
41,15,2,45,112517
47,21,4,48,156040
61,15,3,25,118477
46,19,4,35,140743
59,28,2,49,165430
44,8,1,41,72615
32,5,2,38,66251
31,2,2,28,57055
53,24,2,26,139897
36,9,4,44,111511
44,15,2,30,108238
37,15,4,23,116913
59,35,4,25,199392
47,4,1,28,48976
44,19,1,39,112096
40,12,4,38,123783
35,3,5,45,102280
50,7,3,41,92362
50,26,4,41,175673
63,18,2,45,125124
30,0,2,60,58438
30,0,2,31,49106
57,29,1,31,143041
26,6,2,40,71912
34,3,4,46,90953
53,18,1,55,115574
65,43,4,28,229146
44,14,5,46,141641
22,1,5,51,98547
57,28,2,59,163226
38,1,3,39,70123
65,37,3,32,202476
57,34,5,37,213467
51,30,3,25,164827
36,5,3,48,90900
29,4,4,34,85066
23,2,3,43,71048
60,10,5,59,143600
40,0,3,30,65516
54,4,1,28,59451
35,11,2,26,83362
40,2,1,34,46323
55,0,5,41,99020
26,2,2,45,59922
57,8,5,60,137199
28,4,2,46,65924
44,20,2,22,114035
43,19,4,42,148436
28,1,5,33,89364
35,2,4,49,91521
56,16,2,41,116820
22,2,2,46,61975
26,7,1,24,59940
28,7,4,59,106944
37,16,1,54,104105
33,12,4,29,117757
46,6,2,36,76676
33,4,3,54,85007
25,4,3,43,78518
42,16,5,33,142225
51,25,1,43,136651
44,1,1,56,59604
35,9,2,53,87953
24,0,5,43,87454
53,20,3,32,138388
27,4,1,50,57836
29,0,2,43,54162
46,7,5,33,118057
47,16,3,32,123042
58,16,1,59,115814
55,10,5,24,120985
38,12,1,30,81024
54,6,5,32,111753
58,14,5,35,144719
37,4,4,21,84275
43,2,3,52,75866
48,28,1,22,132833
59,0,4,53,89735
24,1,5,24,82141
55,4,3,39,86867
54,17,5,28,148773
44,20,1,44,111457
33,7,5,30,104537
55,4,5,28,103102
42,14,1,27,89802
47,17,2,56,123480
34,2,5,31,86884
39,4,2,34,62554
32,10,3,32,92264
45,16,2,32,107639
45,6,1,37,60772
65,18,1,31,110331
28,3,2,26,57677
47,0,5,51,102238
24,1,4,52,79095
38,1,4,44,79390
21,0,2,55,52520
22,3,5,22,84007
34,4,2,44,68030
23,0,1,52,43293
24,5,4,30,82383
43,5,5,56,115201
64,3,1,48,67729
43,5,4,56,103749
28,4,2,47,66121
39,3,4,50,91483
48,7,5,46,120520
57,26,4,34,169488
51,9,5,51,130705
28,3,2,58,69764
56,23,4,55,175591
35,4,4,50,92735
55,20,1,33,111871
53,23,4,44,164418
45,18,2,22,110531
50,6,3,24,79422
35,9,2,40,88390
22,0,3,42,64502
21,0,4,58,80788
25,2,3,21,58624
49,8,4,23,100296
21,1,5,40,86048
29,7,5,39,113634
30,5,5,59,111158
55,22,1,39,119834
26,3,2,30,51965
24,0,2,22,39488
32,2,1,32,44948
57,1,4,38,90416
62,10,1,37,80035
30,0,5,56,91321
43,3,4,47,97800
24,4,4,28,77415
36,9,2,54,89891
32,1,4,41,81063
38,2,1,60,58869
46,9,4,22,107949
63,11,4,21,118868
27,1,3,42,72107
30,4,4,40,90359
54,30,3,49,176160
22,0,1,30,34090
26,1,5,20,79816
65,25,4,28,167877
62,40,4,20,214713
29,3,2,55,72681
48,16,5,59,161054
23,1,5,21,76041
53,13,1,24,83021
32,7,2,54,87912
37,3,4,25,80441
63,14,4,50,141287
65,8,4,23,105630
54,31,3,39,178812
54,14,2,48,110815
46,20,1,25,104585
64,1,3,45,79069
52,24,4,26,162155
46,12,5,38,135829
50,26,3,54,172617
54,12,1,35,83886
24,4,3,49,80782
42,5,4,34,89651
33,7,3,50,97873
34,1,5,21,80344
45,12,2,60,108044
48,20,4,29,143811
44,9,4,46,118533
35,6,5,45,111550
38,14,1,48,99911
54,2,3,27,70366
57,7,3,49,100782
44,9,5,50,130175
26,1,4,29,72677
64,25,4,48,173907
49,12,3,56,119517
46,2,1,54,60823
23,0,4,41,73346
65,28,1,50,148572
45,12,5,57,146064
41,7,2,29,73567
45,5,2,59,80912
45,27,5,30,186236
23,5,1,31,53311
49,4,3,46,84740
58,33,3,40,192413
40,0,3,29,58822
34,5,1,24,45705
30,3,5,53,107856
22,1,3,37,62933
33,11,4,60,122194
22,3,4,26,75860
45,18,1,58,112294
62,17,1,53,116826
64,37,5,39,222764
33,3,2,24,55695
59,29,5,26,188119
41,0,5,20,80076
65,28,3,35,166176
58,27,5,45,195859
41,19,3,47,139826
36,12,4,57,126506
22,0,3,28,52232
30,2,3,45,76008
55,14,3,38,118318
55,6,1,20,57036
49,23,2,22,132841
58,22,2,25,126475
58,21,2,40,136774
39,7,3,56,102919
50,7,4,23,102013
44,21,5,29,161069
35,1,1,30,37539
44,8,2,58,95975
52,15,1,48,104007
60,6,1,43,73597
47,23,3,48,153031
32,2,4,53,89707
32,9,1,45,78597
52,11,2,31,90394
24,0,5,50,94759
49,21,1,44,116626
42,3,3,36,80371
41,13,3,34,112963
53,9,3,37,103218
58,20,1,36,120213
30,3,5,55,109312
29,7,1,53,73427
48,14,3,29,114735
29,6,1,52,63054
41,14,2,22,96846
58,1,5,25,94122
39,3,3,49,77633
38,3,4,36,91040
65,22,1,56,133167
39,10,4,35,112860
25,3,4,51,85553
28,0,5,53,96629
43,23,2,33,134120
65,41,3,29,216497
55,24,5,20,167296
44,14,5,28,134447
38,13,5,21,128778
24,0,5,39,86706
24,1,1,30,40234
35,0,2,47,54282
34,10,3,49,105835
23,2,5,46,99340
53,13,1,35,93075
32,12,3,51,115793
43,13,4,26,115833
24,2,5,59,106911
33,10,2,42,89538
30,5,3,83,78172
59,26,4,47,175177
49,20,3,22,135161
37,10,5,35,126476
52,18,1,21,95615
65,45,1,56,218536
56,14,3,46,119062
56,23,2,50,146793
26,0,2,53,53698
41,3,3,59,91842
25,4,5,29,98031
52,10,1,22,75156
32,3,2,21,57642
62,8,1,36,70685
52,17,1,23,97977
51,9,2,35,82079
53,27,3,45,166898
37,15,4,37,127683
40,20,2,60,132137
26,3,2,24,54686
44,20,1,54,125839
62,28,2,58,168034
36,2,3,47,72612
38,9,2,38,86131
56,8,5,56,135432
35,0,3,32,62763
34,8,1,41,65143
41,4,1,49,59502
21,1,5,26,78449
56,33,1,54,166532
52,15,2,45,114205
62,20,5,37,163278
46,7,1,20,60298
46,5,2,58,84078
55,20,4,60,164647
25,0,1,57,51184
49,18,4,52,147605
54,28,3,40,173323
58,15,3,30,116297
50,18,5,48,164948
59,30,3,46,183309
61,14,3,47,121994
60,40,2,29,195301
33,5,1,28,52022
23,1,1,44,39727
31,8,1,46,73835
63,31,2,41,167678
23,0,1,54,42481
48,5,3,50,90578
56,6,4,36,104621
62,23,1,40,131535
34,7,4,38,95823
40,14,3,60,123999
25,4,2,51,70023
39,1,1,22,41798
61,29,2,51,165573
34,12,1,45,82277
21,0,3,34,58867
21,0,2,53,52087
29,4,4,26,77997
45,8,4,22,102518
42,3,3,45,80772
59,24,5,53,187615
61,34,5,48,221562
26,4,2,33,59871
39,7,5,50,124667
26,6,1,51,61512
46,0,4,42,86228
33,14,3,54,125027
21,3,1,53,56313
52,10,3,27,93805
60,1,1,26,41495
41,4,4,41,95940
51,28,4,43,181250
27,7,1,59,67908
61,40,5,41,233945
53,31,2,35,162674
42,13,5,59,150290
29,5,2,47,75918
42,19,3,37,134429
24,1,3,44,71373
46,27,1,33,133169
24,3,4,20,76982
40,12,3,36,110893
41,20,3,48,142893
32,2,4,27,78658
40,6,3,50,92847
50,4,2,53,75913
45,6,1,44,63447
27,0,5,23,76619
59,35,3,51,199554
59,11,2,30,97584
37,3,4,60,96021
23,0,3,32,61778
64,1,5,29,99354
57,27,1,25,131509
31,12,3,29,100924
59,29,2,41,164928
45,17,4,38,137873
51,23,3,52,158960
58,29,3,23,163865
37,14,5,50,140454
44,14,4,41,133206
29,1,5,22,86146
65,27,1,59,155276
41,15,2,20,100299
62,17,5,46,157880
28,5,4,49,100178
50,1,5,48,103678
56,2,5,59,114020
62,34,4,45,211478
57,32,3,23,173238
44,16,4,27,131886
25,1,5,30,83977
31,5,1,46,61332
47,16,4,43,133787
59,34,2,49,182703
43,1,5,59,101906
34,0,4,43,73562
48,9,5,52,130482
41,2,1,42,48670
35,9,4,31,106475
37,6,3,37,85456
35,8,4,41,105113
35,13,1,32,83852
50,23,1,44,124549
61,28,2,36,157238
59,28,5,39,196841
30,12,5,32,122641
35,4,3,52,83866
31,1,1,42,44561
55,16,4,31,134087
63,34,2,38,180989
52,18,1,59,114379
34,1,5,20,79503
22,1,3,25,54373
39,4,4,22,83043
57,31,5,58,215475
62,22,2,25,134602
65,34,3,27,182047
60,15,4,45,141455
36,3,2,38,58348
64,20,3,49,147061
27,1,3,52,68664
32,11,5,20,113854
22,0,1,40,37063
40,6,5,45,109610
61,24,2,42,144080
77,10,2,59,107756
36,10,5,46,125423
36,10,2,21,83638
30,1,2,33,51754
59,24,5,40,184507
33,10,4,56,117812
42,5,1,50,67649
32,13,2,31,96617
55,32,4,32,190585
47,7,5,22,111426
38,12,2,34,92583
58,26,2,52,155413
41,13,2,41,100067
41,12,1,52,86018
25,0,1,31,36715
59,26,2,24,141979
22,0,1,41,41960
23,1,4,41,79011
56,9,3,48,106176
30,5,5,28,98103
52,14,1,32,88592
41,4,4,39,95465
62,43,5,30,245908
24,5,2,44,68589
62,22,5,53,183179
34,7,5,25,108257
46,18,2,29,113738
44,15,4,30,131005
35,9,1,26,67664
58,22,4,38,160350
42,0,1,21,34754
23,5,2,57,74507
36,1,1,20,30220
35,10,2,51,90240
63,11,5,56,142906
53,10,2,50,94286
32,11,1,35,75422
50,22,5,38,170923
31,2,5,49,96931
47,11,3,36,107868
35,15,5,37,138486
29,0,5,47,94018
30,5,3,44,84436
57,18,2,53,127649
61,33,1,33,162163
28,3,3,50,81613
50,20,5,49,169851
58,4,3,56,97800
47,14,1,36,92675
37,2,1,31,46679
46,11,4,42,124242
35,8,4,47,111656
54,32,4,60,209837
28,1,5,41,90747
62,5,3,24,82795
65,23,2,42,147230
61,27,5,56,195481
38,12,1,37,85956
45,25,5,24,168282
59,32,3,55,194716
32,6,1,40,66098
29,6,5,30,105250
31,6,3,38,87786
21,1,4,32,76521
26,8,3,46,90013
24,0,3,36,56596
41,4,1,50,63700
31,11,2,57,101657
54,14,3,45,127219
28,10,5,55,131264
24,0,1,29,28599
29,1,2,43,59657
52,22,3,56,156010
61,35,3,22,191310
33,0,5,59,96876
32,6,5,46,117067
50,22,5,25,167476
32,8,2,57,93550
51,13,3,41,117074
58,15,2,34,105894
36,0,2,34,51789
48,7,2,59,95990
22,1,4,46,81428
41,20,5,57,167922
65,43,2,44,219320
54,1,1,39,47811
56,2,3,60,88424
26,3,2,20,46768
63,6,5,45,116969
59,34,2,33,177045
21,0,2,51,54176
46,12,3,37,108753
47,22,3,50,155433
52,11,5,24,125007
50,10,1,30,72724
29,9,2,29,75198
50,27,4,26,164505
54,13,4,46,132046
26,8,4,54,105187
45,23,1,37,126001
59,3,3,35,78165
46,25,3,35,152705
27,3,5,58,109219
36,9,3,46,96929
57,33,5,36,206963
21,0,5,20,74980
50,15,3,38,121470
49,17,5,44,156467
63,10,3,47,110443
21,0,2,35,51320
47,26,1,29,131007
62,21,5,21,163910
58,7,4,25,96426
62,7,5,43,122229
22,0,5,59,97500
40,6,3,46,89814
40,1,2,29,51395
27,5,1,43,61998
28,1,4,48,81303
25,2,4,37,82476
44,22,5,38,167924
40,8,4,26,96870
26,3,3,54,78004
54,33,3,25,182474
45,19,5,53,165281
48,5,3,36,80861
42,12,5,37,129590
24,1,3,36,63323
28,7,3,38,88256
38,5,1,47,64653
35,2,2,38,55857
61,30,3,24,170490
37,10,2,36,90351
57,28,3,22,165101
63,36,5,42,221174
37,15,5,42,141909
40,12,5,27,129151
54,13,4,41,131836
64,5,4,30,96869
25,0,5,28,78559
62,15,2,34,115436
44,16,1,38,94750
63,3,1,51,68346
46,15,4,55,137594
39,8,1,34,62462
51,6,4,47,103693
40,10,3,48,108357
62,30,5,48,205160
26,6,1,34,54944
62,5,3,55,101072
58,25,1,48,136208
34,12,4,57,122720
60,6,5,39,120309
61,0,1,42,51645
58,10,3,55,115677
34,7,5,35,110623
31,5,1,56,68090
25,3,5,38,94830
65,3,4,50,96896
57,26,3,47,161769
27,4,1,26,41334
23,0,1,30,32180
27,0,2,26,44415
50,10,5,34,129901
47,16,1,22,89004
49,0,1,49,46567
40,13,3,56,117921
26,4,4,50,94161
50,21,1,52,125183
39,11,1,31,78881
45,17,3,58,141535
49,11,5,59,141857
56,28,3,28,165490
41,11,5,45,134256
41,20,5,35,154256
35,15,2,21,95203
56,17,2,37,121913
41,11,4,54,128538
58,12,5,47,137245
50,23,3,54,159066
56,18,5,21,146301
37,16,5,48,151226
46,14,5,51,151653
61,2,5,22,94959
43,3,4,31,85886
56,12,5,45,143926
37,15,2,35,101412
40,18,5,53,164881
37,2,5,53,99698
25,3,2,47,65005
52,5,5,23,103126
41,20,2,37,120571
48,13,4,45,125039
54,2,3,49,85792
45,7,1,43,71948
59,30,3,56,187544
54,20,4,32,146032
58,15,4,46,140787
27,3,5,55,100383
65,29,2,32,158765
46,14,2,41,107462
45,8,5,82,112764
63,23,2,23,135389
62,22,1,39,123466
53,27,1,45,145817
47,0,1,29,40434
30,9,4,51,113928
60,32,5,30,208396
28,1,1,26,34580
31,7,5,47,114959
21,0,1,44,35720
37,2,3,52,83445
51,12,4,24,114894
55,2,5,57,112874
60,18,2,20,114324
46,2,2,35,63561
35,8,5,35,116865
56,29,3,57,185021
35,6,1,46,62078
48,23,4,20,155169
53,0,4,54,94510
39,2,3,55,83383
54,17,4,29,136538
21,0,3,51,62179
50,13,1,26,83383
30,6,1,35,55852
45,16,4,56,147111
27,3,2,34,57265
59,20,5,38,165140
30,1,2,49,57256
45,5,1,41,60173
29,1,4,41,81331
40,6,1,50,64866
43,8,5,37,116781
38,8,2,50,84116
55,15,2,40,111655
36,10,2,53,98920
58,13,2,26,103020
54,14,5,56,154114
28,3,1,27,47485
22,0,4,44,79453
45,1,4,29,75174
29,5,1,41,61539
65,36,3,24,188954
23,2,3,28,57670
53,1,4,22,81917
63,40,2,51,203581
55,1,5,52,104716
39,6,2,46,77886
61,40,1,46,187217
43,8,1,23,65396
59,35,2,48,187049
59,22,4,48,163316
60,12,5,33,135387
55,31,5,59,209590
63,39,4,38,220137
44,11,1,60,91566
53,2,4,40,85094
57,6,4,43,109241
63,42,5,60,252616
52,20,4,58,162231
53,3,2,52,80088
23,0,4,24,61974
22,0,5,34,80115
57,29,1,27,144737
39,12,1,48,87601
30,6,5,32,104261
63,26,5,31,185829
41,12,2,40,92196
52,26,5,41,183881
30,11,3,28,97479
61,4,2,20,68116
49,19,4,36,150457
47,5,4,23,85942
47,9,1,27,72860
59,26,3,31,159076
21,3,5,37,90691
44,12,4,60,128929
27,3,3,60,83291
32,1,4,51,88250
23,0,4,58,80109
60,35,5,48,220807
60,30,1,60,159979
26,1,2,52,55583
55,16,1,35,102437
44,24,4,28,156373
50,14,1,59,107878
54,28,2,53,158647
26,3,1,39,44378
56,24,5,35,176177
52,11,1,23,78078
38,13,4,34,118787
54,28,1,30,138159
29,2,2,21,46544
42,15,4,36,129447
23,0,3,57,66792
29,1,5,58,99950
44,6,4,53,107424
63,20,1,47,119309
43,7,4,40,103861
29,7,4,37,96620
53,30,3,45,175733
22,1,2,47,59079
65,27,2,42,162044
55,26,4,35,170692
49,3,2,23,59154
25,4,4,45,88623
56,3,4,58,103473
47,4,3,44,80991
34,13,2,48,106841
38,6,3,49,89527
23,0,2,49,50971
49,26,1,52,146971
32,10,4,48,114857
36,6,2,55,80067
40,1,4,42,78312
34,12,4,24,111523
21,0,1,33,37088
58,7,4,25,103381
50,25,5,45,181677
48,9,1,35,74034
48,23,2,45,144038
31,7,2,58,86371
29,4,1,20,45617
43,14,2,50,111147
37,9,5,59,134405
60,13,4,58,139105
49,17,5,48,151944
26,2,4,21,72940
28,0,3,51,72641
60,27,1,26,132768
57,19,4,44,148350
31,8,5,26,105359
62,19,4,35,150031
59,7,3,31,89073
38,7,5,45,113490
35,10,2,34,81244
53,21,5,42,165280
51,7,3,52,99099
60,8,1,31,73680
29,8,4,55,111482
30,6,2,38,74915
54,10,2,30,89186
53,9,1,36,78533
36,2,1,47,48900
29,1,2,56,57946
54,23,5,55,181089
46,19,2,24,114996
61,2,3,40,82279
59,36,5,34,215348
55,31,1,57,159640
31,11,5,28,120245
64,26,4,60,190013
39,19,2,26,108904
39,5,1,52,68711
37,9,1,35,74750
40,0,5,26,81091
26,2,2,39,61884
29,2,5,35,90971
29,2,3,55,77302
53,13,1,43,91801
64,41,3,44,217551
26,0,5,49,88161
28,3,1,33,42912
52,18,4,37,147174
51,7,5,31,118150
59,18,4,34,149346
37,9,2,52,95487
22,2,4,51,89962
26,7,1,39,63045
38,15,5,39,141748
38,8,5,57,126859
62,8,2,48,96204
32,6,5,29,99211
41,8,3,35,92262
33,11,3,36,96329
26,6,4,39,92695
40,15,4,36,124304
41,17,3,56,131639
37,9,3,58,109713
64,6,2,48,85302
25,4,3,50,84886
31,10,5,25,114958
38,2,4,76,77433
40,15,1,35,90658
53,24,2,50,152206
50,21,4,20,145019
28,0,5,60,97294
65,41,2,26,202450
54,33,4,58,206948
52,19,3,41,134767
25,1,1,43,40151
59,28,5,39,195233
52,4,1,50,61693
50,29,2,28,150890
53,2,4,43,94896
46,17,4,50,140919
61,19,3,51,143939
39,0,3,38,62337
54,23,5,26,167582
56,10,3,28,100921
56,33,5,35,207470
62,15,2,47,121124
60,5,3,40,90611
52,15,5,52,152448
37,9,4,48,109873
53,25,1,43,136593
25,3,5,58,107984
31,6,5,57,120080
33,13,1,36,80757
49,8,2,59,97704
22,0,2,60,60364
26,1,4,28,71921
52,16,5,39,147689
63,36,5,52,225702
52,15,3,25,118588
64,1,2,32,62198
46,7,4,38,102985
57,30,1,22,139587
52,29,4,60,188999
21,0,5,29,74802
44,8,5,31,119387
46,13,3,31,106974
25,0,1,59,48186
63,22,5,31,165879
22,0,5,25,81639
25,1,3,22,52682
64,40,3,26,208037
28,2,2,48,61777
26,0,2,50,60370
51,10,4,36,110002
63,39,3,54,212861
61,39,4,28,213885
30,6,3,20,71114
58,26,3,57,175063
62,29,5,60,207620
64,32,2,22,160943
23,2,4,28,72236
50,18,4,37,146381
37,14,4,30,123354
28,2,5,22,85090
36,6,2,35,67106
46,0,4,23,73453
44,10,3,29,100271
29,4,1,87,60134
47,13,4,52,127774
42,2,1,31,43010
62,26,3,47,163688
30,10,2,36,87067
53,24,1,47,137085
54,5,2,54,80271
59,30,1,37,152518
40,5,3,47,87523
32,7,5,53,121384
38,2,4,38,86044
60,17,5,40,156944
63,0,1,55,55875
50,14,1,29,89637
46,3,1,47,58320
33,0,1,49,43840
50,12,2,60,107722
64,24,2,45,146026
44,21,4,28,148457
22,0,3,47,61496
53,22,1,46,129566
24,0,4,29,70409
31,9,4,58,113886
45,3,5,57,114780
53,10,4,26,112482
52,25,5,42,179664
31,11,1,22,70647
54,2,5,26,95611
49,11,5,23,128310
43,13,2,22,88616
63,29,5,23,191639
87,0,1,57,42258
34,11,3,59,114485
63,2,3,41,84454
30,7,4,47,104445
42,18,2,52,124594
37,11,1,28,76730
23,3,5,36,90507
28,0,5,39,81759
65,32,4,27,187916
29,3,1,38,45827
43,13,1,50,92623
50,13,5,53,141049
42,17,2,23,105368
63,35,1,22,160240
28,0,3,43,63423
47,25,4,37,164791
40,13,2,30,90556
22,1,2,59,66152
44,2,1,58,55090
23,0,2,52,60318
48,6,1,39,70377
32,6,3,30,80213
51,27,2,40,153787
58,22,5,56,183456
22,0,4,56,77103
29,2,4,54,87039
65,32,4,54,208290
53,22,1,54,126895
35,15,2,29,103138
30,7,5,30,103118
26,7,2,40,79271
48,6,1,26,59942
57,4,3,32,81874
31,1,2,27,49753
44,8,3,58,100102
55,27,5,41,190769
64,37,1,46,184252
44,1,4,55,88987
26,1,2,22,47625
47,7,1,24,64003
38,11,3,20,92572
35,7,2,20,67101
21,0,3,21,47279
34,12,1,55,94270
25,0,3,43,64164
54,10,3,39,108376
54,18,5,49,164565
51,19,4,36,149089
51,19,4,43,152017
52,2,2,48,69838
36,0,5,20,82956
35,15,1,52,101498
42,7,1,59,76477
41,11,4,37,118750
60,6,4,43,102925
40,22,3,49,152409
27,4,5,35,97272
65,6,4,33,102531
50,4,4,50,97549
53,4,3,36,79383
55,34,2,43,181301
49,5,5,21,100593
28,9,2,42,88598
31,1,1,58,49018
24,2,3,60,75799
27,5,2,32,61116
29,7,3,29,86037
52,7,1,29,62089
43,17,4,40,141526
65,16,4,55,151623
48,11,1,35,85449
57,18,2,33,120328
23,0,1,50,41720
30,5,2,45,75831
55,12,1,52,93632
36,8,5,27,115462
37,19,3,57,145222
35,10,5,54,134811
48,26,1,48,140827
36,8,3,38,91127
63,9,2,30,93050
48,24,3,40,157641
49,23,4,56,171591
32,6,2,58,87231
34,8,2,30,74916
61,4,1,22,54413
24,3,1,55,58506
37,12,3,24,101929
34,2,2,50,66571
62,29,1,58,163123
37,6,1,44,68551
45,15,4,24,121554
57,9,2,31,82640
51,6,2,39,80460
65,1,4,32,90093
41,6,5,23,103135
65,43,3,42,228373
52,4,4,59,110214
31,8,3,39,92468
22,0,4,29,63497
49,24,4,30,165051
26,1,1,50,43609
54,8,2,48,93711
30,7,2,33,74521
47,13,3,50,118654
50,13,3,37,115156
40,11,4,52,119018
28,0,1,30,30514
52,16,1,36,104269
26,6,4,26,86879
26,1,4,35,76422
62,14,4,50,135302
53,26,4,57,181530
64,6,2,29,76702
28,8,5,40,116791
37,3,4,31,79446
46,24,2,22,132110
21,0,1,53,42856
58,36,1,44,177598
62,6,1,28,66704
51,5,2,60,88485
29,3,1,55,55551
38,9,1,57,86601
60,33,5,33,207160
64,0,5,57,106950
44,0,5,38,90530
53,16,5,52,151968
60,24,5,34,179178
30,3,5,60,110520
37,0,2,25,44077
56,9,5,56,138847
38,2,5,29,89050
23,2,1,21,36454
55,6,1,56,74014
22,1,3,29,63747
22,0,1,51,38893
64,14,4,35,129127
36,14,5,31,136191
32,4,3,43,79086
44,11,4,39,113245
22,0,3,52,71603
60,37,4,54,216529
42,9,4,49,116364
52,8,1,29,65475
57,0,4,42,84692
53,4,1,38,56220
26,8,3,35,88301
39,20,5,59,167684
55,0,3,26,68435
62,28,3,32,162649
54,30,3,21,161715
32,1,1,35,43758
63,7,1,41,73733
46,7,5,29,115958
58,28,3,42,172684
54,4,5,27,99766
34,6,4,45,99144
27,1,2,40,58448
37,17,3,28,117221
30,0,4,39,73274
62,24,5,53,184576
65,32,4,49,198347
32,5,5,43,109780
45,25,4,53,177999
36,6,1,21,52023
32,2,4,49,85981
33,0,5,24,79127
63,24,5,50,190222
62,22,1,48,134240
25,0,2,22,44380
24,0,4,45,77884
53,32,2,37,173829
52,0,5,32,91789
37,12,3,37,102072
53,22,5,53,179499
38,16,1,48,102866
30,8,1,37,65402
30,11,4,37,111937
41,10,5,29,116800
56,32,2,58,180596
38,5,5,28,97289
21,1,1,39,35453
40,1,1,33,40310
36,8,5,27,108509
41,7,4,57,109440
24,0,4,29,72813
41,17,1,44,102610
53,7,1,37,73498
27,1,1,28,34513
53,10,1,26,70417
63,23,4,44,166028
32,6,4,38,100592
29,9,4,50,116135
55,30,1,57,164158
57,15,4,42,134394
48,27,5,25,177959
29,4,2,35,61964
47,20,1,25,110925
79,29,5,33,196275
47,12,4,35,119772
50,24,5,51,187206
37,6,5,27,105737
52,13,2,53,107943
35,8,1,54,74802
28,5,4,51,101493
54,15,4,37,136106
34,13,2,49,100907
48,16,5,31,149079
59,26,1,20,127901
48,16,2,55,123663
64,23,3,57,159275
52,6,4,59,112076
51,3,5,21,94625
59,11,1,24,79985
60,7,4,47,110096
32,4,4,43,94105
58,8,1,21,71508
40,5,5,41,107075
42,6,5,50,114173
27,4,3,28,72070
36,12,4,23,114646
41,12,2,42,98231
24,3,4,29,80686
44,20,2,52,127892
36,11,2,34,85001
61,26,5,36,186843
27,5,1,22,51246
62,11,3,59,120503
25,0,2,30,41076
42,19,5,56,166876
65,21,5,52,176529
45,10,2,46,95135
36,10,3,41,97947
44,11,4,22,113509
32,2,5,20,86993
61,12,2,54,113911
30,4,5,39,97772
49,16,2,40,112621
60,17,4,48,151583
26,0,1,22,26288
29,1,1,45,48150
62,35,5,59,227958
41,18,3,59,140297
58,30,2,21,157254
48,24,4,41,161328
46,11,5,49,131305
30,9,4,52,110436
52,19,5,42,163661
42,16,2,48,111328
33,0,3,34,58178
27,1,3,46,66863
43,5,5,46,109900
60,9,3,60,115407
28,2,2,22,45414
34,1,1,21,31764
33,12,3,40,110434
65,36,3,29,198925
37,7,4,56,107056
57,10,4,52,122845
39,16,5,60,156076
52,6,5,57,121435
44,8,2,37,82606
32,8,3,57,97543
43,14,1,26,89183
32,8,5,28,108948
55,26,1,54,144509
23,2,4,25,75189
41,19,4,59,151137
61,27,4,44,177849
54,9,4,46,114929
47,20,5,28,153648
57,27,3,42,168147
35,1,1,54,47217
21,0,4,53,80032
34,9,4,52,112192
42,12,2,32,89878
64,22,2,42,144473
63,35,3,47,197221
51,7,2,54,90141
36,5,4,37,97576
39,0,2,60,65935
46,20,5,48,168521
35,7,3,32,82290
39,10,4,58,118257
33,6,3,50,95285
34,5,1,49,67460
22,3,5,45,96922
39,5,3,36,81951
48,19,5,49,161778
48,11,2,44,95035
28,6,2,31,63969
22,1,3,21,52607
39,4,4,52,94659
41,1,3,43,72081
28,9,4,30,105564
47,7,4,48,108778
53,7,5,40,114598
58,7,1,30,63561
27,2,3,20,54878
33,12,4,33,119509
37,8,4,44,107931
50,5,3,20,77723
63,29,4,35,181169
28,1,3,46,69866
33,6,3,38,82227
63,42,5,56,254270
63,5,4,28,98913
44,2,1,37,46160
59,18,2,45,126880
61,1,2,54,76207
49,17,5,23,141728
39,6,3,49,88706
36,9,3,44,94971
40,17,4,25,133969
37,6,2,39,74297
40,21,3,31,139913
34,11,1,45,81609
40,7,3,22,78095
30,1,2,45,52857
34,5,2,24,64902
44,3,3,46,85963
21,0,3,40,59992
50,3,2,35,63355
25,2,2,55,62339
65,15,3,34,124106
59,17,1,51,115465
45,16,1,40,103760
51,13,5,29,134447
58,39,4,47,226757
49,9,2,43,92459
43,16,2,38,106345
30,2,4,59,93241
50,12,2,22,95660
60,36,4,34,203665
35,9,2,25,78358
61,21,3,26,143641
23,0,5,26,78019
58,3,5,56,117095
27,3,5,49,100209
34,8,1,34,70368
35,10,1,31,73129
58,4,3,21,72656
28,2,2,46,61436
38,7,1,23,59846
47,0,2,59,64973
31,1,4,32,76272
27,1,1,23,38654
37,15,3,31,113271
23,0,5,30,79831
37,10,1,40,74857
26,3,3,30,64549
32,4,5,38,102643
39,12,1,51,92361
21,0,5,37,83113
37,9,3,28,87018
45,21,2,23,124534
22,0,4,51,82130
38,14,5,43,141883
46,15,5,31,143808
34,2,5,53,98839
43,18,4,32,142082
33,10,4,28,108360
39,13,4,59,130288
46,7,2,25,76753
55,7,3,40,99641
33,12,1,45,83088
63,18,3,32,137249
40,14,4,34,120139
55,0,4,43,83934
53,33,2,43,178825
52,25,3,56,164600
30,4,5,42,102178
65,1,1,50,60765
47,29,2,31,150822
48,5,1,44,60951
47,2,3,28,70908
57,0,2,20,54720
53,28,2,50,159695
55,14,3,56,131522
50,20,5,40,160291
21,0,3,58,69686
41,13,5,54,139730
27,4,5,27,90216
24,0,1,37,36349
33,9,5,22,107817
62,9,5,54,138279
56,21,4,28,154624
65,21,2,52,145068
46,4,4,24,90859
60,26,5,51,196750
59,9,5,58,132048
49,18,5,50,163131
43,2,4,53,92737
64,24,5,51,183012
52,12,2,29,93740
52,23,1,23,122364
45,3,5,20,93224
42,0,5,22,84351
31,8,5,59,126614
55,33,1,36,157692
50,14,3,55,122472
22,1,5,38,89447
39,3,4,31,88403
51,29,1,46,151984
23,0,4,40,76175
44,19,1,59,118462
41,5,1,60,71200
59,24,5,22,176257
36,2,5,33,89232
37,12,2,39,97226
50,27,5,49,188089
27,2,5,43,96282
61,26,1,49,149473
40,0,3,42,65750
44,13,4,45,129013
59,7,5,41,121197
48,17,1,20,95591
48,26,4,57,180893
32,7,5,56,119282
33,10,2,54,91435
58,28,5,37,195385
64,34,3,49,199344
53,4,2,31,65558
63,23,1,38,129621
59,25,5,44,184108
29,0,5,50,94078
29,2,5,59,99345
37,5,2,59,78958
46,21,4,57,165699
65,18,5,29,156793
43,19,1,59,115920
25,0,5,48,88642
40,1,5,49,101699
23,0,5,38,82030
21,0,1,30,34058
41,5,4,51,101014
53,1,2,51,69049
55,18,4,32,137549
60,36,4,48,214101
53,0,5,27,88560
26,1,4,54,89656
23,0,2,43,51669
46,25,1,53,137800
41,7,5,25,107280
36,3,2,56,70571
40,16,5,51,149899
39,0,1,40,40215
29,5,5,47,104524
53,9,3,36,97709
39,8,2,41,85324
46,7,5,53,123888
65,43,1,56,205375
51,4,1,49,65578
23,4,1,23,38672
24,2,2,32,54238
61,9,2,20,81083
59,29,3,41,169593
53,13,1,34,90441
28,0,4,44,78275
35,11,1,33,73439
34,6,4,21,91084
36,9,4,43,106180
52,0,4,52,85576
58,18,2,42,125743
61,10,1,39,78974
60,27,1,58,154992
50,26,1,31,135179
52,10,5,41,124982
52,27,2,55,162150
56,25,5,41,178859
29,4,4,48,95013
34,6,4,23,89817
39,9,3,56,107486
59,14,1,40,93936
36,9,2,25,76650
43,4,4,52,95704
28,3,4,55,92396
29,2,3,31,63862
38,4,2,48,68148
46,22,1,30,116305
56,11,2,24,85794
51,14,4,46,138844
58,35,4,30,199428
47,10,1,34,78290
52,5,5,29,107905
43,18,4,49,144343
51,21,5,58,180259
55,7,4,27,97418
49,21,5,52,174546
33,7,4,58,110525
51,4,2,49,76875
55,0,5,45,100264
26,3,3,54,81580
65,20,3,48,147635
30,0,1,47,39635
47,11,5,42,137152
29,9,2,60,97779
47,26,5,42,185323
54,16,2,51,118023
26,0,4,44,75188
29,5,4,33,92540
65,30,4,21,184064
32,12,2,41,90525
35,11,2,29,90918
62,33,4,28,189993
40,17,4,34,136422
23,4,2,38,66717
33,12,3,27,100443
61,33,2,46,177311
43,12,2,21,86842
37,1,4,23,71118
29,2,4,57,91716
22,0,4,37,71175
25,2,2,30,56163
41,14,3,22,104437
48,19,5,59,173221
48,6,3,34,83714
41,4,3,33,77539
35,10,5,35,118398
40,15,5,52,148207
55,15,5,39,148091
27,4,3,32,74551
62,9,5,45,130028
21,0,3,41,60002
22,0,2,26,45482
33,0,5,39,88660
35,9,3,54,108585
55,9,5,35,120398
49,19,3,24,127687
48,22,2,23,120810
29,5,2,38,69138
35,10,5,52,125518
51,2,4,52,95508
43,4,4,45,97353
41,11,2,38,90435
36,0,2,48,52764
44,1,1,60,56889
24,1,4,32,73216
52,29,3,22,162303
57,13,4,25,119975
33,3,3,32,71013
26,0,2,78,58428
49,10,4,38,113549
55,10,1,57,94894
49,17,5,31,149984
32,2,3,47,76487
22,0,2,44,48747
42,8,1,35,68258
56,23,4,45,169232
36,2,1,33,41640
45,19,4,32,140652
25,5,2,24,62072
24,2,1,29,42375
27,7,5,39,108185
41,7,1,37,67148
34,5,2,41,74439
58,9,3,45,105917
64,13,4,46,138445
57,12,3,52,122319
56,19,2,41,129163
36,7,5,47,115554
63,32,2,35,173825
52,19,4,55,155849
61,11,2,38,99702
27,0,3,33,63240
57,15,3,44,127638
22,1,5,45,94214
38,10,4,46,111987
49,12,2,24,90809
29,7,2,27,69038
30,3,3,46,77420
23,2,2,51,59264
30,1,4,42,84313
51,10,2,49,100048
28,1,1,37,39032
60,11,2,53,105269
21,0,4,47,73911
23,1,5,51,92143
65,10,2,35,91692
46,12,4,20,109011
44,12,2,46,105671
52,24,3,35,147690
43,3,4,29,88877
52,21,1,22,106668
31,0,3,34,61910
24,2,4,47,79755
43,24,5,60,186191
38,17,2,22,104134
26,2,2,37,60498
41,4,3,46,86485
61,7,5,23,110043
52,26,3,45,161057
27,2,4,58,88074
58,27,3,56,174960
45,20,1,32,110382
54,4,3,47,93227
46,16,5,25,137799
50,28,2,36,155012
61,8,2,21,75220
31,9,5,34,111790
27,0,4,57,85945
34,6,3,51,91301
44,23,1,47,130030
53,26,5,41,187325
49,16,1,40,96602
45,10,4,31,107270
25,1,5,32,88043
27,4,5,41,102330
47,16,5,41,153448
28,1,4,21,64173
23,0,4,26,66751
57,13,1,53,97084
31,1,4,57,91015
55,3,4,40,90842
51,5,2,57,87345
57,4,1,49,62102
22,0,5,59,93426
26,0,4,44,76277
26,2,3,24,63168
35,17,2,50,116784
35,9,5,33,113373
47,13,3,20,99984
43,6,5,33,112416
42,2,1,53,53511
65,21,1,57,131479
30,3,5,42,101151
63,8,5,44,130898
25,5,1,43,56836
56,22,4,52,165144
35,7,4,59,108160
40,15,5,37,146315
43,22,4,35,152484
36,12,4,31,110138
63,20,3,58,152186
32,4,1,28,50483
29,1,1,58,52725
65,22,5,34,176849
52,13,4,46,126614
31,6,3,26,74400
25,1,1,44,41227
64,15,1,48,107764
56,14,1,56,100032
60,27,5,32,188570
61,23,5,32,177786
41,4,4,27,83489
46,4,5,27,95395
53,18,5,27,147841
65,4,3,39,87619
35,10,1,60,88879
21,0,5,47,87846
21,0,3,54,68910
60,7,5,38,119594
38,19,3,33,128142
63,4,1,25,51673
33,9,2,27,77443
31,3,2,60,67932
43,20,3,43,134379
22,0,2,37,50493
29,3,1,21,38135
42,16,1,57,106557
56,29,3,36,172527
31,10,2,38,90769
27,0,2,29,44813
39,12,4,58,130251
55,29,2,44,160065
26,5,1,55,61974
63,0,4,78,96638
49,18,5,45,162655
27,1,3,47,72932
35,5,5,29,96965
65,1,1,55,62296
65,34,4,53,207731
28,2,4,36,78804
49,9,5,39,125941
35,0,5,44,93641
37,1,1,58,52160
45,1,1,32,42809
38,11,5,25,117265
23,2,2,47,60527
53,8,5,54,130924
59,24,1,30,130288
26,0,1,38,42262
32,7,1,26,59294
64,13,4,53,133831
39,13,1,57,100391
32,0,5,58,95249
63,22,3,40,150014
40,11,5,43,133116
55,31,4,53,194455
38,9,4,48,110785
35,9,1,51,74090
51,1,4,47,87414
33,4,4,31,89135
58,33,3,24,179260
48,8,5,37,123873
32,8,2,34,80819
59,34,3,26,184584
21,0,2,55,52007
51,27,3,34,156851
26,8,2,31,69525
34,8,2,56,87095
59,28,2,44,155863
29,6,2,52,81185
38,16,5,24,140756
48,28,1,35,145104
63,11,3,32,105288
34,6,1,53,65297
43,17,2,44,113628
24,0,2,41,50531
45,20,1,51,121054
25,2,1,23,36868
39,14,1,49,92327
64,23,5,43,175165
33,0,3,24,57547
64,39,2,47,205046
47,2,5,50,105873
27,0,2,40,53592
58,27,1,51,147869
63,35,3,22,191610
46,10,1,51,86033
36,13,3,49,116613
37,16,1,30,94980
25,5,3,36,76081
27,0,2,57,60591
34,8,3,45,92544
33,0,2,59,59527
25,0,5,27,83913
57,13,4,24,121619
60,25,3,28,156496
57,4,5,31,103388
52,31,4,46,191468
59,23,2,56,150147
45,17,5,43,149106
64,28,5,36,196369
25,6,4,23,85420
41,8,1,34,70096
30,0,4,45,77672
52,9,1,57,83936
44,20,5,52,172811
24,2,4,25,73672
55,16,1,44,103297
28,0,3,48,62282
34,7,4,36,96364
54,16,1,38,99542
34,3,2,54,67260
37,15,3,59,130084
57,21,4,23,144552
35,10,1,44,80922
38,12,3,23,101850
30,0,4,58,81933
45,1,3,38,72677
64,40,2,59,210107
34,0,4,46,76996
51,25,3,55,166359
27,0,1,32,37539
55,7,1,53,76777
47,22,1,24,116984
52,29,2,40,157533
32,8,3,51,98357
37,8,5,41,118318
55,26,3,23,157237
38,7,3,49,92452
29,1,5,23,79196
26,0,1,41,35473
27,5,1,27,50037
23,1,1,73,39454
57,9,1,48,86088
45,4,3,31,74713
62,23,3,34,149967
53,15,1,21,92487
61,7,3,28,94737
25,1,2,51,59598
42,18,4,50,145320
60,34,4,35,200538
39,14,5,53,142967
21,1,2,56,58672
61,28,1,39,143736
44,2,5,56,110079
59,18,1,57,124463
61,17,5,47,158550
27,5,3,28,71880
59,36,3,57,203799
51,24,2,58,153828
22,3,1,25,41459
57,6,3,28,83584
51,9,2,54,92854
54,7,4,45,113974
23,0,1,20,31954
47,3,3,38,82419
21,2,5,32,91399
53,10,4,32,116520
47,29,2,34,150693
49,9,2,46,88263
48,6,2,37,78430
58,25,3,42,157120
21,0,3,57,64941
54,13,3,22,109084
39,18,3,58,139657
23,1,2,45,54942
31,6,5,36,110105
56,35,5,21,211308
45,19,2,59,135159
28,7,5,31,105862
31,10,4,29,104527
23,2,4,45,86181
26,4,3,50,77007
44,4,2,32,68870
40,9,1,41,72328
44,22,5,58,178907
22,0,3,22,49605
53,25,5,43,183470
63,29,4,24,175452
32,1,2,58,64048
55,12,5,22,128604
36,10,4,43,112692
40,1,3,29,66338
21,2,3,45,71049
29,4,4,87,85338
56,19,4,20,139075
29,4,1,52,58636
38,3,4,48,90403
38,4,5,26,93504
51,11,5,53,142367
23,0,2,41,49665
46,19,5,36,154445
34,8,5,30,112732
61,26,4,20,164892
44,20,4,35,144883
36,0,2,28,50997
32,12,2,50,98453
21,0,5,27,82186
39,16,1,21,88881
39,12,5,31,131075
21,0,1,21,27298
35,0,3,25,61521
52,1,3,59,84969
54,12,1,46,90812
29,7,5,24,107523
30,1,1,51,45972
59,24,5,60,192445
26,6,3,39,79445
32,9,2,59,90410
46,22,2,41,131900
62,14,4,25,123436
50,19,5,31,158144
64,3,5,52,117414
46,16,1,24,91947
28,0,3,58,71172
27,5,3,44,78724
46,8,2,21,77550
31,3,3,21,60771
52,2,1,45,53559
22,0,4,58,83479
54,9,3,38,98720
29,1,2,50,58780
54,23,1,43,131236
24,0,2,21,37799
42,18,3,53,140786
28,5,4,57,101019
46,8,2,48,88391
39,12,3,36,111022
26,8,5,42,110855
41,2,1,50,50558
42,11,3,60,117708
63,24,1,42,132498
35,2,4,42,84899
51,2,4,34,89306
38,3,5,47,103457
61,28,3,51,175237
61,40,1,29,181205
59,33,1,37,161472
23,3,2,37,62308
30,10,2,58,100335
61,19,2,25,124843
30,5,2,46,76529
38,16,4,30,133274
55,20,2,32,127696
25,3,4,42,88495
31,0,2,26,40231
54,1,2,36,59462
57,12,3,28,108072
51,22,1,29,116030
38,10,2,29,84196
53,14,5,48,148729
24,4,5,22,87053
65,33,3,54,194054
57,7,2,35,78970
33,3,5,48,102716
65,25,4,54,177029
29,0,5,23,78972
43,4,5,58,111792
29,4,5,50,103432
39,10,3,55,104350
51,13,2,24,91505
59,14,5,23,132050
56,10,1,52,92946
39,1,1,48,51676
45,23,4,54,172583
58,9,5,55,135938
36,14,2,38,99500
52,4,5,23,99208
35,6,5,59,116033
41,2,4,52,87822
43,6,2,53,79048
62,20,2,53,136902
28,6,1,35,59905
39,9,1,45,72843
22,0,2,27,46422
61,19,4,33,143777
64,35,3,27,190931
21,2,5,32,89105
62,7,2,20,77572
44,12,1,20,75232
23,2,1,39,45710
28,1,4,52,88358
43,5,1,46,59931
54,9,1,39,74222
39,12,2,29,87444
51,24,4,32,161489
63,23,3,21,144873
38,10,1,38,75142
24,1,2,60,65513
53,28,4,54,185410
29,1,2,21,49824
45,24,3,56,163284
48,13,2,30,93477
65,28,1,57,155230
27,1,5,35,86400
62,34,5,51,223789
51,30,2,50,170843
42,3,1,33,53870
61,35,3,50,201421
48,3,4,46,90695
22,1,5,47,95056
46,5,5,46,112081
61,37,2,28,184447
44,0,5,31,87661
44,3,5,43,101132
43,17,4,40,142190
31,2,4,40,85104
31,4,5,49,109902
57,9,1,21,69165
32,8,4,32,97621
23,2,1,45,43781
35,7,3,56,95833
26,5,3,46,80877
65,41,2,57,210103
32,2,3,20,64075
41,8,2,39,83755
64,30,4,50,193042
65,1,2,33,65082
36,5,4,29,93087
52,9,4,54,123829
24,4,4,34,84490
27,7,3,29,79208
32,5,3,52,90787
44,5,4,27,92846
43,20,5,23,156961
52,12,2,58,114243
47,6,4,56,107087
25,1,1,56,51025
42,6,1,51,69443
42,17,2,29,113248
32,6,2,44,71674
22,4,4,29,77255
31,4,2,40,70551
41,2,2,58,69491
37,6,2,25,71212
23,0,4,41,74766
62,28,1,24,140053
50,1,5,44,101003
38,2,4,52,86335
54,30,4,38,188049
34,9,4,58,117679
49,1,1,47,52680
28,0,4,41,73809
32,3,1,40,49886
23,1,4,25,71762
42,17,5,41,150035
58,28,1,24,141325
48,10,2,24,84298
43,6,5,54,117967
22,0,1,53,42128
37,0,4,23,71134
54,21,1,49,126708
36,11,5,50,132291
23,0,5,48,91516
28,2,1,55,56416
44,22,4,41,157720
48,11,3,52,110950
47,8,2,55,96903
51,7,2,54,88764
60,8,4,36,108835
32,0,2,37,46569
38,5,3,39,79285
47,27,4,46,180092
41,4,3,53,92356
38,17,2,42,114411
21,0,4,45,76700
21,3,2,44,61507
37,3,5,50,108413
21,0,1,29,26840
45,11,1,47,88956
65,2,5,29,97121
51,10,2,22,81583
28,2,1,47,48082
53,10,1,40,85808
61,14,1,33,91807
49,9,4,28,107882
55,28,1,60,154759
65,18,3,48,140636
58,39,3,59,215396
60,37,5,37,224837
39,13,1,60,97537
31,3,1,39,49310
25,4,4,52,89558
59,1,1,59,59244
61,14,1,31,94134
39,6,5,26,99821
36,5,3,33,78443
62,31,2,38,172863
63,30,4,57,198432
51,23,1,60,134322
32,5,2,35,62411
23,2,3,58,75732
30,7,5,28,104862
64,20,4,28,146866
47,9,1,45,78023
42,18,2,56,130037
43,1,5,51,99825
42,15,3,52,127155
28,8,1,48,75600
41,18,1,28,104297
21,0,4,56,76579
63,34,3,54,201025
37,5,1,39,56359
60,34,1,30,167285
25,1,5,49,92508
38,6,1,43,66127
27,7,1,50,65443
21,0,1,57,44527
50,24,2,44,145745
38,14,1,54,101054
57,30,4,34,190180
64,25,5,60,190690
61,42,5,37,240654
49,12,3,49,120721
45,8,2,21,71115
52,5,1,45,68606
33,2,2,59,67930
42,13,5,45,141745
56,13,2,59,114260
29,2,4,24,76804
27,6,5,32,107757
39,15,4,26,121107
54,22,5,22,158698
28,6,1,48,62703
33,0,2,20,45803
40,0,3,56,70227
62,3,1,37,59801
46,22,4,28,151372
40,3,5,45,104909
40,16,5,25,144118
32,7,1,27,54370
26,1,5,38,93346
22,0,1,33,33756
36,12,4,35,113092
40,9,5,43,118832
30,4,3,59,88807
51,12,3,58,124237
29,7,1,55,68759
53,6,2,48,88200
57,23,2,36,142320
28,5,3,37,78756
32,13,5,57,146557
47,2,2,25,55986
48,15,5,29,139857
46,15,1,36,91408
62,14,1,60,106228
33,2,4,23,77588
25,2,5,47,92027
64,10,3,20,102569
46,18,4,21,137170
25,3,3,44,72582
55,32,1,29,150957
54,6,3,60,106704
42,13,4,48,125608
60,32,5,57,221594
55,27,4,54,185236
45,19,4,50,147313
22,2,1,45,48596
43,15,5,21,139271
51,16,1,28,95238
47,20,4,51,153872
61,0,3,35,74711
33,14,2,32,94628
48,14,2,47,105591
39,11,3,37,105327
49,10,2,34,87411
46,18,2,49,123625
48,9,2,39,91252
42,12,4,22,115203
59,35,3,56,203399
21,0,1,52,44559
40,18,5,56,159362
30,1,2,25,48989
63,39,2,60,206727
62,12,5,31,139631
54,2,4,22,81556
50,20,1,43,112827
53,1,5,47,102233
40,4,3,31,77107
53,14,3,59,132675
31,4,2,38,61700
51,24,3,21,146152
28,8,4,39,105177
39,13,4,36,119262
58,30,4,23,178256
45,0,4,39,78976
58,10,2,46,95006
45,3,3,20,72285
47,5,4,43,99905
37,2,3,50,74684
28,6,4,41,99510
38,7,2,48,79787
53,5,4,35,98826
46,0,2,36,51208
55,28,4,36,182428
25,3,4,43,87178
42,12,1,39,81503
59,16,4,21,134143
42,16,4,33,133774
60,21,1,36,124070
63,39,5,23,221577
55,31,1,33,147335
37,12,3,22,96051
31,8,3,54,95939
57,1,3,58,87341
28,4,4,29,87779
51,15,1,58,102825
37,14,2,22,91203
39,8,5,28,114824
34,10,2,24,75998
25,3,2,49,61452
53,16,5,38,151271
35,7,1,55,76407
47,2,5,32,98037
49,13,5,30,136172
33,2,1,33,43043
53,11,4,55,124719
43,14,2,34,100557
51,16,1,49,108613
27,0,3,51,69971
23,0,1,47,44611
49,7,4,42,105143
29,6,3,52,91261
37,10,4,42,112985
21,0,1,48,37983
42,15,3,39,115860
46,5,4,54,108780
50,5,5,36,111658
37,14,1,20,80176
60,0,4,59,96067
28,2,5,53,104132
65,26,3,26,157493
51,20,1,57,129007
28,5,5,31,102885
63,33,5,29,204908
30,1,1,54,45225
39,11,3,30,96359
45,13,1,26,85315
44,16,1,34,96454
31,12,3,51,111609
48,28,3,36,164248
58,16,5,39,155479
48,27,4,47,178740
23,0,4,21,62639
48,6,4,38,105176
45,17,3,59,139325
46,16,5,41,145881
39,17,5,58,155083
51,1,1,29,45722
53,14,5,32,140143
36,5,4,34,88385
62,31,4,20,183398
61,27,4,50,185780
41,15,4,46,133762
40,19,2,48,122589
54,10,2,47,96543
27,8,3,35,87775
62,29,4,50,189615
54,17,3,32,129163
56,16,1,51,110897
43,13,3,54,124809
57,8,2,27,80977
65,37,5,27,226053
53,3,1,47,60112
57,37,4,39,208358
62,18,1,30,111645
27,2,1,37,48112
57,25,5,54,188592
24,2,3,35,62446
56,7,5,33,116457
37,2,3,24,61946
60,17,5,57,160300
64,18,5,52,170136
47,17,2,57,124952
59,17,3,47,136568
60,37,3,35,200548
53,29,3,55,177441
35,4,2,48,68271
32,6,5,60,123728
28,6,4,54,105315
44,25,3,44,152472
21,1,2,30,51776
60,24,2,36,144676
35,1,1,30,40437
57,16,1,28,96651
26,4,4,30,79315
50,1,1,30,46402
48,13,1,37,84232
64,29,5,51,203268
32,8,5,25,109057
49,9,3,53,111113
62,8,2,53,92597
44,22,3,55,151726
31,2,2,54,61955
57,14,3,47,126300
21,0,5,57,93060
23,1,1,34,41706
39,20,3,38,136787
65,23,3,35,151455
23,3,1,51,53559
35,13,1,30,80728
26,1,5,41,91376
25,2,1,25,34998
48,27,4,23,163712
23,1,4,58,89766
46,5,5,52,113726
46,25,4,22,162508
58,34,1,48,168890
49,9,3,25,89645
46,11,2,57,107590
56,9,5,27,119885
30,8,3,30,90443
30,3,2,25,52737
64,6,2,42,88073
23,2,1,28,37831
22,0,1,52,42697
61,5,2,30,72429
54,11,4,49,129634
28,2,2,55,64269
54,4,3,47,92413
24,3,3,70,58781
22,0,2,59,56296
44,10,2,23,79291
43,20,3,27,133245
47,20,2,39,127572
25,2,5,24,84342
24,0,4,34,73781
36,3,1,26,46201
54,2,3,34,76100
65,15,5,23,140055
23,0,3,38,61473
21,0,3,25,50696
60,36,5,44,220114
56,3,4,42,97809
49,5,5,21,97997
60,19,3,36,140421
21,1,3,44,68441
21,0,4,56,77131
61,35,4,22,196137
55,21,2,43,133596
31,10,4,28,105285
45,12,5,21,128568
55,25,2,58,157965
27,2,3,55,77846
60,17,1,32,99972
62,35,2,45,191076
23,0,4,48,82500
63,39,1,23,175153
26,6,5,22,94886
44,6,1,57,77339
30,0,3,57,72823
52,28,3,56,180579
23,0,1,52,44502
39,6,5,31,108543
45,19,3,56,147428
40,11,1,60,91049
60,16,3,32,125569
57,22,2,22,127380
55,26,1,31,129295
28,6,3,20,69479
44,0,4,30,70630
24,0,1,20,25045
64,9,2,32,85754
33,4,1,38,48768
26,2,5,53,100582
24,2,4,29,73810
33,2,4,40,83692
53,22,1,56,135180
59,20,5,49,169996
47,11,3,53,110355
44,20,4,39,146510
41,4,4,48,94277
48,17,5,20,145996
63,10,5,52,139958
56,3,3,42,83882
50,25,1,44,136935
31,2,4,53,86980
44,7,1,25,58501
55,2,4,55,99047
63,13,3,48,128037
43,19,2,26,111415
34,0,1,54,43603
36,12,3,41,104245
49,18,3,47,135903
43,13,5,31,137198
31,10,2,38,90652
53,0,4,50,85219
38,7,4,30,97326
41,10,4,26,106350
32,8,3,45,92559
57,31,4,53,203471
54,15,2,45,118166
32,9,4,22,102506
54,31,2,32,168287
53,15,2,41,113426
27,1,4,39,81676
59,3,2,47,76656
35,5,5,26,104427
36,13,1,47,92237
64,27,3,47,176667
30,5,3,40,81858
59,14,5,44,148715
23,1,1,26,37481
22,0,4,31,65498
59,13,5,40,145957
29,3,1,43,51898
50,28,1,23,135424
27,4,4,35,86885
49,17,5,47,159487
64,29,1,25,140213
25,1,1,21,30872
50,20,5,31,156263
55,30,5,48,208427
25,0,3,27,59317
24,0,5,24,78193
46,16,3,49,132971
51,7,2,35,77533
52,17,3,42,131315
61,19,1,53,123995
27,5,1,45,62393
53,4,2,24,60045
48,5,3,34,85308
30,1,5,39,88044
52,16,2,37,114531
36,0,4,43,74721
23,3,5,45,103530
63,3,4,39,91112
54,15,2,52,112705
45,6,1,31,55934
59,10,3,32,105937
34,3,4,52,90490
22,3,5,51,96910
44,17,1,52,105652
61,26,4,33,171438
24,1,5,54,97497
43,2,1,54,58965
31,9,2,52,86922
41,12,3,29,104557
36,16,5,31,140087
27,8,2,51,79792
30,6,4,30,93063
25,1,1,58,54482
32,2,1,31,42912
61,8,2,32,80057
59,5,4,33,99645
49,4,1,60,64414
64,8,3,57,114669
22,0,1,24,27913
38,15,3,29,109136
23,2,2,90,61971
32,1,1,31,39996
57,5,4,60,114499
43,9,1,40,71076
61,30,1,27,149740
33,5,2,22,65419
55,16,5,55,161613
48,29,1,40,147883
27,4,2,51,70720
58,32,4,37,195034
34,11,3,52,113927
56,20,2,42,129080
33,8,4,31,101365
51,18,5,25,150425
48,9,3,31,95757
57,5,4,43,98172
52,22,2,46,135052
50,2,4,35,88395
55,22,4,70,162400
42,12,1,47,84511
48,14,5,36,139475
21,3,4,24,79634
44,19,2,53,128504
49,11,5,26,126309
56,16,2,39,113995
61,13,2,42,109380
34,4,3,41,78981
62,14,1,32,96706
46,7,4,47,112546
52,7,3,40,97359
50,5,1,31,56985
31,2,3,32,68001
54,27,5,33,187687
65,45,4,26,237954
43,8,4,50,111105
54,13,2,26,100923
47,9,4,43,109191
39,20,2,40,122719
62,9,4,21,107650
35,8,3,50,95790
38,2,3,28,67999
61,6,2,48,88667
23,1,3,36,61806
63,27,4,46,185112
50,23,2,57,145554
40,3,1,52,56462
45,7,5,30,112064
34,3,4,41,84665
40,17,5,38,153373
29,7,5,24,108427
44,8,2,27,72880
35,7,1,55,68341
41,6,5,51,113125
36,1,2,34,58432
65,27,1,44,148615
23,1,1,21,36062
29,5,5,43,103499
54,30,2,22,157155
53,19,3,43,140743
40,14,1,35,88934
24,4,4,29,77666
62,23,4,59,176005
35,1,5,25,89619
36,4,4,46,98116
31,4,5,44,102970
23,0,3,59,69989
54,23,4,41,163088
24,2,4,22,67985
56,17,4,50,152652
37,8,1,51,74867
46,12,4,32,120168
26,3,2,32,60375
29,5,5,20,96318
65,20,2,29,131491
42,0,3,40,64562
47,7,3,50,100102
54,23,3,51,156259
50,21,4,33,155075
48,2,2,23,52853
60,19,1,49,122782
36,10,2,56,96558
54,29,3,38,175908
52,5,5,42,108655
36,1,3,40,73499
60,14,5,42,146733
59,25,2,48,154733
31,3,1,51,53431
48,18,2,50,127565
39,12,4,21,113665
52,14,3,38,121477
56,33,1,27,156170
27,0,1,49,41364
25,5,4,60,98177
47,9,1,40,74327
64,8,3,31,100655
39,7,3,60,99951
61,37,1,21,166252
22,1,4,46,75561
53,0,1,21,37411
40,15,1,35,93433
58,20,4,41,156998
26,1,1,34,43972
64,6,2,60,88545
51,28,2,44,153233
43,18,5,56,166421
57,37,2,34,188660
34,6,4,86,105322
26,1,4,45,81682
52,3,2,32,62647
32,3,5,53,105810
62,28,5,27,191438
35,9,5,23,111000
42,0,5,49,94342
40,12,2,24,84890
47,12,2,41,103740
27,6,4,42,98333
48,12,4,56,129348
65,44,1,41,207809
40,11,3,36,106437
31,11,4,43,119988
23,0,2,39,48657
32,8,2,37,83028
58,31,5,29,201768
61,37,5,55,235252
27,0,4,20,69051
37,6,4,27,96495
34,9,1,23,59061
23,1,4,44,84004
28,5,2,58,73921
25,2,2,50,63345
60,0,4,29,77504
25,1,1,58,50094
45,22,4,47,160588
49,7,2,35,83706
60,39,4,55,228665
58,39,5,25,226968
24,0,2,52,53584
42,15,1,29,88614
43,16,4,41,132342
59,22,1,32,117135
25,1,3,53,69898
52,7,5,44,123263
60,15,1,22,96691
21,0,5,52,91524
44,21,1,21,104993
54,28,3,53,172027
30,4,4,54,98913
65,12,2,47,106526
60,8,5,23,113131
35,5,3,51,87602
65,44,4,45,245314
21,0,3,56,70038
33,8,5,47,115378
55,18,4,58,158979
40,12,2,57,100514
61,5,3,42,92293
62,20,1,50,127409
40,10,1,42,80541
53,22,1,20,111630
50,5,4,41,98302
58,2,1,27,44390
39,14,3,35,117493
34,4,3,51,85484
60,22,4,31,159124
50,2,5,50,101173
28,6,4,59,105153
51,10,2,41,96124
57,24,2,37,143737
34,5,3,46,81569
39,15,3,22,109176
49,14,4,47,133639
39,7,5,34,111006
31,4,1,53,59494
59,2,2,34,60367
26,2,5,23,83764
53,24,3,23,141200
51,14,5,30,134640
46,24,3,54,162116
37,10,3,32,92343
65,39,1,55,199119
21,1,2,27,44943
37,18,2,38,113894
60,22,2,33,131680
27,0,1,29,34160
46,3,3,47,85561
31,0,5,48,88398
39,6,1,53,67185
32,3,3,21,62758
26,7,1,35,65097
45,7,5,51,126754
24,5,3,58,91076
21,0,3,60,70291
26,1,3,20,59615
50,20,4,48,156718
46,14,1,35,94051
32,0,4,48,75445
28,0,5,40,90357
36,5,2,60,76818
56,6,1,30,60434
46,22,5,41,172915
24,1,5,26,84755
25,1,3,49,69401
34,5,5,23,96760
40,1,2,43,57264
43,7,5,60,127762
23,0,2,60,59534
33,11,1,60,88078
57,17,1,26,98751
63,15,3,59,134594
26,7,3,37,88878
54,5,1,48,68257
21,0,3,53,72395
33,3,4,60,94826
50,8,5,37,118677
28,3,1,32,42767
53,9,2,55,96346
65,2,3,41,83018
58,11,1,26,78465
60,29,3,57,184593
22,2,4,36,76821
50,26,2,50,153145
46,13,2,43,104826
42,7,5,31,107576
33,6,3,20,72598
29,5,1,54,60324
30,5,4,47,92108
21,0,2,43,50217
37,1,1,55,48769
57,30,3,48,181382
34,5,5,23,97231
35,12,4,54,121987
57,2,3,51,88196
63,8,5,40,130247
55,22,1,60,139114
64,9,4,58,122977
22,1,3,40,69180
49,16,4,35,135128
27,1,2,22,47110
49,24,3,49,162777
41,10,2,41,91711
65,4,1,45,64180
47,21,4,44,155131
40,16,2,39,107123
54,18,2,41,123923
43,18,4,39,145100
26,0,2,52,55959
48,22,1,41,120131
39,8,2,40,84904
61,8,5,47,123517
21,2,3,40,69741
37,9,4,33,110123
30,8,1,52,71466
63,8,4,42,116710
44,23,1,44,130761
51,28,5,26,186628
24,1,2,33,47576
85,27,2,24,145599
25,1,4,41,79712
21,0,3,40,58940
31,9,1,35,73782
43,12,1,20,80276
50,18,5,21,149652
49,6,3,56,98201
59,25,2,28,142485
48,4,2,38,70363
37,12,3,57,118171
29,3,2,25,56617
32,0,1,41,38260
28,2,1,36,40889
45,11,1,42,85449
38,3,1,20,41144
41,7,3,56,103350
42,6,4,23,89910
62,5,1,34,60630
40,2,2,34,55211
55,15,4,50,140596
60,18,4,46,152820
32,0,2,33,52453
58,34,4,35,204464
46,1,3,30,67731
32,0,4,28,66430
29,3,4,30,83413
41,1,5,54,101299
24,0,5,35,87231
37,12,5,43,131893
57,4,2,22,63533
24,5,4,28,86005
44,10,1,35,77736
49,18,2,54,126671
39,5,4,44,99556
59,33,5,44,216281
22,0,1,41,40846
42,18,1,55,109322
39,14,4,52,130981
58,18,2,82,132518
48,18,4,21,136355
46,23,4,20,146837
62,28,2,51,160398
63,7,2,42,91640
38,18,3,54,134778
44,2,4,45,89615
39,3,5,59,112708
47,4,1,60,70075
55,15,3,43,129491
34,10,5,41,122426
41,18,2,39,115290
40,1,2,29,56671
32,5,2,29,66650
40,13,3,36,113386
60,26,2,33,143598
54,17,3,60,142114
45,7,1,24,60125
43,18,2,45,123507
27,7,3,35,81581
54,12,1,48,89762
37,13,3,22,101059
65,11,3,34,109828
23,2,3,23,62681
57,22,4,54,171452
53,9,1,59,87869
21,0,2,41,45541
59,19,3,27,137302
44,19,4,25,134346
29,4,2,21,54521
40,6,4,27,97070
27,5,5,25,101698
51,27,2,39,148418
38,11,5,52,130815
64,41,3,47,217971
38,13,3,35,109340
52,5,5,41,107908
32,3,2,38,64884
51,15,1,37,95965
45,14,5,56,144376
39,15,1,43,95908
60,15,4,32,132911
48,26,1,46,135880
52,20,1,34,114133
41,8,4,55,115082
48,21,2,55,142058
26,3,4,36,86751
60,12,4,22,120096
22,0,2,37,52030
65,13,2,24,101497
57,24,5,54,183687
22,0,2,41,48244
64,0,4,53,92646
64,1,1,29,45508
51,5,3,38,86468
50,3,3,54,88070
61,2,5,51,105016
32,0,2,21,38832
37,5,1,54,62363
30,4,4,48,97836
42,18,2,55,123349
57,36,3,26,188594
23,2,3,56,72791
53,27,5,54,195982
21,0,2,40,48685
61,28,3,43,175835
44,5,1,22,55778
26,6,2,20,56980
41,5,4,53,107700
23,0,1,29,34679
43,3,1,33,49772
33,9,4,20,97377
39,14,5,35,139937
51,13,2,33,99991
47,6,5,41,112915
47,22,3,23,134163
56,13,4,20,117316
48,19,3,48,142825
49,2,3,32,69630
44,10,5,25,121930
49,3,2,34,66095
21,0,2,47,49519
56,2,2,24,57854
65,9,3,56,115133
48,25,3,48,163473
45,25,3,29,147707
23,0,5,50,91016
48,21,1,58,128587
41,12,3,58,117529
65,10,4,48,120851
21,0,3,31,58933
50,20,2,28,119488
59,9,4,35,117593
27,0,5,39,85195
63,1,2,60,80010
26,2,1,59,59567
55,27,5,25,178958
21,0,2,56,60306
32,5,2,35,64417
38,13,1,44,92654
44,5,3,39,81995
34,0,3,51,74053
60,1,4,44,91502
21,0,4,39,72818
49,2,3,41,81585
35,11,2,53,101460
56,1,3,46,74986
49,20,1,58,121830
24,5,3,32,77333
30,5,4,40,92281
42,17,1,47,110321
61,21,1,35,123067
35,15,2,36,101379
64,1,1,46,53809
59,32,5,26,203046
37,0,1,58,50266
23,1,2,41,56627
21,0,4,27,67452
61,22,1,34,122582
29,4,2,33,61939
53,12,2,60,113228
60,8,5,46,124418
47,3,2,47,71604
22,1,5,36,91263
26,3,3,42,73873
51,24,5,31,174485
54,10,4,47,123670
47,7,1,27,58634
56,24,2,24,136082
38,15,4,46,131332
37,14,1,38,87684
39,13,1,50,97040
50,21,5,35,167635
25,2,4,52,91926
44,11,4,55,123412
34,5,2,39,72147
36,2,5,54,108442
48,0,1,38,46454
54,5,2,39,77560
25,0,1,45,44451
46,5,3,50,93413
37,13,4,48,122994
54,33,1,37,163861
48,25,4,42,166418
62,18,1,28,106100
65,20,4,33,148511
57,30,3,56,186885
30,8,3,41,91523
22,0,5,37,81488
61,25,5,24,173432
41,5,5,52,111611
29,0,3,55,70686
31,4,3,30,71363
47,22,5,44,174899
54,21,3,33,136996
61,35,1,30,164902
39,12,5,44,139008
49,0,2,53,60040
23,1,3,35,65113
24,1,1,28,36780
53,32,3,35,183417
40,15,4,25,123579
55,17,5,34,155691
35,6,3,33,82284
61,28,3,37,168529
46,12,3,22,105710
38,7,3,28,83326
26,2,5,45,91793
55,6,1,33,67960
60,28,4,20,169145
33,3,4,50,91842
24,0,3,60,73974
48,19,1,21,106921
49,27,3,46,164478
56,20,5,55,169240
40,9,4,44,114198
21,0,4,36,66480
52,25,1,26,127603
24,4,3,53,83739
46,10,3,57,116886
24,0,5,49,87584
24,0,5,57,98025
52,11,5,21,121193
45,8,5,48,122502
53,16,3,29,117081
25,4,2,59,75784
38,1,4,50,86970
45,2,2,48,64674
35,12,1,56,92120
65,4,4,29,90089
45,14,2,24,97449
61,36,3,42,202540
49,21,4,28,148290
39,9,4,36,104441
60,29,3,51,182869
57,7,3,43,96635
48,14,2,27,98879
54,7,3,57,100218
57,3,1,58,64042
59,1,3,39,73766
36,0,1,44,47866
29,6,5,31,106873
55,28,3,28,167035
46,12,4,30,117975
40,4,2,38,62886
51,14,3,51,123296
62,15,1,51,108622
30,6,2,37,74651
59,21,3,58,154635
22,0,5,53,87874
59,37,5,46,229559
47,22,1,21,114398
21,0,1,52,46578
33,9,2,43,82133
61,17,3,31,124497
53,16,3,26,118257
46,4,1,27,53002
61,27,4,56,187763
64,15,3,37,127207
58,32,3,46,183896
35,14,4,20,119947
45,15,1,23,89542
39,11,3,41,110097
32,9,1,22,65115
50,2,5,38,100131
59,18,2,43,126697
51,3,3,37,78551
27,0,5,41,85835
57,3,3,33,81631
32,10,2,57,98883
50,10,1,26,69987
58,29,3,28,167406
32,3,2,38,65073
26,1,2,38,50104
62,9,4,32,112969
64,13,4,49,137115
62,31,3,51,189850
51,11,2,32,87729
43,9,1,51,85389
47,10,3,58,117258
28,3,3,45,80936
59,18,5,57,167378
50,5,3,24,75089
55,4,1,33,56192
35,11,4,27,105863
35,8,2,50,86818
31,7,5,53,114056
65,15,5,22,139565
47,2,4,39,92077
28,1,3,25,60234
50,26,2,20,138975
25,0,2,36,46569
54,6,4,57,115157
56,20,1,56,128098
53,29,2,47,159752
57,23,2,35,133415
43,3,3,58,85148
64,19,3,29,138440
49,11,3,43,113580
54,28,5,44,195594
38,10,3,50,108683
38,13,2,50,100421
47,18,5,60,169318
53,2,4,38,86754
55,1,4,48,91027
48,18,2,22,109130
63,29,1,38,154055
56,0,5,30,93783
41,3,1,59,66077
28,4,3,38,73513
64,15,3,43,129428
45,4,1,60,73060
36,7,4,21,92635
57,12,3,24,104097
63,39,3,28,208885
56,5,1,54,72201
42,21,5,47,165761
53,21,4,46,159882
65,4,1,49,68209
30,5,1,22,45581
64,40,3,36,208592
24,1,4,26,74657
24,2,2,38,51204
47,18,1,48,111178
59,29,3,28,164294
43,14,5,60,151167
46,23,5,28,162865
27,4,4,26,79122
28,10,2,59,99369
29,0,3,51,69710
24,4,3,60,82158
29,7,4,29,89454
53,2,1,28,48056
56,16,4,26,130553
59,28,1,49,150934
26,4,1,41,49637
25,2,2,45,60012
32,8,1,30,63009
51,26,4,37,171261
40,15,4,30,131091
36,5,4,37,89776
51,7,1,53,77365
26,0,4,22,64229
59,6,2,57,89025
51,10,3,40,101713
55,30,2,37,166564
36,1,4,56,93401
58,24,1,37,135252
59,3,1,21,47411
45,3,3,25,66285
45,4,1,46,61511
51,0,3,30,61054
46,19,4,21,133324
40,13,4,39,120995
21,0,2,41,49381
22,4,5,54,104497
43,10,3,52,110376
61,39,3,34,205090
32,7,1,55,76313
27,0,3,35,60637
38,0,3,31,62357
34,4,2,22,58355
58,3,3,38,82765
65,46,5,53,270023
34,15,1,55,99451
64,3,3,34,76925
48,23,4,44,160173
33,5,1,24,50200
40,21,3,60,146114
32,1,3,48,72813
31,10,4,29,103783
41,5,1,27,58835
61,20,5,36,167442
60,26,1,21,128718
40,9,4,54,116927
56,34,1,20,153028
28,5,3,40,79933
59,37,2,25,180643
53,16,5,60,160864
21,1,3,52,72661
64,8,2,24,84917
25,1,1,37,42521
44,16,2,54,116478
26,2,4,47,89975
31,8,5,40,111043
23,0,3,51,65993
47,5,2,48,81459
48,6,2,29,73607
44,17,2,56,123206
43,6,2,59,85206
51,24,2,37,144757
27,7,2,41,71591
59,35,3,22,188092
55,8,2,33,85193
23,0,2,33,48508
62,42,1,59,201559
31,4,5,29,92225
25,1,3,29,59960
29,5,2,23,62477
58,6,3,22,79159
23,1,5,33,81815
30,3,2,60,73732
58,3,1,36,57603
38,0,3,21,60985
52,1,2,30,60724
36,4,3,53,84783
63,30,2,21,159739
77,5,4,29,86687
29,8,3,37,92734
54,12,2,38,97714
22,0,4,41,70259
50,10,4,42,116872
58,10,3,47,112204
54,5,5,50,120784
21,1,5,57,96437
22,0,1,21,25000
59,19,1,32,114938
57,5,5,47,117833
30,1,1,30,37948
53,30,5,59,206875
29,7,4,58,110021
64,45,3,40,228061
65,35,1,58,182071
39,14,3,32,111199
51,24,3,25,149809
29,6,5,40,110063
62,27,4,26,169494
48,7,3,37,93756
49,15,1,36,92414
49,21,3,39,146971
87,0,4,60,82595
24,1,5,60,100796
55,37,5,50,226628
50,19,5,28,158283
61,42,3,45,219797
51,4,4,42,101891
55,3,2,43,75593
57,27,4,40,178544
53,30,4,50,194906
33,4,1,28,52472
51,11,3,26,101565
51,6,2,28,75294
38,17,3,23,121341
46,22,1,36,118992
62,31,1,43,159175
42,18,4,37,141296
27,3,2,48,65498
35,10,4,39,113350
44,13,2,33,99766
48,20,3,54,145136
59,36,3,44,196685
43,17,2,54,125267
37,19,3,45,138124
45,7,4,28,93948
22,4,4,25,77184
43,15,5,35,145820
64,38,4,38,215289
61,24,2,32,140336
62,32,3,22,174990
34,5,1,31,52653
32,3,4,58,96874
41,7,5,29,105827
47,19,5,50,160320
26,1,3,23,58993
61,25,5,38,182913
21,0,4,27,65118
26,3,5,52,100619
45,19,2,21,110016
32,7,2,50,78253
36,8,3,24,87110
54,29,2,81,153838
61,6,5,54,124788
26,0,5,36,80798
40,12,2,58,103777
26,1,5,23,80898
58,14,3,21,116347
63,5,5,35,112685
31,3,2,46,70407
24,0,5,24,77997
61,22,5,60,179231
40,6,3,23,81618
57,10,3,51,115733
28,8,4,27,100706
39,8,3,26,84356
50,23,1,36,127401
26,0,4,50,82692
49,13,5,26,135521
22,0,2,28,40022
25,4,2,56,72143
33,3,4,31,79683
24,3,4,53,92801
49,31,2,20,160566
41,6,4,33,92473
65,25,5,54,187871
37,1,2,57,68800
41,14,5,36,139056
37,9,3,48,104570
49,11,2,48,102853
41,9,2,37,86612
25,3,5,53,106326
50,1,5,28,95054
38,19,1,43,107595
40,5,2,48,76396
56,18,2,54,126588
29,0,3,47,64519
57,26,3,41,160596
27,4,2,49,70744
27,1,4,37,80750
38,10,3,32,100308
55,27,4,32,169981
38,10,1,60,90348
57,26,2,25,144843
22,0,2,25,43901
29,4,5,50,103293
24,0,3,54,66456
64,18,3,36,137542
56,27,3,35,167965
34,5,3,44,82561
58,9,1,33,72299
61,34,5,40,218508
54,20,4,46,153836
57,39,5,26,223704
44,10,2,24,83068
57,10,3,45,113312
58,28,2,43,157473
39,11,1,40,85270
37,5,2,53,73342
27,2,4,32,74581
31,1,3,32,68032
55,31,1,41,152813
39,14,3,57,120397
60,1,5,29,92505
61,1,5,44,103383
49,7,1,35,72368
22,0,5,41,85638
34,6,5,41,107386
58,0,2,38,60179
37,14,2,58,110706
58,6,2,21,73010
58,18,1,60,120339
39,16,1,34,90871
57,1,4,60,98626
57,17,4,23,136807
34,6,4,50,101260
42,14,3,34,109311
36,0,2,55,62684
28,3,1,41,51196
34,3,4,36,84125
29,10,2,26,76607
43,10,2,56,96919
43,22,4,40,157576
58,18,4,58,151694
34,12,3,52,112753
65,3,1,50,60844
52,12,5,39,131456
35,0,2,22,43211
31,7,2,41,80392
32,2,2,47,62806
60,18,5,54,161964
41,2,3,31,64510
22,0,5,40,89506
58,6,2,51,88286
21,2,3,35,67965
23,4,3,33,77007
53,18,4,34,138332
43,2,2,40,66411
33,4,1,47,54621
35,3,1,44,55451
29,6,5,22,100410
27,4,3,40,81447
45,10,5,26,121079
51,21,3,25,133946
38,19,3,37,130609
49,30,5,21,189999
63,9,3,40,102103
26,6,5,37,101577
58,26,4,48,175400
31,5,5,21,99034
36,10,2,23,81956
46,16,4,52,141275
63,17,3,44,135610
48,3,1,55,64458
37,13,1,37,81522
54,31,4,43,197205
25,3,2,27,58369
53,0,3,32,64894
31,0,4,60,89311
36,8,3,26,83721
24,2,2,33,49318
56,14,4,22,124640
47,21,5,33,162542
30,6,3,28,79328
38,9,3,32,91056
48,26,5,35,177813
37,0,2,56,59417
60,34,2,38,176686
63,31,3,57,187689
57,28,2,36,160350
65,21,4,46,165099
48,21,1,20,104203
35,4,1,41,59229
54,14,2,28,100840
32,12,2,22,81291
62,31,1,35,154559
57,32,5,23,196460
65,3,1,52,67733
64,8,2,24,81965
62,34,4,30,195000
45,24,1,28,120442
39,5,5,43,105130
38,6,2,30,71160
55,27,1,70,145927
47,15,5,37,146575
51,15,5,52,152069
52,1,2,33,54502
38,18,3,36,127327
30,7,4,26,95393
28,0,1,50,48539
39,6,1,31,60768
47,13,5,37,138667
25,4,4,49,96369
58,31,5,34,197594
26,8,5,45,114089
46,17,2,27,108461
54,33,2,24,169676
35,0,4,32,75471
27,4,2,25,56897
34,4,1,58,60125
41,12,4,27,116348
52,1,5,33,94373
45,1,1,44,50132
65,28,2,49,160333
49,7,5,28,114753
56,21,2,25,124141
58,15,1,28,97382
49,5,2,45,77125
29,6,2,31,72224
40,4,3,20,68779
65,10,1,50,91394
24,0,2,22,42663
48,0,4,44,85090
24,3,5,45,102970
37,17,2,42,115857
60,30,1,26,150830
23,0,5,32,78493
31,0,5,35,86961
44,14,5,38,141156
36,4,5,31,101812
61,25,1,36,131087
60,3,3,39,81552
23,0,3,20,50993
24,2,1,37,43511
33,3,1,26,39621
50,27,2,31,144024
27,0,5,54,96877
49,2,4,26,77177
64,7,5,45,124799
58,31,3,31,173310
30,3,4,48,87076
44,15,2,47,113808
34,1,3,48,73479
37,6,5,31,104207
27,7,4,26,89552
55,27,1,53,150092
32,6,4,24,85314
41,20,3,22,128214
29,3,1,30,40460
58,16,2,39,112105
29,2,3,53,72051
63,41,1,33,185431
37,8,3,22,87741
41,3,5,30,100314
61,27,4,33,176493
61,37,1,44,180416
34,5,1,37,56040
62,9,5,41,129315
60,32,4,25,188706
54,7,4,54,110191
49,6,3,51,97272
45,21,5,49,174525
51,22,4,24,150945
30,2,5,36,93933
45,7,1,56,79949
32,8,4,23,95247
54,0,2,59,72346
59,1,5,44,98378
45,18,4,51,153007
39,0,1,36,43153
49,0,5,40,92347
35,3,2,53,74817
55,22,5,40,176212
32,11,4,56,124159
58,27,4,37,175000
48,24,5,23,165634
33,7,2,28,73012
39,14,1,33,86998
64,26,1,33,141424
50,26,5,60,192465
25,1,2,49,57002
34,3,1,57,57470
41,16,3,36,124221
51,10,4,48,116216
28,8,5,53,122586
48,15,4,20,127386
41,1,2,46,59666
64,20,4,25,148778
61,6,5,42,123179
29,3,2,49,64804
34,0,2,21,45304
41,12,4,30,111895
46,3,1,58,65208
57,25,5,40,179616
24,1,2,45,54598
35,9,3,20,90451
51,13,2,28,97555
42,0,5,24,86369
26,0,5,58,99943
42,2,4,49,90734
42,1,5,56,106360
56,19,5,56,169629
45,18,5,38,154037
40,6,1,44,66394
50,11,1,26,78703
58,25,5,36,186173
21,0,4,30,72441
33,4,2,23,54696
61,26,2,20,146604
31,10,3,44,101972
27,6,4,37,98761
33,3,4,23,80640
53,14,5,29,135826
29,3,5,50,102829
52,2,3,26,71663
40,3,5,35,101062
58,8,2,24,78290
47,25,1,52,135614
25,7,1,35,61058
51,3,2,26,58767
30,7,3,57,95572
40,15,3,26,110934
52,4,3,26,76292
57,3,2,57,81671
55,16,4,45,146029
24,4,2,39,59590
25,1,3,23,54118
52,25,2,60,156914
47,10,4,20,106349
44,1,2,55,65127
62,37,5,42,223193
51,10,3,25,96858
60,35,5,40,215981
34,7,3,41,91669
47,19,1,35,106527
36,9,5,52,124672
43,12,1,22,73912
21,1,3,59,70972
61,16,4,26,138994
45,6,1,20,53512
43,8,2,24,80580
43,0,1,59,54783
44,1,4,40,85528
49,6,3,43,95326
26,2,4,55,84394
42,17,3,54,136912
29,9,1,52,78683
56,3,3,33,75116
41,12,5,52,138529
54,21,4,30,149526
44,19,2,30,121292
35,11,5,30,119340
64,39,3,56,218496
49,9,4,57,118874
39,6,4,33,94778
55,3,4,25,86183
31,3,5,30,94828
28,10,5,56,134768
26,7,4,55,103194
29,8,5,40,118237
25,0,1,47,43105
52,14,4,46,132167
37,7,4,53,113591
38,0,1,45,45677
31,10,3,43,99602
49,7,1,32,67024
38,5,3,58,96247
44,21,4,51,160161
30,1,3,51,69241
44,3,4,50,92600
62,43,4,55,245156
48,3,2,42,71363
22,0,2,29,48372
21,0,4,28,62420
64,17,1,59,122771
50,15,4,48,139279
42,9,4,41,108368
36,0,5,60,99970
48,15,2,53,112238
24,0,1,50,47630
23,1,3,38,61225
47,15,5,38,148036
49,6,3,20,85004
54,34,1,56,171350
65,31,4,50,198846
52,16,1,47,101345
42,14,4,52,137355
49,29,3,36,166985
50,22,5,57,175261
53,3,4,59,105516
27,0,5,41,86147
54,14,4,31,123342
28,0,3,48,68361
37,10,5,37,127495
22,0,3,46,67221
49,11,5,29,122667
65,2,2,26,63601
32,5,5,59,110772
45,9,2,45,92629
58,32,3,42,190037
33,6,2,44,72242
60,34,4,46,207473
46,17,2,51,119789
33,8,4,40,108441
29,10,2,27,81302
22,4,4,43,84127
59,38,2,43,193897
64,1,4,41,88340
47,18,2,47,121977
36,8,1,28,62425
58,7,3,32,91140
64,10,5,32,123960
49,16,4,21,132232
52,17,4,21,130550
56,13,2,25,94028
26,1,3,25,59283
52,1,3,44,77747
42,9,4,28,100575
27,0,1,40,40890
25,1,1,58,53470
54,8,2,41,84599
21,0,1,29,34474
36,13,3,47,114307
26,5,5,52,108523
58,22,5,49,172855
25,1,3,40,70137
59,18,4,43,148109
33,11,3,27,96085
64,1,3,53,86108
40,16,3,21,113150
23,5,4,47,92908
33,4,4,39,89708
37,13,1,53,90662
52,9,2,20,80781
22,0,3,39,59960
64,33,5,45,219562
50,12,4,49,129156
47,20,5,26,158044
57,32,4,40,198180
26,6,4,27,92796
48,0,3,46,75212
60,12,4,45,126155
42,8,5,27,109759
60,24,2,36,146644
29,1,1,39,39692
59,5,3,34,91324
27,2,3,27,63016
35,9,4,46,114964
27,4,3,42,76894
50,26,4,32,169136
32,9,1,58,85203
55,9,5,36,123251
32,0,2,44,50139
57,7,2,45,89966
30,6,4,58,106163
46,4,3,47,88715
56,20,2,39,130695
26,1,3,22,57426
48,20,2,41,127266
55,28,5,42,195827
38,9,3,21,83181
43,3,4,59,103402
40,5,1,59,68171
47,14,1,46,100565
57,27,5,43,194574
40,20,5,22,147182
65,11,4,27,116065
60,36,1,60,188366
41,9,3,29,92310
50,25,3,39,156240
36,2,1,48,52120
55,4,5,24,98748
27,4,1,55,63343
61,12,1,46,91746
55,7,1,53,81246
40,3,2,58,76583
51,5,5,60,118202
30,8,5,49,121465
34,4,3,36,80900
24,5,2,25,57940
43,2,3,47,78026
59,4,3,22,78696
61,16,4,49,145449
44,10,3,54,110750
53,23,4,29,155812
37,9,4,51,113823
33,11,4,36,117280
39,20,5,51,169701
22,0,4,29,65768
50,8,4,48,116725
24,5,1,54,65271
41,10,3,46,106412
47,7,4,23,99368
48,10,1,60,94755
28,4,2,49,65840
50,3,1,53,64084
24,0,1,28,32903
38,7,2,30,76801
31,3,4,21,74795
36,12,1,32,74687
46,18,5,35,157952
58,8,5,55,132056
28,6,3,49,83812
29,1,4,52,89458
46,20,3,35,134297
28,2,4,45,80341
50,13,5,55,150292
39,5,4,29,85696
51,15,2,32,102749
51,11,4,56,125762
56,33,4,20,186762
32,4,5,59,115617
49,18,2,43,117619
48,15,2,48,116258
61,27,4,42,180261
38,4,4,52,99631
43,20,4,43,149343
44,2,4,47,94418
32,3,3,58,84765
42,9,5,46,125151
25,2,5,39,90280
21,0,2,40,46421
33,4,1,25,51440
48,1,4,52,93461
52,7,5,45,120019
53,23,5,28,174034
34,7,4,53,109026
23,1,5,47,96291
56,16,2,51,123168
28,3,4,31,84536
23,0,3,49,62007
56,21,1,40,121674
23,0,2,50,53954
27,4,4,42,89553
43,1,4,38,86937
33,8,3,47,92725
46,6,3,54,93082
48,18,1,56,118800
27,3,4,51,93416
32,0,3,21,53750
54,25,2,55,158640
38,7,3,54,100674
51,16,4,33,139266
53,21,5,42,166372
63,3,1,48,66589
44,17,2,57,119410
62,2,4,37,87112
38,14,3,21,106090
54,27,4,34,178654
22,3,1,53,50217
58,29,4,42,186391
24,1,4,24,71434
37,4,2,24,59287
37,6,2,39,71265
43,13,3,41,109739
47,23,3,25,146315
22,0,5,36,81834
33,6,3,36,80667
49,23,4,28,155170
32,3,2,23,53387
51,5,5,23,101262
22,0,4,31,71788
55,34,2,36,177074
22,0,4,36,67702
60,11,1,38,90177
40,11,2,22,82511
51,2,4,30,88472
46,25,1,21,124278
38,5,5,25,99491
26,3,2,58,74852
56,13,5,59,148672
58,34,1,44,165062
37,8,4,72,105716
29,6,5,34,103484
38,7,5,26,105577
41,0,5,37,85459
26,0,5,53,97666
36,5,1,53,68734
41,16,4,57,143076
65,23,5,46,183251
58,9,1,30,69722
49,29,4,36,179212
35,4,2,54,71644
48,2,2,50,70120
47,16,1,27,95072
25,1,5,50,92865
40,0,3,36,67287
38,8,1,27,66243
24,0,3,40,61596
23,0,1,34,38962
84,8,5,40,117862
50,3,4,31,88588
46,5,2,32,69605
51,8,5,52,130551
21,0,5,37,82646
35,11,2,26,80299
29,1,5,40,91066
43,13,4,46,130657
21,1,2,30,44121
30,6,4,44,95437
53,0,3,41,67037
41,8,1,51,74560
41,2,5,23,87049
64,18,5,41,159969
53,6,4,44,100918
38,13,1,21,82195
44,13,5,47,145397
21,1,5,44,91642
23,0,3,44,62803
56,21,1,27,116230
44,18,1,49,109533
30,4,2,49,69383
37,3,4,21,78735
48,10,5,54,130618
25,1,4,28,73029
24,4,2,28,57619
31,2,3,35,64238
26,0,2,20,37784
44,10,4,59,123167
58,34,4,56,209551
50,27,3,35,160760
54,12,3,38,115644
31,0,1,44,43366
29,3,2,22,54594
56,23,5,36,175441
25,3,1,52,50027
39,12,4,23,109802
29,8,3,48,90497
33,4,3,24,71929
60,31,4,34,192131
38,14,2,22,89933
36,14,3,38,112209
34,12,5,48,134767
50,14,4,31,130306
53,18,3,25,129769
61,36,1,41,174121
45,15,4,45,137121
28,6,2,30,67574
27,2,3,50,69955
35,0,2,57,64967
48,20,5,54,170173
65,23,1,26,119561
57,2,5,44,104881
51,3,4,22,85422
52,10,3,37,107669
21,0,4,59,81788
48,1,4,40,86740
47,0,2,31,52540
38,14,4,47,128002
22,0,5,23,78726
35,5,5,31,100796
40,18,2,26,108852
35,12,4,37,120405
34,3,3,22,66513
50,18,5,24,147807
45,13,1,37,83698
34,6,1,39,61523
34,8,3,50,100299
46,11,2,52,105202
63,3,2,27,66081
46,19,3,23,121796
46,20,5,43,166661
42,1,3,30,67051
24,2,4,50,89771
32,7,3,28,82037
32,5,5,26,102650
45,7,3,34,89620
28,2,5,37,89930
59,10,1,53,92046
65,27,1,25,134718
41,0,4,35,78191
32,2,4,37,81410
31,0,1,36,42104
51,14,5,21,134830
29,1,5,55,97577
33,2,4,41,81924
23,1,5,35,88644
43,21,2,41,130024
27,4,1,47,60796
58,31,5,57,210322
32,6,2,21,62805
48,8,3,29,93367
43,14,4,56,140164
49,20,5,55,172205
25,0,1,36,39952
21,0,5,51,95240
64,25,2,43,146102
47,10,5,60,138221
27,0,3,52,64057
33,2,5,60,105561
44,13,4,22,118591
64,3,4,31,96750
39,14,1,59,99769
58,18,1,59,116467
22,0,1,43,34282
24,0,2,23,41669
22,0,2,49,54890
53,2,5,37,98831
62,12,1,38,89782
38,3,1,29,49872
54,25,1,34,132258
22,0,1,60,51898
64,36,5,56,230569
36,6,5,45,112849
29,0,3,24,51610
62,19,5,47,162761
45,12,5,23,120827
51,21,2,54,142058
48,27,4,41,176573
38,12,5,38,127797
21,0,3,25,48894
44,4,1,55,63278
37,6,2,33,68802
40,11,3,27,99294
54,25,4,21,158856
32,8,2,27,74980
64,30,1,36,149319
22,2,1,26,37013
41,2,5,30,94328
37,10,4,30,111804
34,7,4,29,99998
27,1,5,27,81339
30,1,5,44,96598
65,23,1,53,142176
51,6,3,58,103271
64,30,2,56,176683
56,12,4,29,115894
44,17,5,48,159926
36,10,3,32,93674
64,15,3,38,128631
48,6,2,48,82176
38,15,2,47,113684
36,2,3,26,63850
23,0,4,21,68931
50,24,1,31,127102
31,5,4,58,98806
34,2,1,20,38791
27,7,5,56,123174
32,9,5,34,113436
48,2,2,36,57997
58,5,4,26,90945
61,16,2,40,113097
60,2,5,22,99054
29,7,2,36,74862
46,1,1,50,57685
27,5,1,31,48316
57,29,1,27,141267
62,1,3,34,74227
23,0,1,47,36327
62,7,1,56,82891
36,2,5,47,95613
57,5,2,35,75726
58,22,3,57,153062
63,17,3,45,133369
61,32,5,33,209238
28,5,2,27,62794
24,4,1,22,44761
49,2,1,58,65776
35,12,2,22,83309
29,3,4,42,90250
28,6,2,59,81028
45,17,2,38,113201
50,0,4,34,77668
26,0,2,53,61573
53,23,1,47,130433
50,16,3,55,129298
59,17,1,31,104534
47,21,1,20,112840
47,21,1,52,122443
58,38,2,27,185657
61,11,4,50,132438
39,14,3,24,106224
37,15,4,34,127932
26,0,1,59,47973
30,1,2,20,49368
62,14,5,72,154954
44,23,1,51,132514
21,0,3,27,52605
25,0,4,52,81213
43,16,1,48,104715
54,18,4,50,150275
47,11,3,40,102854
55,14,4,35,132246
45,19,1,32,102974
33,2,4,25,76532
43,0,4,48,84787
24,3,3,45,77310
42,14,2,49,111221
64,5,3,59,100867
50,9,3,42,103447
48,0,3,43,73236
27,7,3,27,80182
37,15,2,59,116421
53,31,1,25,147537
51,24,5,20,164879
45,15,3,20,113236
39,5,2,46,72291
52,11,2,37,96854
49,13,4,47,126952
