Car ID,Brand,Year,Engine Size,Fuel Type,Transmission,Mileage,Condition,Model,Price
1,Tesla,2016,2.3,Petrol,Manual,114832,New,Model X,26613.92
2,BMW,2018,4.4,Electric,Manual,143190,Used,5 Series,14679.61
3,Audi,2013,4.5,Electric,Manual,181601,New,A4,44402.61
4,Tesla,2011,4.1,Diesel,Automatic,68682,New,Model Y,86374.33
5,Ford,2009,2.6,Diesel,Manual,223009,Like New,Mustang,73577.1
6,Audi,2019,2.4,Diesel,Automatic,246553,Like New,Q7,88969.76
7,Audi,2020,4,Electric,Automatic,135486,Used,Q5,63498.75
8,Tesla,2017,5.3,Hybrid,Automatic,83030,New,Model Y,17381.19
9,Honda,2023,5.7,Electric,Manual,120360,Like New,Civic,15905.62
10,Ford,2010,1.5,Electric,Automatic,135009,Like New,Explorer,9560.22
11,Tesla,2001,1.8,Diesel,Automatic,298875,Like New,Model 3,58872.6
12,Ford,2017,5.7,Electric,Automatic,169737,Used,Mustang,28074.19
13,Ford,2006,4.7,Petrol,Automatic,114360,New,Fiesta,74766.45
14,Audi,2023,5.4,Electric,Automatic,263894,Like New,Q7,70193.74
15,BMW,2014,2,Electric,Automatic,65018,New,X3,35220.52
16,Ford,2010,3.9,Electric,Automatic,240904,Used,Mustang,21796.16
17,Mercedes,2017,4.5,Electric,Automatic,136817,New,GLA,14728.03
18,Audi,2022,4.4,Hybrid,Automatic,192803,Like New,A3,75044.95
19,Honda,2011,3,Electric,Automatic,86984,New,Civic,47791.89
20,BMW,2005,1.1,Petrol,Automatic,290595,New,X5,35735.34
21,Mercedes,2019,3.9,Petrol,Automatic,192608,Used,C-Class,86382.04
22,Mercedes,2022,2.3,Electric,Manual,12150,Used,E-Class,61393.26
23,Honda,2012,3.3,Diesel,Manual,275550,New,CR-V,54210.22
24,BMW,2019,5.8,Hybrid,Automatic,150853,New,X5,75621.02
25,Audi,2015,3,Electric,Automatic,188489,New,Q5,82480.4
26,Toyota,2017,5.2,Electric,Automatic,18325,Used,Camry,70176.95
27,BMW,2009,1.9,Electric,Manual,199756,Used,X3,46800.6
28,Honda,2022,4.4,Diesel,Manual,204541,New,Accord,41033.39
29,Mercedes,2007,5.9,Diesel,Manual,17669,Used,GLC,78308.17
30,Audi,2017,1.5,Diesel,Automatic,207836,Like New,A3,54201.18
31,BMW,2020,1,Hybrid,Automatic,132915,Used,X5,71916.68
32,Toyota,2000,3.2,Petrol,Automatic,196681,Used,Corolla,89587.88
33,Toyota,2022,1.5,Hybrid,Automatic,50812,Used,Corolla,92009.61
34,Ford,2007,4.7,Diesel,Manual,278203,Like New,Fiesta,31382.99
35,Ford,2005,5.6,Petrol,Automatic,252862,Like New,Mustang,22849.55
36,Tesla,2004,3.2,Petrol,Manual,171840,Like New,Model 3,29822.3
37,Honda,2014,2.3,Diesel,Manual,25395,New,Fit,76380.32
38,BMW,2021,3.2,Diesel,Automatic,282346,New,5 Series,40155.51
39,BMW,2014,4.6,Hybrid,Manual,229707,Like New,X3,21471.98
40,Tesla,2001,1,Diesel,Manual,247181,New,Model X,14346.62
41,Mercedes,2000,3.9,Petrol,Manual,204120,New,E-Class,36094.75
42,Mercedes,2022,4.1,Electric,Manual,224839,New,GLA,17932.96
43,Tesla,2022,4.2,Diesel,Automatic,219882,Like New,Model Y,19855.49
44,Mercedes,2010,2.2,Diesel,Automatic,103235,Used,C-Class,69968.98
45,Ford,2009,4.6,Hybrid,Manual,45510,Like New,Explorer,6874.55
46,BMW,2017,1.5,Hybrid,Automatic,87945,Like New,5 Series,16167.56
47,Tesla,2017,2,Diesel,Manual,242802,New,Model S,85214.72
48,BMW,2016,5.4,Petrol,Automatic,250168,New,X5,85266.84
49,Toyota,2007,4.7,Petrol,Automatic,2881,Used,Prius,36278.13
50,Ford,2014,1.1,Electric,Automatic,111860,Used,Explorer,13355.54
51,Audi,2007,2.2,Diesel,Automatic,166415,Used,Q5,71972.18
52,Ford,2016,2.1,Hybrid,Automatic,139728,Used,Mustang,39212.51
53,Tesla,2011,2.4,Petrol,Manual,267885,Like New,Model S,9319.14
54,Audi,2007,2.2,Electric,Automatic,147733,Used,A4,19993.56
55,Toyota,2013,1.3,Diesel,Manual,290834,Like New,Camry,18035.41
56,Tesla,2003,3.3,Petrol,Manual,294977,New,Model S,60966.05
57,Honda,2000,4.7,Diesel,Automatic,102566,Used,CR-V,90321.17
58,BMW,2000,4,Diesel,Manual,71240,New,5 Series,80341.84
59,Toyota,2018,4.4,Petrol,Automatic,106898,New,Prius,56919.02
60,BMW,2015,1.4,Petrol,Manual,209304,Like New,3 Series,45104.74
61,Mercedes,2013,5.8,Petrol,Manual,80522,Used,GLC,63774.29
62,Honda,2020,5.2,Diesel,Automatic,145512,Like New,Accord,47162.21
63,Honda,2015,5,Diesel,Automatic,119107,New,CR-V,28379.42
64,Toyota,2004,5.1,Electric,Automatic,22462,Used,Camry,69523.76
65,Honda,2008,5.7,Hybrid,Automatic,279965,New,Fit,87958.17
66,Audi,2001,3.7,Diesel,Manual,92889,New,A4,40422.68
67,Honda,2017,2,Hybrid,Automatic,88952,Used,CR-V,84946.15
68,BMW,2005,4.1,Petrol,Manual,193596,Used,X3,45952.79
69,BMW,2008,4.7,Diesel,Manual,177505,Used,5 Series,43126.91
70,Tesla,2000,4.7,Electric,Manual,221576,Like New,Model X,7690.81
71,BMW,2008,3.6,Electric,Manual,219393,Like New,5 Series,71051.5
72,Tesla,2015,1.3,Hybrid,Manual,275455,New,Model S,81712.74
73,BMW,2012,2.9,Petrol,Manual,254084,Used,X5,68037.91
74,Audi,2008,5.6,Hybrid,Automatic,129466,New,A3,19379.29
75,Tesla,2020,3.9,Petrol,Manual,30531,New,Model S,14812.88
76,Ford,2012,3.7,Electric,Manual,14588,New,Fiesta,59421.58
77,Mercedes,2008,2.3,Hybrid,Manual,143452,New,GLC,43144.04
78,Toyota,2010,2.8,Electric,Automatic,173717,New,RAV4,45764.29
79,BMW,2003,5.5,Electric,Automatic,161929,Used,X5,96941.02
80,Honda,2001,4.3,Petrol,Manual,21711,Like New,Fit,73772.65
81,BMW,2005,4.9,Hybrid,Automatic,136169,Used,5 Series,44119.84
82,Honda,2013,3.3,Hybrid,Manual,159465,Used,CR-V,6814.43
83,Mercedes,2003,4.2,Electric,Automatic,284220,Used,GLC,8239.09
84,Mercedes,2005,2.2,Electric,Manual,160389,Like New,E-Class,70056.35
85,Mercedes,2018,4.5,Petrol,Automatic,58480,Like New,GLC,84585.18
86,Honda,2005,3.1,Diesel,Automatic,269188,Like New,Fit,72231.75
87,BMW,2001,3.2,Diesel,Automatic,250309,Used,X3,43559.34
88,Mercedes,2017,4.2,Electric,Manual,55486,Like New,C-Class,7957.9
89,Audi,2012,5.7,Diesel,Manual,55162,New,A3,96903.15
90,Tesla,2008,1.3,Diesel,Manual,210359,Like New,Model S,98701.93
91,Honda,2022,5.1,Diesel,Automatic,29882,Used,CR-V,57189.63
92,Honda,2018,2.5,Diesel,Automatic,54078,Used,CR-V,11713.74
93,BMW,2012,3.2,Electric,Manual,238680,New,3 Series,56392.39
94,Honda,2010,1.1,Diesel,Automatic,108730,Like New,CR-V,89772.15
95,Honda,2000,2.5,Diesel,Manual,174898,Like New,Fit,69598.62
96,Mercedes,2023,3.5,Petrol,Manual,98938,New,C-Class,73398.98
97,BMW,2021,1.3,Electric,Manual,118319,Used,5 Series,13072.13
98,Mercedes,2006,3.5,Hybrid,Manual,32543,Used,E-Class,15118.61
99,Tesla,2020,5.6,Hybrid,Automatic,124279,Like New,Model 3,17098.13
100,Tesla,2014,1.5,Petrol,Automatic,29362,Like New,Model 3,90915.8
101,Mercedes,2000,4.8,Petrol,Automatic,158818,Like New,GLA,54955.72
102,Tesla,2011,3,Electric,Manual,242721,Like New,Model S,80199.63
103,BMW,2006,4.3,Hybrid,Automatic,165229,Like New,X5,15952.67
104,Toyota,2014,2.3,Diesel,Manual,142394,Used,Camry,93126.06
105,Mercedes,2020,1.8,Petrol,Manual,69812,Used,GLC,83008.5
106,Audi,2018,1.8,Hybrid,Manual,296161,Used,A4,26352.59
107,Audi,2000,1.4,Electric,Manual,228208,Used,Q7,88047.31
108,Honda,2016,1.9,Diesel,Manual,279773,New,Accord,30027.06
109,Tesla,2016,4.3,Electric,Manual,128614,Used,Model 3,24507.29
110,Audi,2002,5.4,Petrol,Automatic,96950,New,Q5,30103.17
111,Honda,2011,5.1,Hybrid,Automatic,174942,Used,Accord,91445.73
112,Toyota,2005,4.4,Hybrid,Automatic,64829,Like New,Camry,91981.24
113,BMW,2010,1.6,Hybrid,Automatic,245602,Like New,X5,36254.6
114,BMW,2002,2.4,Hybrid,Manual,10588,Like New,3 Series,72016.25
115,BMW,2007,2.5,Diesel,Manual,168217,New,5 Series,69195.8
116,Audi,2013,2.2,Diesel,Automatic,272743,Used,A3,81623.45
117,Toyota,2013,3.6,Electric,Automatic,208502,Used,Camry,33168.4
118,Audi,2009,3.7,Diesel,Automatic,134011,New,Q5,53463.16
119,Tesla,2001,2.8,Petrol,Automatic,252856,New,Model 3,68429.03
120,Audi,2013,2.8,Petrol,Automatic,284293,New,Q5,7494.4
121,Toyota,2008,5.1,Hybrid,Automatic,197639,New,Camry,40790.18
122,Toyota,2002,4.9,Petrol,Automatic,141280,New,Prius,71109.39
123,Tesla,2020,2.5,Electric,Automatic,197170,Like New,Model S,28996.53
124,Toyota,2007,5.6,Diesel,Manual,180564,Used,Corolla,95981.89
125,Toyota,2015,5.8,Diesel,Manual,20951,New,Corolla,7865.33
126,BMW,2001,2.6,Diesel,Manual,179992,Like New,X3,96018.28
127,Tesla,2005,2.8,Petrol,Manual,46766,New,Model X,25592.57
128,Ford,2020,3.5,Diesel,Automatic,159423,Like New,Mustang,9638.09
129,Ford,2011,5.7,Hybrid,Manual,87122,New,Explorer,32785.03
130,Toyota,2004,5.4,Hybrid,Automatic,271452,Used,Corolla,79696.82
131,Ford,2001,1.5,Hybrid,Manual,83211,New,Explorer,76481.99
132,Ford,2015,3,Petrol,Automatic,126534,New,Focus,24839.84
133,Toyota,2004,3.8,Diesel,Automatic,8720,Used,RAV4,23695.06
134,Ford,2014,3.5,Petrol,Manual,79993,Used,Focus,66045.09
135,Audi,2011,2,Diesel,Manual,219973,New,Q5,48517.86
136,Honda,2003,5.3,Electric,Automatic,25905,Used,Accord,80267.55
137,Tesla,2014,4.4,Electric,Automatic,204580,Used,Model 3,7292.61
138,Honda,2010,5.2,Petrol,Automatic,50385,Like New,Accord,62989.13
139,Toyota,2015,5.3,Hybrid,Manual,30653,Used,Corolla,74413.84
140,BMW,2022,4.7,Petrol,Manual,91865,Used,3 Series,99371.68
141,Tesla,2005,3.2,Hybrid,Automatic,125813,New,Model 3,69484.26
142,Toyota,2013,4.1,Diesel,Manual,145871,New,Prius,27025.29
143,BMW,2017,1.8,Hybrid,Automatic,191175,Like New,5 Series,15277.69
144,Honda,2011,4.4,Hybrid,Manual,248535,New,Fit,65887.09
145,Toyota,2010,1.9,Diesel,Manual,15052,Used,Camry,54702.39
146,Tesla,2012,4.5,Electric,Manual,137116,Used,Model Y,90418.8
147,Tesla,2020,2.1,Diesel,Manual,150943,Used,Model 3,74027.76
148,Mercedes,2022,1.6,Petrol,Manual,220375,New,E-Class,53425.53
149,Audi,2010,1.8,Petrol,Automatic,21381,Used,Q7,43341
150,Ford,2022,1,Petrol,Automatic,148346,Used,Focus,43415.6
151,BMW,2015,4.6,Petrol,Manual,243234,Like New,3 Series,26498.91
152,Mercedes,2014,4.7,Petrol,Automatic,256017,Like New,GLA,6645.97
153,Ford,2020,3.6,Electric,Automatic,235020,Like New,Mustang,59616.51
154,Ford,2014,1.8,Electric,Manual,49892,New,Mustang,25179.4
155,Toyota,2003,1.4,Hybrid,Automatic,181593,Used,Camry,24791.06
156,Ford,2010,1.1,Petrol,Manual,214992,Used,Mustang,16911.22
157,Audi,2018,1.8,Diesel,Automatic,280064,Used,A3,23011.57
158,Tesla,2014,5.5,Petrol,Automatic,278846,Like New,Model 3,8019.97
159,Mercedes,2003,2.2,Electric,Automatic,256216,Used,C-Class,69051.99
160,Ford,2020,2.8,Petrol,Automatic,264038,Used,Fiesta,43132.73
161,Toyota,2012,1.5,Electric,Automatic,293129,Used,Camry,58344.84
162,Audi,2021,2.1,Hybrid,Automatic,159359,Used,A4,65510.97
163,Honda,2018,3.6,Hybrid,Automatic,258771,Used,Civic,97386.03
164,Tesla,2001,4,Hybrid,Manual,125702,New,Model Y,11485.26
165,Tesla,2013,2.2,Electric,Manual,73527,Used,Model 3,44702.18
166,Mercedes,2003,1.3,Petrol,Manual,146511,New,E-Class,28360.3
167,Tesla,2015,3,Petrol,Manual,225692,Used,Model Y,50287.63
168,Ford,2020,2.2,Diesel,Automatic,158731,New,Explorer,92444.87
169,Toyota,2019,2.1,Electric,Automatic,287120,Used,Corolla,73778.51
170,Tesla,2013,5.8,Diesel,Automatic,235311,Used,Model Y,67885.21
171,Tesla,2014,4.1,Hybrid,Manual,198937,Used,Model S,46918.36
172,Honda,2002,3.8,Petrol,Manual,199378,Used,CR-V,68755.69
173,Honda,2007,3.1,Electric,Manual,56697,Like New,CR-V,8075.66
174,BMW,2015,3.1,Diesel,Automatic,70382,Used,X3,60692.67
175,Audi,2009,3.7,Diesel,Manual,278795,New,A3,57608.77
176,Ford,2003,4.5,Diesel,Automatic,180116,Like New,Fiesta,37930.84
177,Tesla,2017,4.5,Petrol,Manual,14633,Like New,Model 3,24143.84
178,Tesla,2001,1.9,Petrol,Automatic,79164,Used,Model S,81717.78
179,Toyota,2016,3.5,Petrol,Manual,262713,New,Prius,10116.9
180,BMW,2012,3.1,Electric,Automatic,123425,New,X5,11618.92
181,Audi,2003,5.4,Petrol,Manual,250220,Like New,Q7,46849.57
182,BMW,2010,4.2,Electric,Manual,295182,New,5 Series,28992.68
183,Mercedes,2006,3.7,Diesel,Automatic,180160,Used,GLA,75817.98
184,Audi,2011,1.6,Diesel,Automatic,204249,Used,Q7,65248.06
185,Tesla,2009,4,Hybrid,Manual,205538,Used,Model Y,78390.81
186,Tesla,2006,1.6,Petrol,Automatic,197865,Used,Model X,35844.5
187,Audi,2012,2.7,Diesel,Manual,201466,Used,A4,75349.3
188,Tesla,2006,1.7,Petrol,Automatic,187223,Like New,Model Y,86918.81
189,Ford,2023,4.5,Electric,Manual,111174,Used,Fiesta,37801.08
190,Audi,2016,2,Diesel,Automatic,137980,Used,Q5,37290.1
191,BMW,2009,3,Petrol,Manual,68447,Like New,X3,90495.38
192,Audi,2009,5.5,Diesel,Manual,205599,Like New,Q5,9730.07
193,Tesla,2023,2,Diesel,Manual,226301,Like New,Model X,38267.99
194,Ford,2003,3.5,Petrol,Automatic,279778,New,Fiesta,16273.89
195,Ford,2019,3.1,Diesel,Manual,286705,New,Fiesta,7753.16
196,Mercedes,2003,1.1,Diesel,Automatic,55063,Used,GLA,15722.59
197,BMW,2021,5,Diesel,Automatic,288065,Used,X3,45968.35
198,Honda,2006,1.3,Diesel,Automatic,19340,Used,Accord,70260.83
199,Honda,2021,3.4,Electric,Manual,62781,New,CR-V,32481.83
200,Audi,2000,3.8,Diesel,Automatic,277045,Used,Q5,85719.15
201,Mercedes,2011,4.1,Hybrid,Automatic,10638,Used,GLA,46573.48
202,Toyota,2023,4.4,Diesel,Automatic,217986,New,Prius,96981.66
203,Audi,2012,2.3,Petrol,Manual,221668,Like New,A3,95644.79
204,Mercedes,2009,1,Hybrid,Automatic,294786,New,GLC,78461.24
205,BMW,2014,4.6,Electric,Automatic,25378,Used,3 Series,93578.52
206,BMW,2012,3.7,Hybrid,Automatic,118171,New,X3,72174.13
207,BMW,2022,5.2,Hybrid,Automatic,214801,Like New,X3,90080.4
208,BMW,2021,5.1,Hybrid,Manual,64377,Like New,3 Series,27465
209,BMW,2021,5.2,Petrol,Manual,260339,Like New,X5,37814.92
210,Mercedes,2020,3.4,Petrol,Automatic,54691,Like New,C-Class,76528.36
211,Mercedes,2021,2.7,Petrol,Automatic,91782,Like New,E-Class,45333.32
212,Ford,2008,5,Electric,Automatic,259896,Like New,Focus,84546.11
213,Honda,2008,3.3,Petrol,Automatic,78343,Used,Fit,88375.69
214,Tesla,2014,1.9,Petrol,Manual,121399,Used,Model S,33474.3
215,BMW,2009,5.3,Hybrid,Manual,31357,New,5 Series,83227.83
216,Toyota,2023,5.4,Petrol,Manual,294458,Used,Corolla,19655.11
217,Tesla,2009,3.3,Diesel,Manual,70283,Like New,Model Y,36748.69
218,Mercedes,2007,1.4,Petrol,Automatic,59567,Used,C-Class,54206.67
219,Toyota,2023,2.9,Electric,Automatic,237778,New,Prius,26512.16
220,Toyota,2015,5,Electric,Manual,141758,Like New,Prius,60030.44
221,Toyota,2016,5.5,Diesel,Manual,61606,Used,RAV4,59976.03
222,Ford,2004,2,Electric,Automatic,281035,Used,Fiesta,24655.78
223,Mercedes,2003,1.3,Electric,Automatic,101732,New,GLA,80585.93
224,Toyota,2017,5.4,Hybrid,Automatic,191791,Like New,RAV4,65006.23
225,BMW,2023,2.9,Diesel,Automatic,292021,New,X3,35187.25
226,Audi,2018,3.7,Hybrid,Automatic,249465,Like New,A4,27057.55
227,Toyota,2003,5.8,Hybrid,Manual,224589,Like New,Corolla,88481.26
228,Ford,2006,1.3,Petrol,Manual,14026,Used,Fiesta,84395.51
229,Tesla,2009,4.2,Diesel,Automatic,282566,New,Model Y,26827.26
230,Mercedes,2017,1.4,Petrol,Automatic,295625,New,GLC,8382.5
231,Ford,2018,2.9,Petrol,Manual,109384,New,Explorer,81430.6
232,Toyota,2003,5,Hybrid,Automatic,252771,Like New,Corolla,63473.31
233,Mercedes,2009,3.2,Electric,Manual,58031,New,C-Class,14583.79
234,Audi,2000,6,Diesel,Manual,68232,Like New,A3,60799.03
235,Toyota,2022,3.8,Electric,Manual,143084,New,Camry,47957.36
236,Ford,2017,2.6,Hybrid,Manual,236503,New,Focus,78582.28
237,Honda,2004,2.1,Hybrid,Automatic,292104,Used,Fit,24863.06
238,BMW,2014,2.8,Hybrid,Automatic,87695,New,X3,48049.89
239,Tesla,2016,2.9,Hybrid,Manual,130066,Used,Model X,19843.19
240,Ford,2002,1.3,Hybrid,Automatic,138982,Used,Fiesta,95965.09
241,Mercedes,2011,2.8,Hybrid,Automatic,264837,Like New,GLA,78980.12
242,Toyota,2001,3.3,Electric,Automatic,115313,New,Corolla,74988.63
243,BMW,2000,4.6,Petrol,Automatic,28810,New,3 Series,70569.63
244,Toyota,2022,4.3,Electric,Manual,20092,New,Prius,45216.96
245,Mercedes,2020,4.5,Diesel,Automatic,58105,Used,C-Class,92711.83
246,Toyota,2016,1,Electric,Manual,161577,New,RAV4,11927.12
247,Honda,2021,2.1,Hybrid,Manual,204300,Like New,Civic,81309.61
248,BMW,2015,4.3,Electric,Automatic,290699,Like New,3 Series,25447.11
249,BMW,2004,3.4,Petrol,Manual,71934,New,X3,35782.66
250,Mercedes,2014,1,Diesel,Automatic,72788,Used,GLA,54345.82
251,Tesla,2002,5,Electric,Automatic,280083,Like New,Model S,79352.23
252,Honda,2006,4.9,Petrol,Manual,155223,Like New,CR-V,84660.82
253,Ford,2010,3.7,Electric,Automatic,128068,Used,Explorer,60454.56
254,Toyota,2009,1.3,Diesel,Manual,36,Like New,Camry,43288.37
255,Audi,2008,4.8,Electric,Manual,39051,Used,Q5,94917.73
256,Toyota,2013,3.9,Hybrid,Automatic,80738,Like New,Camry,28419.52
257,Toyota,2012,4.9,Electric,Automatic,60071,Used,Camry,81293.98
258,Ford,2001,4.8,Petrol,Automatic,130613,Like New,Focus,63144.71
259,Toyota,2002,5,Electric,Manual,73601,New,Camry,40805.03
260,Honda,2006,3.6,Petrol,Automatic,29873,Like New,Civic,5129.96
261,Honda,2020,1.7,Diesel,Manual,167720,Like New,Fit,47426.93
262,BMW,2017,4.4,Electric,Manual,71468,New,X3,31288.4
263,Mercedes,2002,4.1,Diesel,Automatic,288614,New,E-Class,14912.93
264,Tesla,2009,4.7,Diesel,Automatic,196201,New,Model 3,12140.06
265,Audi,2021,1.8,Electric,Automatic,8328,New,A3,38018.04
266,Toyota,2006,2,Petrol,Manual,137405,Used,Camry,63401.95
267,Toyota,2008,5.5,Diesel,Automatic,251519,Used,Prius,84564.33
268,Ford,2016,4.7,Diesel,Manual,121173,Like New,Focus,22438.51
269,Mercedes,2010,5.5,Electric,Automatic,46638,Like New,GLC,45341.18
270,Honda,2006,4.8,Electric,Automatic,273412,Like New,Accord,42235.83
271,Audi,2023,4,Electric,Manual,201675,Used,A4,53772.43
272,BMW,2013,4.3,Electric,Manual,113920,Like New,5 Series,81910.79
273,Honda,2018,5.4,Electric,Automatic,171813,Like New,CR-V,57596.3
274,Mercedes,2003,3.9,Hybrid,Automatic,7887,Used,E-Class,85432.22
275,Tesla,2005,4.2,Electric,Automatic,228978,Like New,Model S,54262.42
276,BMW,2009,1.8,Petrol,Automatic,24918,Used,5 Series,62365.5
277,Tesla,2006,3.4,Diesel,Automatic,297641,Used,Model X,46551.41
278,Ford,2012,4.6,Petrol,Manual,192081,New,Fiesta,83194.08
279,Ford,2013,2.4,Petrol,Manual,274073,New,Explorer,92763.58
280,Toyota,2003,2,Hybrid,Manual,102201,Used,Corolla,65718.75
281,Tesla,2007,2.6,Electric,Manual,210171,Used,Model X,82974.33
282,Mercedes,2004,2.2,Diesel,Automatic,290690,New,E-Class,10605.32
283,Audi,2000,2.1,Petrol,Manual,209496,Like New,Q7,91080.62
284,BMW,2003,3.1,Electric,Manual,168410,Like New,5 Series,22947.88
285,Honda,2002,5.5,Electric,Manual,82494,Like New,CR-V,29369.44
286,Mercedes,2008,3.5,Hybrid,Automatic,215859,Used,GLA,10066.36
287,Mercedes,2007,1.9,Hybrid,Manual,233853,New,GLA,96713.01
288,Ford,2000,1.4,Hybrid,Automatic,128279,Like New,Fiesta,85941.03
289,Tesla,2005,4.5,Diesel,Manual,81991,New,Model S,91752.54
290,Toyota,2008,2.9,Petrol,Automatic,290157,New,Camry,85485.54
291,Toyota,2006,5.1,Hybrid,Manual,52132,Used,Camry,50555.4
292,BMW,2003,4.3,Hybrid,Automatic,255069,Like New,3 Series,92787.78
293,Ford,2012,5,Hybrid,Manual,159156,New,Explorer,97099.92
294,Mercedes,2016,2.4,Petrol,Automatic,152215,Used,E-Class,52743.86
295,Audi,2001,4.5,Petrol,Automatic,91627,Used,A4,21684.35
296,Ford,2004,2.3,Hybrid,Manual,122772,Used,Focus,67569.14
297,BMW,2011,5.7,Hybrid,Automatic,229415,Like New,5 Series,97666.64
298,BMW,2020,4.2,Electric,Automatic,141294,Like New,X5,87853.95
299,Ford,2007,2.6,Hybrid,Manual,259013,Used,Focus,86872.44
300,BMW,2005,2.3,Diesel,Manual,16116,Like New,5 Series,93712.71
301,Ford,2007,2,Diesel,Automatic,182124,Like New,Mustang,89925.46
302,Honda,2017,4.5,Hybrid,Manual,51369,New,Accord,78746.76
303,Ford,2002,2.1,Petrol,Manual,179889,Used,Explorer,73235.92
304,Tesla,2021,4,Electric,Manual,233982,Used,Model 3,30152.88
305,Ford,2011,2.3,Petrol,Automatic,214275,Like New,Explorer,64027.3
306,BMW,2002,4.3,Hybrid,Automatic,205383,Used,X3,54541.42
307,Tesla,2021,5.1,Diesel,Automatic,291799,Used,Model Y,86884.69
308,BMW,2005,4.9,Electric,Automatic,188874,Used,X5,51712.69
309,Toyota,2001,4.8,Petrol,Automatic,47632,Like New,Prius,17135.56
310,Toyota,2022,1.9,Petrol,Automatic,211284,Like New,Prius,5472.39
311,Tesla,2011,1.4,Hybrid,Automatic,161848,Like New,Model S,69397.95
312,Honda,2001,4.5,Electric,Manual,191082,New,Civic,57241.3
313,Toyota,2005,2.8,Diesel,Automatic,213807,Used,RAV4,36441.48
314,Ford,2016,3.2,Hybrid,Automatic,196523,New,Focus,21052.35
315,BMW,2002,1.2,Electric,Manual,179884,Like New,5 Series,49337.96
316,Toyota,2001,2.3,Petrol,Manual,281039,New,Corolla,14527.21
317,Toyota,2022,1.2,Hybrid,Manual,235892,Used,Corolla,36930.31
318,Honda,2019,5.4,Petrol,Automatic,213408,Used,Fit,41025.13
319,Tesla,2007,2.2,Petrol,Manual,242718,Like New,Model X,49233.78
320,Tesla,2021,3.8,Hybrid,Automatic,192879,Like New,Model X,49328.97
321,Mercedes,2011,1.2,Hybrid,Automatic,23086,New,C-Class,29415.54
322,Honda,2003,4.3,Hybrid,Automatic,85637,Like New,Fit,85770.04
323,Ford,2004,2.6,Hybrid,Manual,158279,New,Fiesta,38776.63
324,Tesla,2012,5.5,Hybrid,Manual,151969,Used,Model S,26810.79
325,BMW,2014,5.4,Petrol,Automatic,63083,Used,X3,21701.94
326,Honda,2022,2.6,Diesel,Automatic,95028,Used,Accord,35644.95
327,Toyota,2015,5.5,Diesel,Automatic,97551,Used,RAV4,11417.52
328,BMW,2009,6,Hybrid,Manual,138355,Used,5 Series,8126.21
329,BMW,2022,5.1,Petrol,Automatic,94024,New,5 Series,62488.51
330,Toyota,2015,5.2,Diesel,Manual,262399,Used,RAV4,63818.98
331,Honda,2011,2.2,Diesel,Automatic,207627,New,Civic,55310.88
332,Toyota,2016,3.9,Diesel,Manual,15487,Used,Corolla,77417.09
333,Mercedes,2015,1.3,Petrol,Automatic,19346,New,GLC,8719.3
334,BMW,2011,1.5,Hybrid,Manual,297194,New,5 Series,93917.45
335,Audi,2007,6,Hybrid,Manual,270888,New,Q7,14031.19
336,Audi,2019,2.6,Hybrid,Manual,61596,Like New,A4,69032.18
337,Ford,2002,4.7,Electric,Manual,214469,New,Mustang,17672.68
338,Tesla,2015,5,Electric,Manual,177175,New,Model Y,88591.02
339,Toyota,2012,5.3,Electric,Manual,153048,Used,Prius,53517.76
340,Toyota,2022,6,Petrol,Automatic,6277,New,RAV4,12817.89
341,Ford,2018,2.2,Diesel,Automatic,133332,New,Fiesta,63588.79
342,Ford,2007,1.2,Diesel,Automatic,240515,Like New,Fiesta,5865.44
343,Ford,2021,3.1,Petrol,Automatic,260577,Used,Mustang,78722.11
344,BMW,2004,1.7,Petrol,Manual,196955,Like New,X5,66805.57
345,Mercedes,2019,1.1,Hybrid,Automatic,286885,Like New,E-Class,25199.35
346,Toyota,2007,2.8,Hybrid,Manual,299355,Like New,Camry,40601.34
347,BMW,2023,4.9,Electric,Manual,240464,New,X5,5741.64
348,Ford,2011,3.8,Electric,Manual,258445,Like New,Focus,70899.96
349,Toyota,2000,2.6,Petrol,Automatic,269013,Like New,Corolla,35653.47
350,BMW,2020,4.3,Electric,Manual,94515,Used,3 Series,59300.95
351,Mercedes,2019,2.2,Diesel,Automatic,150494,Used,GLC,95889.12
352,BMW,2005,1.1,Petrol,Automatic,166685,Used,X5,33449.34
353,Mercedes,2021,4.8,Petrol,Automatic,188088,Used,C-Class,99072.6
354,Ford,2017,4.1,Diesel,Automatic,60110,Like New,Focus,65109.2
355,Mercedes,2007,4.8,Hybrid,Automatic,219601,Used,GLA,27998.42
356,Toyota,2006,1.2,Hybrid,Manual,208994,New,Camry,46493.9
357,Ford,2000,5.2,Diesel,Manual,296177,Like New,Mustang,75343.05
358,Toyota,2020,4.1,Diesel,Automatic,260705,Used,RAV4,47415.4
359,Audi,2015,3.8,Electric,Manual,12938,Like New,A4,11508.22
360,Honda,2011,4.1,Petrol,Automatic,130842,Used,Accord,21017.35
361,Mercedes,2005,5.3,Electric,Manual,264418,Like New,C-Class,80173.29
362,Honda,2019,3.9,Diesel,Manual,150033,Used,Civic,66595.44
363,Honda,2001,3.9,Electric,Manual,20044,New,Accord,59133.42
364,Mercedes,2013,6,Diesel,Manual,99372,Used,E-Class,20924.09
365,Ford,2003,4.8,Electric,Manual,276850,Like New,Fiesta,84586.96
366,Audi,2000,3.2,Electric,Manual,137046,Like New,Q7,96270.31
367,Toyota,2022,4.5,Hybrid,Manual,21213,New,Prius,8884.27
368,BMW,2017,2.9,Diesel,Manual,1950,Like New,X3,12413.03
369,Toyota,2012,2.1,Electric,Manual,254043,New,RAV4,89048.83
370,BMW,2001,4,Petrol,Manual,216085,Like New,X5,82477.46
371,Toyota,2008,5.6,Electric,Manual,272555,Like New,Prius,63703.77
372,Mercedes,2020,5.6,Electric,Manual,148843,New,GLA,94771.69
373,Audi,2001,2.7,Petrol,Manual,297197,Like New,Q5,66410.9
374,BMW,2008,3.6,Diesel,Automatic,248966,Like New,3 Series,25518.6
375,Tesla,2000,2.1,Hybrid,Manual,138117,New,Model X,74221.02
376,Ford,2010,6,Hybrid,Manual,29714,Used,Explorer,66342.48
377,Toyota,2002,5.9,Hybrid,Manual,165458,New,RAV4,98645.75
378,Toyota,2019,4.2,Petrol,Manual,270706,Like New,Corolla,25320.09
379,BMW,2022,5,Electric,Manual,12026,Used,3 Series,61799.07
380,Ford,2003,4.6,Diesel,Manual,106147,Used,Fiesta,79115.91
381,Ford,2017,4,Electric,Automatic,31589,Used,Fiesta,37203.39
382,Mercedes,2022,1.3,Hybrid,Automatic,108199,New,C-Class,41069.56
383,Tesla,2005,3.3,Electric,Automatic,288988,Used,Model Y,89350.67
384,Mercedes,2002,4.4,Petrol,Manual,208574,Used,E-Class,43398.51
385,Mercedes,2021,4.4,Petrol,Manual,214340,Used,GLA,64349.62
386,Mercedes,2010,2.9,Diesel,Manual,54708,Like New,GLC,89477.62
387,Mercedes,2014,5.7,Diesel,Automatic,70825,New,C-Class,24933.53
388,Mercedes,2021,1.8,Hybrid,Manual,51574,New,GLA,98278.34
389,Audi,2004,3.5,Diesel,Manual,232409,Like New,A3,71685.59
390,Ford,2019,4.5,Electric,Automatic,186381,Used,Explorer,52131.56
391,Mercedes,2009,4.5,Petrol,Automatic,64230,Like New,C-Class,45937.45
392,Ford,2011,4.2,Petrol,Manual,254451,Like New,Mustang,95664.64
393,Ford,2014,2.4,Petrol,Manual,247174,Used,Fiesta,24543.86
394,Honda,2016,1.8,Diesel,Manual,219700,Used,CR-V,34609.91
395,Audi,2009,4.2,Petrol,Manual,287249,New,Q5,34240.31
396,Mercedes,2005,4,Petrol,Automatic,246514,Used,GLA,32455.6
397,Toyota,2017,1.9,Petrol,Manual,264491,Like New,RAV4,49511.11
398,BMW,2012,4.5,Hybrid,Manual,226094,Like New,5 Series,98972.03
399,Tesla,2002,3.3,Hybrid,Automatic,148182,Used,Model X,89434.74
400,Toyota,2023,4.3,Diesel,Manual,193242,New,Corolla,36155.21
401,Audi,2009,5.2,Petrol,Manual,182873,Like New,A4,45172.66
402,BMW,2013,1.8,Diesel,Automatic,124926,Used,3 Series,68600.67
403,Audi,2005,1.1,Petrol,Automatic,81147,New,Q5,6629.41
404,Ford,2002,4.9,Petrol,Manual,19199,New,Explorer,82914.6
405,BMW,2015,4,Petrol,Automatic,183208,Like New,5 Series,88580.82
406,Ford,2006,4.5,Diesel,Automatic,220868,Like New,Explorer,86434.03
407,Toyota,2019,5.2,Diesel,Manual,120787,New,Corolla,40630.17
408,Toyota,2013,5,Petrol,Automatic,114427,New,Corolla,48889.95
409,BMW,2008,5.8,Electric,Manual,148063,New,3 Series,6176.89
410,BMW,2014,3.7,Diesel,Manual,153625,Used,X5,42942.56
411,Mercedes,2020,3.4,Hybrid,Manual,220782,Like New,GLA,48740.55
412,Audi,2002,3,Diesel,Manual,87493,New,Q7,91162.56
413,Mercedes,2001,1.8,Petrol,Automatic,274915,Like New,GLA,89928.83
414,Audi,2001,3.9,Electric,Manual,125607,Like New,Q7,96779.22
415,Mercedes,2002,2.4,Petrol,Manual,246834,Like New,GLA,89084.97
416,Ford,2017,5.6,Hybrid,Manual,79876,New,Fiesta,5779.07
417,BMW,2013,3.9,Diesel,Manual,167071,Used,3 Series,65938.78
418,Toyota,2019,4,Diesel,Automatic,202959,New,Prius,11482.58
419,Audi,2017,2.8,Petrol,Automatic,243722,Like New,A4,30896.46
420,Audi,2009,1.3,Petrol,Automatic,44440,New,Q7,59939.22
421,Toyota,2001,1.2,Hybrid,Manual,31655,New,Camry,71558.31
422,Mercedes,2021,3.1,Electric,Automatic,43039,Like New,GLA,67190.04
423,Audi,2000,1.4,Hybrid,Automatic,72219,Like New,Q7,9660.54
424,Tesla,2003,4,Electric,Manual,186061,New,Model S,14842.37
425,Ford,2013,5.4,Diesel,Automatic,273388,New,Fiesta,17215.75
426,BMW,2000,5.4,Electric,Manual,94594,New,X3,13684.37
427,Toyota,2013,4.3,Electric,Automatic,170623,New,Prius,21932.27
428,BMW,2015,2.1,Diesel,Automatic,194302,Used,5 Series,70406.34
429,Tesla,2021,5.3,Diesel,Automatic,290515,New,Model 3,83929.54
430,Audi,2013,5.4,Diesel,Automatic,159950,Used,Q5,43837.32
431,Audi,2019,2,Hybrid,Manual,167229,Like New,A3,70814.24
432,Tesla,2002,4.7,Diesel,Manual,5914,Used,Model Y,24001.54
433,Toyota,2002,2.4,Petrol,Automatic,214772,Like New,Prius,97461.61
434,Ford,2008,5,Diesel,Manual,289324,Used,Fiesta,38249.76
435,Honda,2005,6,Diesel,Automatic,227561,Like New,Accord,85357.36
436,Toyota,2012,1.2,Diesel,Automatic,187435,New,Camry,94809.81
437,Honda,2020,5.5,Electric,Automatic,95213,Used,Fit,87147.83
438,Tesla,2001,4.1,Hybrid,Automatic,37805,Used,Model S,11371.43
439,Mercedes,2007,5.9,Diesel,Automatic,126599,Like New,C-Class,66779.18
440,Honda,2020,3.3,Hybrid,Automatic,153775,Like New,Civic,16408.62
441,Ford,2001,5.2,Petrol,Manual,190093,Used,Mustang,5537.99
442,Mercedes,2003,1.3,Petrol,Manual,74176,Like New,GLA,9919.43
443,Honda,2014,2.7,Diesel,Automatic,94799,New,Civic,92034.17
444,Tesla,2003,1.3,Petrol,Manual,98385,Used,Model 3,91304.03
445,Mercedes,2012,5.9,Hybrid,Automatic,235654,New,C-Class,26453.32
446,Tesla,2011,5.1,Electric,Manual,88919,Used,Model Y,56970.82
447,Honda,2012,5.3,Diesel,Manual,81462,New,Accord,95727.68
448,Tesla,2013,5.7,Petrol,Manual,179340,Used,Model Y,52187.08
449,Ford,2019,1.4,Hybrid,Automatic,165320,Like New,Mustang,42389.89
450,Honda,2017,2.9,Hybrid,Manual,31159,Used,CR-V,50908.63
451,Honda,2005,1.4,Petrol,Automatic,42039,New,Fit,80070.5
452,Honda,2010,2.1,Hybrid,Automatic,232974,Used,Civic,50341.38
453,Toyota,2001,2.1,Hybrid,Automatic,47800,New,Camry,79411.38
454,Toyota,2022,3.3,Diesel,Manual,94626,New,Corolla,46011.26
455,Toyota,2018,2.3,Hybrid,Manual,118368,New,RAV4,28940.54
456,Ford,2018,1.5,Petrol,Manual,174735,Like New,Explorer,36014.91
457,Mercedes,2004,1.8,Diesel,Automatic,80903,Used,C-Class,12393.23
458,Tesla,2018,1.7,Petrol,Automatic,118998,New,Model X,52251.21
459,Audi,2001,5.9,Electric,Manual,241324,Like New,Q5,19070.54
460,Honda,2009,4.8,Petrol,Automatic,233229,New,Accord,82096.97
461,Tesla,2001,5.8,Petrol,Manual,61748,Used,Model S,44956.1
462,Honda,2010,3.2,Diesel,Manual,41190,Like New,CR-V,77675.22
463,Ford,2017,2.4,Hybrid,Manual,40318,New,Explorer,95673.74
464,Honda,2023,5,Petrol,Manual,168090,New,Accord,85700.41
465,Toyota,2014,2.6,Diesel,Automatic,124078,New,Camry,95389.05
466,Audi,2008,2.5,Electric,Manual,39759,Used,Q7,58953.97
467,BMW,2022,2.2,Diesel,Manual,278642,Like New,X3,20705.82
468,Honda,2018,1.6,Diesel,Manual,25989,Like New,Accord,93862.62
469,Tesla,2008,2.3,Hybrid,Manual,156640,Like New,Model X,87507.92
470,Toyota,2002,2.8,Petrol,Manual,161171,New,Corolla,87119.23
471,BMW,2020,4.4,Electric,Manual,285626,Like New,3 Series,70861.07
472,Audi,2008,1.3,Diesel,Manual,292192,New,Q7,64367.04
473,BMW,2013,2.1,Petrol,Automatic,35814,Used,X5,6398.77
474,Toyota,2018,5,Petrol,Automatic,190766,Like New,Corolla,76065.14
475,Mercedes,2006,1.7,Diesel,Automatic,60204,New,E-Class,13695.84
476,Mercedes,2015,2.7,Petrol,Automatic,32844,Like New,GLA,29676.34
477,BMW,2015,5.3,Diesel,Manual,248827,Like New,X3,57391.58
478,Ford,2000,1.8,Diesel,Automatic,245256,Used,Fiesta,47914.6
479,Tesla,2003,1.4,Diesel,Automatic,21518,Like New,Model X,6498.57
480,Tesla,2003,3.4,Electric,Automatic,23052,Used,Model S,83278.58
481,BMW,2006,2.5,Diesel,Manual,256346,Like New,X3,88486.09
482,Honda,2007,3.8,Hybrid,Automatic,69803,Like New,Fit,69777.93
483,Honda,2016,5,Petrol,Automatic,71524,Like New,Accord,56401.45
484,Tesla,2004,1.7,Electric,Manual,224582,Like New,Model X,96270.09
485,Tesla,2006,3.9,Petrol,Automatic,67021,Like New,Model 3,16395.84
486,Mercedes,2019,3.5,Electric,Manual,211321,Like New,GLA,75101.46
487,Ford,2019,1.7,Hybrid,Automatic,282187,Used,Explorer,17194.26
488,Toyota,2003,4.1,Electric,Manual,2419,Used,Prius,41275.26
489,Honda,2005,2.4,Electric,Automatic,187964,New,Civic,60621.03
490,Tesla,2006,3.4,Electric,Automatic,121831,Like New,Model S,75023.33
491,Mercedes,2017,1.4,Petrol,Automatic,244688,Used,GLA,5353.03
492,Audi,2004,3.3,Diesel,Manual,101799,Like New,Q5,29756.8
493,Mercedes,2019,2.5,Petrol,Automatic,194941,Like New,GLA,56129.04
494,Honda,2002,5.1,Diesel,Manual,176282,Used,Fit,55623
495,Honda,2006,1.3,Petrol,Manual,108611,Like New,Civic,65574.51
496,Mercedes,2021,3.1,Hybrid,Manual,137559,Used,C-Class,33866.09
497,Toyota,2013,3.3,Hybrid,Manual,62112,Used,Corolla,56350.28
498,BMW,2006,4.6,Electric,Automatic,239040,New,5 Series,23029.74
499,Honda,2004,3.9,Hybrid,Automatic,278504,New,CR-V,22752.86
500,Mercedes,2021,4.3,Electric,Automatic,233451,New,GLA,59773.58
501,Tesla,2004,4.9,Diesel,Manual,221490,New,Model X,70119.9
502,Mercedes,2022,5.3,Hybrid,Automatic,265161,Like New,GLA,16438
503,Ford,2001,2.6,Diesel,Manual,191196,Like New,Mustang,16665.04
504,BMW,2020,3.7,Petrol,Manual,247418,New,5 Series,58703.76
505,Audi,2021,5.2,Diesel,Manual,221370,Used,Q7,30659.1
506,Toyota,2005,5.9,Petrol,Automatic,189340,Used,Corolla,42277.91
507,Audi,2014,5.4,Diesel,Automatic,66320,Used,A3,43071.1
508,BMW,2020,2.9,Diesel,Manual,235067,Used,X3,21962.52
509,BMW,2009,2,Hybrid,Automatic,212373,Like New,3 Series,5124.89
510,BMW,2022,3.4,Diesel,Automatic,293271,Used,5 Series,86049.42
511,Audi,2023,4.7,Hybrid,Manual,180786,Used,Q7,72925.19
512,Tesla,2006,3.5,Hybrid,Manual,294065,New,Model 3,70601.16
513,BMW,2004,3.4,Electric,Automatic,266890,Used,3 Series,56917.99
514,Mercedes,2000,5.2,Electric,Manual,65350,Like New,E-Class,71592.12
515,Audi,2012,2.8,Petrol,Manual,181417,Used,A4,93890.4
516,BMW,2020,5.3,Diesel,Automatic,240678,Used,X5,68239
517,Mercedes,2017,3,Petrol,Automatic,22063,Like New,GLA,30183.68
518,Tesla,2012,2.6,Diesel,Manual,117116,New,Model X,59203.2
519,Ford,2020,3.3,Electric,Automatic,177043,Like New,Fiesta,47020.82
520,Tesla,2020,4.8,Electric,Manual,134670,New,Model Y,57859.82
521,BMW,2017,1.6,Diesel,Manual,10564,Used,5 Series,54173
522,Audi,2004,2,Diesel,Automatic,242124,New,A4,86583.65
523,Honda,2012,5.8,Electric,Manual,227506,New,CR-V,66921.01
524,BMW,2003,1.9,Electric,Manual,86134,New,3 Series,22932.06
525,Honda,2016,3.8,Petrol,Manual,105940,Used,Accord,10986.59
526,Mercedes,2002,3.9,Electric,Automatic,62085,New,E-Class,45314.56
527,Ford,2016,3.4,Diesel,Automatic,17862,New,Focus,6483.01
528,Toyota,2010,4.2,Petrol,Automatic,272409,Used,RAV4,35238.25
529,Tesla,2020,2.1,Diesel,Manual,140777,Like New,Model Y,39962.04
530,Ford,2019,3.8,Hybrid,Manual,186351,Like New,Explorer,40680.94
531,BMW,2022,2.9,Petrol,Automatic,62471,Like New,X3,98038.25
532,Honda,2020,4.3,Diesel,Automatic,91080,Used,Civic,33870.58
533,Tesla,2003,1.7,Electric,Automatic,108007,Used,Model X,30196.61
534,Honda,2001,3.9,Hybrid,Manual,46104,Like New,Accord,17291.19
535,Audi,2019,1.9,Diesel,Automatic,40934,New,A4,53545.84
536,Honda,2015,2.4,Petrol,Manual,254606,Like New,Fit,19599.06
537,Audi,2017,2.1,Diesel,Automatic,6050,Used,A3,63548
538,Mercedes,2007,1.9,Hybrid,Manual,175024,New,E-Class,19740.18
539,Tesla,2002,5.1,Petrol,Manual,270628,New,Model X,59783.97
540,Tesla,2008,2.4,Hybrid,Automatic,184750,Used,Model S,83495.58
541,Toyota,2019,5.6,Diesel,Manual,31323,New,RAV4,9039.84
542,BMW,2005,5.8,Electric,Automatic,86332,Like New,5 Series,44875.96
543,Audi,2009,3.9,Electric,Manual,255540,Used,A3,48799.65
544,Toyota,2020,1.7,Diesel,Manual,254547,Used,Prius,80151.85
545,Honda,2009,2.9,Diesel,Automatic,272459,Used,CR-V,49451.99
546,Honda,2012,5,Diesel,Manual,157591,Used,Accord,58915.9
547,Toyota,2016,2.8,Petrol,Automatic,271251,New,Prius,80164.4
548,Tesla,2008,1.4,Hybrid,Automatic,55781,Used,Model S,58177.06
549,Honda,2016,3.8,Hybrid,Automatic,266013,Used,Accord,39038.44
550,Mercedes,2023,5.2,Hybrid,Manual,7971,New,C-Class,13155.02
551,Mercedes,2008,5,Diesel,Manual,254927,Used,GLC,74341.98
552,Toyota,2008,1.9,Hybrid,Manual,287795,New,RAV4,87758.12
553,Audi,2000,4.4,Diesel,Automatic,23446,New,A4,97156.13
554,Audi,2001,2.1,Petrol,Automatic,257419,Used,A4,93026.99
555,Toyota,2015,2.1,Electric,Manual,169180,Like New,Corolla,80754.7
556,Audi,2000,5.4,Diesel,Manual,3823,Used,Q5,66129.83
557,Tesla,2009,2.2,Diesel,Automatic,144526,Like New,Model X,79238.71
558,Tesla,2017,2.3,Electric,Manual,135004,New,Model X,46047.95
559,Audi,2007,1,Electric,Automatic,205162,Like New,A4,61503.74
560,Mercedes,2020,5.4,Petrol,Manual,67965,Used,GLA,38126.48
561,Audi,2010,5,Hybrid,Automatic,272654,Used,Q7,36037.38
562,Tesla,2022,4.1,Diesel,Manual,141609,Like New,Model X,76885.72
563,Ford,2001,4.8,Hybrid,Manual,105935,Used,Explorer,48123.61
564,BMW,2007,1.8,Diesel,Automatic,233705,Like New,X5,25155.32
565,Honda,2021,3.3,Petrol,Automatic,253978,New,CR-V,24184.13
566,Ford,2007,2.8,Electric,Automatic,144854,Like New,Mustang,86621.37
567,Audi,2016,1.5,Petrol,Manual,78004,Like New,A4,69387.25
568,Mercedes,2014,3.4,Electric,Automatic,22072,Like New,GLC,56874.38
569,Toyota,2016,5.6,Hybrid,Automatic,81015,Like New,Corolla,43089.18
570,Audi,2022,1.2,Hybrid,Manual,225075,New,Q5,45927.65
571,Mercedes,2023,2.5,Petrol,Automatic,220010,New,GLA,10456.34
572,BMW,2012,2,Electric,Automatic,72746,New,3 Series,48216.46
573,Audi,2018,2.2,Petrol,Automatic,176774,Like New,Q5,80568.22
574,Tesla,2004,5.5,Electric,Manual,128259,New,Model X,41858.72
575,Toyota,2011,3.3,Electric,Manual,30916,Used,Camry,41440.22
576,Mercedes,2000,3.3,Hybrid,Manual,27268,New,GLA,6493.08
577,Mercedes,2022,4.8,Hybrid,Automatic,175050,Like New,E-Class,48494.35
578,Mercedes,2004,1.8,Electric,Manual,243966,Used,C-Class,7407.08
579,BMW,2007,3.4,Electric,Automatic,23259,Like New,5 Series,59183.2
580,Audi,2012,3.1,Electric,Automatic,79400,Used,Q5,53144.42
581,BMW,2007,4,Hybrid,Automatic,296437,Like New,3 Series,84800.81
582,Honda,2022,6,Hybrid,Manual,111581,Like New,Accord,60269.16
583,Honda,2010,4.8,Diesel,Manual,7043,Used,Accord,35725.6
584,Audi,2000,3,Electric,Automatic,181502,New,Q7,54041.95
585,Tesla,2012,5.1,Diesel,Automatic,107009,Used,Model Y,71472.1
586,BMW,2018,1.9,Electric,Manual,209137,Used,X5,13926.56
587,Toyota,2023,1.2,Hybrid,Manual,161940,Used,RAV4,64002.04
588,Mercedes,2002,2,Diesel,Manual,288453,Used,E-Class,92079.5
589,Mercedes,2023,2.7,Diesel,Automatic,285428,Used,GLC,33417.38
590,Audi,2016,3.6,Petrol,Manual,113259,Like New,A4,64529.38
591,Tesla,2004,4.1,Electric,Manual,100804,Like New,Model 3,83026.3
592,Honda,2019,5.6,Hybrid,Manual,69000,New,Accord,53621.61
593,Honda,2020,3.5,Petrol,Automatic,84179,New,Accord,73208.06
594,Mercedes,2007,3.5,Petrol,Manual,291409,Used,C-Class,34545.98
595,Audi,2013,1.3,Electric,Automatic,260226,New,A3,34075.55
596,BMW,2003,1.2,Petrol,Automatic,23880,New,X3,68420.48
597,Honda,2010,3.8,Electric,Automatic,201264,Used,Civic,72013.84
598,BMW,2019,3.2,Petrol,Manual,172438,Like New,X5,94015.92
599,Tesla,2014,5.2,Electric,Manual,245352,Like New,Model Y,26359.66
600,Honda,2018,1.8,Hybrid,Manual,67396,New,Civic,49480.67
601,Honda,2006,1.1,Electric,Automatic,279250,Like New,CR-V,28798.78
602,Ford,2018,3.2,Electric,Manual,56731,Like New,Focus,12608.76
603,Honda,2018,2.2,Diesel,Automatic,75010,New,Fit,43306.9
604,Toyota,2010,1.2,Hybrid,Manual,249091,Used,Prius,40537.67
605,Audi,2004,4.6,Hybrid,Manual,294743,New,A4,30691.24
606,Audi,2004,1.6,Hybrid,Manual,71326,New,A4,33214.51
607,BMW,2021,4,Petrol,Manual,248876,New,3 Series,39239.12
608,Tesla,2007,2.4,Diesel,Automatic,9004,Used,Model 3,98939.58
609,Honda,2009,1.9,Hybrid,Automatic,115018,Used,Civic,79380.99
610,Toyota,2005,2.9,Petrol,Automatic,25792,Used,Prius,11783.11
611,BMW,2014,5,Petrol,Automatic,54645,Used,5 Series,87879.25
612,Ford,2015,3,Petrol,Manual,7232,New,Fiesta,65163.82
613,BMW,2016,4.8,Diesel,Automatic,54766,Like New,X5,89606.41
614,BMW,2007,1.6,Petrol,Automatic,120601,New,X5,37462.42
615,Honda,2007,4.9,Diesel,Automatic,81588,Used,Fit,49129.29
616,Ford,2008,2.2,Electric,Manual,179614,Like New,Focus,90141.57
617,BMW,2001,4.4,Petrol,Automatic,5913,New,X3,30894.45
618,Toyota,2014,3.8,Hybrid,Automatic,112406,Like New,RAV4,91972.58
619,Toyota,2017,5.6,Petrol,Manual,113693,Used,Camry,83707.47
620,Audi,2002,2.9,Electric,Manual,93449,Like New,Q7,98153
621,Ford,2016,1.3,Electric,Automatic,10567,Like New,Mustang,35804.47
622,Ford,2003,1.1,Petrol,Automatic,38379,Used,Focus,27396.55
623,Audi,2003,5.1,Electric,Manual,206040,Like New,Q7,36432.36
624,BMW,2013,3.6,Diesel,Automatic,262463,New,3 Series,95691.73
625,Ford,2008,4.9,Diesel,Manual,90005,Like New,Fiesta,36641.96
626,Toyota,2008,2.2,Petrol,Automatic,223098,New,Prius,58695.12
627,Toyota,2022,2.7,Diesel,Automatic,4791,Like New,Camry,43349.53
628,Honda,2017,1.2,Diesel,Automatic,131401,Like New,Fit,42640.91
629,Ford,2009,5.8,Hybrid,Automatic,205459,Used,Explorer,23370.97
630,BMW,2020,4.3,Petrol,Automatic,61032,Used,X5,56022.56
631,Audi,2003,5.7,Electric,Manual,175150,New,A4,85693.4
632,Audi,2011,2.3,Petrol,Manual,21300,Used,Q7,9701.08
633,BMW,2007,4.1,Diesel,Automatic,55609,Used,X3,89476.53
634,Tesla,2001,4.4,Hybrid,Automatic,191634,Used,Model 3,68219.93
635,Mercedes,2021,2.6,Petrol,Automatic,90045,Used,GLA,63590.12
636,Honda,2012,5.2,Petrol,Manual,267847,Used,Civic,64460.52
637,Audi,2020,5.7,Diesel,Manual,223717,New,Q7,33145.63
638,Ford,2015,5.4,Diesel,Manual,219162,New,Focus,44438.73
639,Honda,2001,4.7,Petrol,Manual,27676,Used,Civic,80932.55
640,Ford,2010,2.4,Diesel,Manual,220412,Used,Focus,34106.2
641,Tesla,2009,2.4,Diesel,Manual,176512,New,Model X,49651.92
642,Toyota,2014,5.8,Diesel,Manual,167995,Like New,Corolla,6865.07
643,Honda,2016,1.1,Diesel,Manual,291946,New,CR-V,74688.04
644,Audi,2007,4.6,Diesel,Automatic,124786,Like New,A4,44681.71
645,Honda,2017,4.5,Hybrid,Manual,68147,Used,Accord,54909.08
646,Honda,2022,4.1,Diesel,Manual,22075,Used,Civic,15895.49
647,Honda,2008,6,Electric,Manual,205788,New,Accord,99212.85
648,Mercedes,2007,2.6,Petrol,Manual,9304,Used,GLA,33734.44
649,Honda,2013,2.7,Hybrid,Automatic,129851,Like New,Civic,65324.02
650,Ford,2017,1.4,Hybrid,Manual,59622,Like New,Fiesta,60217.45
651,Toyota,2021,3.2,Diesel,Automatic,108654,New,Camry,79583.76
652,Tesla,2019,2.3,Petrol,Automatic,249109,Like New,Model S,32914.51
653,BMW,2019,2.7,Electric,Automatic,286172,New,X3,76813.1
654,Honda,2020,5.2,Diesel,Manual,39328,New,CR-V,41337.66
655,Audi,2011,5.7,Petrol,Manual,289445,Like New,Q5,44060.29
656,Honda,2018,1.9,Diesel,Manual,218348,Like New,Accord,68907.69
657,Audi,2013,2.9,Diesel,Automatic,36845,Like New,A3,79507.15
658,Ford,2016,5.6,Diesel,Automatic,76394,Like New,Explorer,68352.33
659,Audi,2023,1.3,Diesel,Automatic,175231,Like New,Q7,90488.55
660,BMW,2020,1.5,Diesel,Automatic,80722,Like New,3 Series,32090.11
661,Toyota,2002,1.8,Diesel,Manual,287374,Like New,Corolla,90558.59
662,Audi,2022,4,Diesel,Manual,92554,Used,A4,17432.03
663,Audi,2006,1.8,Electric,Manual,49262,New,A4,67655.38
664,Toyota,2016,5.8,Hybrid,Automatic,41722,New,Corolla,57024.91
665,BMW,2011,3.2,Electric,Automatic,171231,Like New,X5,51990.41
666,Honda,2008,3.5,Diesel,Manual,240740,New,Civic,34536.64
667,Audi,2014,2.2,Diesel,Manual,87052,Like New,A3,52854.61
668,Toyota,2017,3.4,Electric,Automatic,100808,Used,Camry,20368.47
669,Ford,2020,4.3,Electric,Manual,255416,New,Explorer,40085.49
670,Toyota,2012,4.8,Hybrid,Manual,262128,New,Camry,14374.69
671,Ford,2020,4.8,Electric,Automatic,221281,Used,Focus,59325.43
672,BMW,2007,3.9,Hybrid,Automatic,246052,Used,X5,14097.95
673,Honda,2013,5.5,Diesel,Automatic,104697,Used,Fit,20232.74
674,Toyota,2007,5.1,Petrol,Manual,231572,New,RAV4,13119.35
675,Tesla,2013,4.8,Petrol,Automatic,232842,New,Model X,41224.51
676,Tesla,2006,1.3,Petrol,Manual,96299,Used,Model Y,84986.05
677,Mercedes,2022,1,Petrol,Manual,165746,Used,GLC,91155.16
678,Audi,2011,2.1,Diesel,Automatic,149177,Used,A3,11829.5
679,BMW,2010,4.3,Petrol,Manual,160811,Used,X5,65282.26
680,Toyota,2021,3.1,Electric,Automatic,163041,Used,Prius,70016.62
681,Tesla,2021,3,Electric,Automatic,14497,Like New,Model X,55708.14
682,Audi,2010,5.4,Petrol,Manual,254204,Used,Q5,68363.56
683,Tesla,2021,5.5,Electric,Manual,257471,Like New,Model Y,27200.62
684,Toyota,2012,5.5,Hybrid,Automatic,92019,New,RAV4,51516.2
685,Ford,2017,2.6,Diesel,Automatic,190326,New,Explorer,42133.21
686,Toyota,2001,4.5,Petrol,Automatic,109017,Like New,Prius,13522.26
687,Mercedes,2020,2.4,Petrol,Automatic,218220,Used,C-Class,64427.86
688,Toyota,2014,2,Diesel,Automatic,105153,New,Corolla,52045.44
689,Toyota,2019,1.9,Electric,Automatic,33826,Used,RAV4,31141.53
690,Mercedes,2017,2.7,Diesel,Manual,110034,Used,C-Class,50000.1
691,BMW,2014,3.1,Diesel,Manual,84242,Like New,5 Series,78653.31
692,Toyota,2018,5.2,Electric,Manual,50100,New,RAV4,81157.49
693,Mercedes,2022,1.6,Diesel,Manual,221171,New,GLC,66704.98
694,Audi,2023,4.7,Electric,Automatic,12809,Like New,Q5,49436.04
695,Ford,2011,3.7,Electric,Manual,64450,Used,Explorer,59696.22
696,Ford,2012,2.4,Diesel,Manual,111126,Used,Focus,41576.46
697,Toyota,2021,3.5,Hybrid,Automatic,264237,New,RAV4,17022.85
698,BMW,2010,2.5,Electric,Manual,44498,Like New,X5,41633.96
699,BMW,2004,4,Diesel,Automatic,116251,Like New,X3,55381.61
700,Audi,2000,3.2,Electric,Automatic,40985,Used,Q7,61889.23
701,Toyota,2023,1.8,Hybrid,Automatic,294153,Used,Corolla,93901.09
702,Ford,2002,1.6,Hybrid,Automatic,17718,Like New,Fiesta,78846.68
703,BMW,2021,3.7,Petrol,Automatic,278849,New,X3,19439.29
704,Toyota,2018,5.5,Electric,Manual,62598,Used,Prius,21547.31
705,Tesla,2022,2.7,Electric,Manual,274383,Like New,Model 3,14547
706,BMW,2006,4.7,Diesel,Manual,46665,Like New,3 Series,75127.26
707,Mercedes,2011,4.3,Electric,Automatic,294418,Like New,C-Class,72081.62
708,Tesla,2014,5.7,Petrol,Manual,146075,New,Model 3,98704.48
709,BMW,2004,5.1,Hybrid,Manual,161938,Used,X5,54592.22
710,Ford,2014,3.8,Hybrid,Manual,153060,Used,Focus,83509.42
711,Honda,2007,4.3,Petrol,Manual,221516,Used,CR-V,59761.79
712,Tesla,2009,5.5,Electric,Automatic,136746,New,Model Y,88038.24
713,Audi,2015,3,Electric,Manual,201610,Used,A4,73497
714,Audi,2007,2.6,Petrol,Automatic,66446,Used,A3,66073.98
715,Ford,2000,1.1,Diesel,Automatic,29072,Used,Mustang,58686.65
716,BMW,2011,5.1,Hybrid,Manual,33717,Used,3 Series,73682.2
717,Toyota,2004,5,Petrol,Automatic,218417,New,Prius,44867.12
718,BMW,2002,1.5,Petrol,Automatic,157723,Like New,X3,14174.78
719,Ford,2000,3.9,Electric,Automatic,109525,Like New,Focus,8798.68
720,Audi,2003,3.3,Hybrid,Automatic,213092,Used,Q7,50507.25
721,BMW,2007,1.6,Electric,Automatic,4646,Used,3 Series,61932.7
722,Audi,2002,5.9,Petrol,Automatic,175403,Used,A3,12490.66
723,Tesla,2009,2.1,Diesel,Automatic,284329,New,Model S,32255.84
724,Toyota,2001,1.3,Hybrid,Manual,229728,Used,Corolla,35593.06
725,Tesla,2010,4,Petrol,Manual,52107,New,Model Y,58465.58
726,Audi,2009,4.7,Petrol,Automatic,244865,Used,Q5,31455.83
727,Audi,2020,1.2,Diesel,Automatic,279707,Used,A3,14086.62
728,Honda,2013,4.3,Petrol,Manual,70729,Like New,Accord,20661.39
729,Honda,2006,3.7,Petrol,Manual,277845,Used,Civic,21525.04
730,Tesla,2001,1.5,Hybrid,Manual,200144,New,Model S,85056.02
731,Mercedes,2008,1.9,Hybrid,Manual,215494,Like New,GLC,32010.37
732,Tesla,2015,3.8,Hybrid,Automatic,252615,New,Model X,72895.71
733,Honda,2012,2.5,Electric,Automatic,128331,Like New,Fit,58944.68
734,Audi,2008,5.7,Diesel,Manual,160482,New,A4,97818.68
735,Ford,2019,5.1,Hybrid,Manual,99280,Like New,Fiesta,30918.15
736,Tesla,2003,5.9,Electric,Manual,189787,New,Model S,20045.44
737,Audi,2021,2.3,Electric,Manual,38665,New,A3,9943.59
738,Ford,2009,5.8,Diesel,Automatic,278101,Used,Explorer,27891.17
739,Ford,2021,3.2,Diesel,Manual,259285,Like New,Focus,69986.73
740,Honda,2011,2.7,Petrol,Manual,163947,Like New,CR-V,13099.53
741,Tesla,2016,1.3,Electric,Manual,113828,Used,Model 3,28246.68
742,BMW,2013,1.3,Hybrid,Automatic,132698,New,3 Series,86254.29
743,Toyota,2013,4.5,Diesel,Automatic,90815,New,RAV4,60380.53
744,Honda,2001,3.3,Electric,Automatic,194894,Like New,Fit,11604.55
745,Honda,2020,2.1,Hybrid,Manual,203485,New,Civic,9529.9
746,BMW,2019,4.1,Electric,Manual,164714,Like New,X5,10806.67
747,Toyota,2010,2.3,Diesel,Manual,32356,Like New,Prius,94478.13
748,Audi,2015,3.9,Petrol,Automatic,265953,New,Q5,85737.79
749,Mercedes,2018,2.8,Electric,Automatic,297019,New,C-Class,85269.3
750,Tesla,2022,5.1,Hybrid,Manual,241121,New,Model 3,92800.59
751,Mercedes,2005,5.1,Diesel,Manual,271609,Used,C-Class,52999.26
752,Audi,2023,3.4,Petrol,Automatic,197167,Like New,Q7,28497.74
753,Honda,2018,2.8,Hybrid,Manual,196322,New,Fit,43128.06
754,Toyota,2004,2.8,Hybrid,Manual,15250,Used,Prius,73292.09
755,Honda,2003,5,Hybrid,Manual,46023,New,Accord,88223.12
756,Ford,2014,2.6,Electric,Automatic,101350,Like New,Fiesta,46333.64
757,Honda,2003,2,Diesel,Manual,177696,Used,Fit,55861.19
758,Honda,2019,1.4,Hybrid,Manual,16427,Like New,Accord,93519.38
759,Audi,2009,3.3,Electric,Manual,210084,New,A3,15212.37
760,Audi,2023,3.4,Diesel,Manual,134511,New,A4,86918.43
761,Audi,2021,5.2,Diesel,Automatic,218403,New,A3,20134.21
762,Mercedes,2002,2.1,Electric,Automatic,78672,Used,E-Class,50966.83
763,Ford,2004,2.9,Electric,Automatic,17300,Used,Mustang,25750.2
764,Audi,2005,5,Hybrid,Manual,19659,Used,A3,62280.02
765,Toyota,2020,5.1,Diesel,Automatic,162475,Used,Camry,58064.48
766,Mercedes,2021,2.9,Petrol,Manual,245259,New,GLC,41100.7
767,BMW,2007,3.3,Electric,Automatic,10360,New,X3,87013.83
768,Toyota,2006,2.5,Diesel,Manual,283568,New,Camry,67682.27
769,Tesla,2020,5.7,Diesel,Automatic,98035,Used,Model Y,73514.49
770,Tesla,2009,1.6,Hybrid,Automatic,48791,Used,Model X,19312.68
771,Toyota,2005,5.7,Petrol,Automatic,199867,New,RAV4,88900.74
772,Audi,2013,4.4,Hybrid,Manual,274444,New,Q5,20868.82
773,BMW,2003,3.7,Petrol,Manual,33370,Used,X5,26164.57
774,BMW,2012,1.2,Petrol,Manual,200903,Like New,3 Series,17165.24
775,Mercedes,2019,3.4,Electric,Automatic,27209,New,GLC,46834.12
776,BMW,2016,3,Diesel,Manual,283071,New,5 Series,89332.38
777,Tesla,2022,1.8,Diesel,Manual,34579,New,Model 3,28982.51
778,Ford,2006,4.3,Diesel,Manual,271176,Used,Mustang,40506.57
779,Audi,2003,5.9,Petrol,Manual,93254,New,A3,85376.31
780,BMW,2013,3.8,Diesel,Manual,113528,New,3 Series,63692.45
781,Mercedes,2002,4.6,Electric,Manual,223274,New,GLA,76403.56
782,Tesla,2023,1.3,Petrol,Automatic,238292,New,Model X,25330
783,Ford,2004,3.1,Petrol,Automatic,181026,New,Focus,73066.54
784,Honda,2015,1.6,Petrol,Manual,248342,Like New,CR-V,26623
785,Honda,2022,4.1,Petrol,Automatic,219437,Like New,CR-V,98794.83
786,Ford,2019,5.7,Electric,Automatic,278076,New,Fiesta,58189.18
787,Tesla,2003,4.3,Diesel,Manual,287858,New,Model 3,71085.73
788,Mercedes,2023,1.4,Electric,Manual,57803,New,E-Class,16248.15
789,Ford,2023,2.8,Diesel,Automatic,133624,New,Mustang,28812.32
790,Audi,2001,3.8,Electric,Manual,56627,Used,A3,18275.36
791,Audi,2017,3,Hybrid,Automatic,177059,Used,Q5,42066.22
792,Honda,2018,5.2,Hybrid,Automatic,45380,Used,Fit,31992.91
793,BMW,2018,5.1,Hybrid,Automatic,160322,Like New,5 Series,74627.61
794,Mercedes,2016,4.1,Hybrid,Manual,199416,New,E-Class,15327.35
795,Honda,2013,2.9,Petrol,Automatic,146367,Used,Fit,76445.64
796,BMW,2018,2.3,Petrol,Manual,272667,New,X3,9341.96
797,BMW,2021,1.5,Electric,Manual,259125,New,X3,24191.69
798,Audi,2023,2.8,Electric,Manual,13769,Like New,A4,80236.67
799,Tesla,2012,3.1,Hybrid,Manual,112035,Like New,Model X,75563.78
800,Toyota,2011,4.4,Diesel,Manual,175717,Used,Camry,50250.98
801,Tesla,2005,4.3,Hybrid,Automatic,221815,Used,Model Y,9748.36
802,Toyota,2020,1.4,Electric,Manual,231832,Like New,Camry,62939.91
803,Ford,2003,3,Hybrid,Manual,156629,Like New,Focus,43638.79
804,Audi,2018,1.9,Electric,Manual,234799,New,Q7,35070.17
805,BMW,2015,1.8,Hybrid,Manual,168157,New,5 Series,65839.01
806,Mercedes,2012,5.1,Diesel,Manual,144542,Used,GLA,46478.38
807,Toyota,2003,1.2,Hybrid,Automatic,118643,Used,Corolla,13780
808,Tesla,2022,3.1,Diesel,Manual,210154,Like New,Model S,92015.29
809,BMW,2016,1.8,Diesel,Manual,137877,Used,3 Series,78956.84
810,Toyota,2022,5.4,Electric,Automatic,213396,New,Prius,10355.93
811,Toyota,2000,3.8,Diesel,Manual,225956,Like New,Prius,54881.07
812,Toyota,2017,2.2,Petrol,Automatic,181844,New,Corolla,12920.87
813,Mercedes,2019,3.5,Petrol,Automatic,101422,Like New,GLA,84542.54
814,Audi,2016,4.7,Petrol,Automatic,268774,Like New,Q7,63236.33
815,Mercedes,2014,5.8,Electric,Automatic,277845,New,C-Class,21382.67
816,Honda,2010,2.1,Petrol,Manual,145931,Used,CR-V,6970.43
817,BMW,2021,5.4,Electric,Manual,117556,Used,5 Series,8000.2
818,Audi,2012,5.7,Electric,Automatic,228495,Used,Q7,53199.72
819,Audi,2000,5.6,Petrol,Automatic,254809,Used,Q7,74765.48
820,Audi,2016,4.2,Diesel,Manual,205384,New,Q7,16479.84
821,Tesla,2005,4.1,Hybrid,Automatic,15021,Like New,Model S,26021.99
822,Audi,2003,3,Electric,Automatic,200935,New,Q5,36089.69
823,Mercedes,2019,4.8,Petrol,Automatic,204222,Used,GLA,25717.29
824,Audi,2015,3.7,Electric,Manual,64361,Used,Q7,42176.97
825,Ford,2014,4.4,Diesel,Automatic,272499,New,Explorer,58163.43
826,BMW,2014,3.1,Diesel,Manual,98841,Like New,5 Series,70068.99
827,Audi,2005,4.7,Petrol,Manual,180076,New,A3,96558.64
828,BMW,2014,5.1,Electric,Manual,246300,New,5 Series,93430.15
829,Ford,2013,1.7,Hybrid,Automatic,160786,New,Explorer,59162.06
830,Ford,2010,5.2,Hybrid,Automatic,17198,Like New,Explorer,74744.26
831,BMW,2006,3.7,Electric,Manual,258466,New,X3,95332.86
832,Toyota,2008,5.2,Electric,Manual,18740,New,Corolla,12929.83
833,Honda,2015,3.2,Electric,Manual,265954,Used,Civic,5535.3
834,Tesla,2004,2.9,Petrol,Automatic,258308,New,Model Y,7830.98
835,Toyota,2019,5.6,Diesel,Automatic,99855,Used,Corolla,58518.19
836,Toyota,2009,2.3,Hybrid,Manual,210192,Used,RAV4,77469.18
837,Mercedes,2017,5.2,Petrol,Manual,288927,Used,E-Class,39872.12
838,Tesla,2002,3.4,Electric,Automatic,121701,Like New,Model Y,56797.72
839,Tesla,2012,3.6,Electric,Manual,271615,Used,Model Y,54054.8
840,Toyota,2010,2.5,Diesel,Automatic,110771,New,Corolla,14003.23
841,Audi,2016,3.9,Electric,Automatic,6163,New,A4,35550.89
842,Mercedes,2021,2.6,Petrol,Manual,16065,Used,GLA,6846.34
843,Mercedes,2012,1.2,Petrol,Manual,241262,Used,C-Class,15517.04
844,Ford,2005,2.4,Diesel,Automatic,248924,New,Fiesta,82126.53
845,Tesla,2016,1,Petrol,Automatic,179420,Used,Model 3,83794.28
846,Toyota,2012,5.9,Hybrid,Automatic,281298,Like New,Camry,81184.9
847,Ford,2018,5.8,Petrol,Automatic,20229,Used,Focus,74047.77
848,BMW,2020,3,Petrol,Automatic,250470,Like New,X5,80364.72
849,Honda,2018,4.6,Petrol,Manual,158069,Like New,Civic,68743.32
850,Mercedes,2009,2.7,Hybrid,Automatic,21101,Like New,GLC,68634.17
851,BMW,2002,4.4,Electric,Automatic,40391,Used,3 Series,68399.37
852,BMW,2013,5,Petrol,Automatic,206935,Like New,3 Series,53834.07
853,Audi,2018,5.7,Diesel,Manual,72723,Like New,Q7,39517.99
854,Honda,2004,3,Hybrid,Manual,226293,Used,Civic,74368.55
855,BMW,2004,4.9,Diesel,Automatic,190477,Like New,5 Series,33371.37
856,BMW,2019,2.3,Petrol,Automatic,166020,Used,X5,56575.7
857,Honda,2016,6,Diesel,Manual,290604,New,Accord,46168.78
858,Honda,2020,1.1,Petrol,Manual,197190,Like New,CR-V,31279.12
859,BMW,2009,4,Hybrid,Manual,179354,Used,3 Series,97595.54
860,Honda,2004,4.3,Diesel,Manual,91725,New,Accord,29581.41
861,BMW,2003,4.4,Diesel,Automatic,212139,Like New,3 Series,34382.84
862,BMW,2005,1.6,Petrol,Manual,85779,Like New,3 Series,20350.81
863,Audi,2003,5.7,Petrol,Automatic,3060,Used,A4,83183.16
864,Toyota,2006,1.9,Electric,Automatic,125806,New,RAV4,60725.99
865,BMW,2006,4.1,Petrol,Manual,275875,Used,3 Series,63238.73
866,Ford,2017,2.1,Petrol,Manual,115871,Like New,Explorer,82953.33
867,Mercedes,2002,2.5,Electric,Manual,20719,Like New,GLC,37577.37
868,Tesla,2000,3.7,Petrol,Manual,49116,Like New,Model 3,23395.18
869,Toyota,2023,3.1,Petrol,Automatic,26325,Like New,RAV4,23848.51
870,Toyota,2003,1.8,Electric,Automatic,14551,New,RAV4,74598.88
871,Toyota,2005,1.9,Hybrid,Automatic,286422,New,Prius,63340.94
872,Audi,2008,3.1,Hybrid,Manual,15141,Used,Q7,24602.19
873,BMW,2021,4.8,Petrol,Automatic,295759,Used,X3,18781.21
874,Audi,2013,5.5,Petrol,Manual,122058,Used,A4,16465.29
875,BMW,2011,1.4,Electric,Automatic,193823,Like New,X3,64640.87
876,Audi,2019,3,Electric,Manual,112684,Used,A4,5011.27
877,Audi,2023,1.5,Hybrid,Automatic,289596,New,A3,6740.34
878,Mercedes,2003,1.1,Diesel,Automatic,50391,Used,C-Class,42007.55
879,Ford,2020,4.3,Petrol,Manual,120288,Used,Explorer,70678.24
880,Audi,2023,4,Diesel,Automatic,206132,New,A3,71028.74
881,Mercedes,2011,1.8,Diesel,Automatic,113535,New,GLC,45861.24
882,Honda,2009,2.2,Electric,Manual,142770,Like New,CR-V,70651.99
883,Ford,2021,1.1,Petrol,Manual,239947,New,Mustang,54504.14
884,Audi,2006,5.2,Petrol,Manual,86711,New,Q5,97808.48
885,Tesla,2002,5.9,Electric,Manual,264509,Used,Model Y,20433.72
886,Toyota,2022,1.7,Diesel,Manual,228625,New,Prius,62063.39
887,Honda,2013,2.2,Electric,Automatic,43372,Like New,Civic,51667.68
888,Honda,2023,5.3,Hybrid,Manual,44134,Used,CR-V,23474.3
889,Mercedes,2009,5.6,Petrol,Automatic,299967,Like New,GLA,76249.09
890,Honda,2015,3.1,Hybrid,Automatic,71158,New,Accord,31173.26
891,Ford,2015,1.3,Electric,Manual,237159,Like New,Fiesta,41262.43
892,Audi,2021,1.2,Petrol,Automatic,133021,Like New,A3,40608.9
893,Audi,2009,3.9,Hybrid,Automatic,49396,New,Q7,28199.42
894,Tesla,2012,3,Hybrid,Manual,31912,New,Model S,45917.01
895,Toyota,2005,1.1,Diesel,Automatic,56947,Used,Prius,49967.86
896,Mercedes,2011,3.9,Petrol,Manual,44387,Used,E-Class,75701.06
897,Toyota,2008,1.1,Hybrid,Manual,278652,Used,Camry,77681.51
898,Honda,2012,4.9,Hybrid,Manual,109249,New,Civic,20062.82
899,Tesla,2003,2.5,Diesel,Automatic,1919,Like New,Model 3,61313.37
900,Toyota,2023,1.2,Hybrid,Automatic,140689,Like New,Corolla,90138.79
901,Ford,2010,3.9,Hybrid,Automatic,33298,Used,Mustang,15334.73
902,Audi,2019,3,Hybrid,Automatic,237225,Used,A3,49926.83
903,Honda,2017,5.9,Diesel,Manual,233725,New,Fit,76283.55
904,Tesla,2010,3.7,Hybrid,Automatic,276600,Like New,Model X,63091.68
905,Toyota,2020,2.4,Hybrid,Manual,109599,Used,Camry,14555.64
906,Mercedes,2003,4.5,Petrol,Automatic,83721,New,GLC,42677.58
907,Ford,2017,2.4,Petrol,Automatic,286384,Used,Explorer,53187.75
908,Ford,2000,5.5,Diesel,Automatic,271372,New,Focus,99605.33
909,Toyota,2006,2.9,Electric,Automatic,283830,Like New,Camry,21967.75
910,Audi,2005,3.7,Petrol,Automatic,11920,New,Q7,98330.26
911,Toyota,2014,1.3,Diesel,Manual,7432,Used,Camry,40734.23
912,Honda,2017,3.1,Hybrid,Automatic,110507,Used,Civic,24030.45
913,Toyota,2023,5.2,Hybrid,Automatic,224647,Like New,Corolla,44340.36
914,Ford,2010,5,Diesel,Automatic,164982,Like New,Focus,63329.54
915,Tesla,2019,2.1,Hybrid,Automatic,121764,Used,Model X,25282.25
916,Toyota,2023,2.1,Hybrid,Manual,161298,Used,RAV4,32686.71
917,Audi,2014,5.1,Electric,Automatic,204222,Used,Q7,86181.92
918,Tesla,2015,5.7,Hybrid,Manual,112557,Like New,Model S,99905.9
919,Mercedes,2006,1.5,Petrol,Automatic,18013,Used,C-Class,35226.41
920,BMW,2020,3.3,Hybrid,Manual,21446,Like New,3 Series,19141.4
921,Toyota,2009,2.7,Diesel,Manual,201447,Used,Corolla,80351.23
922,Audi,2011,5.4,Electric,Manual,102261,New,Q5,62043.29
923,Tesla,2023,1.4,Hybrid,Manual,262701,New,Model X,14538.11
924,Audi,2013,2.1,Diesel,Manual,168461,Used,Q7,94943.29
925,Mercedes,2004,4.8,Petrol,Automatic,178772,New,GLC,12414.71
926,Ford,2020,1.3,Hybrid,Manual,130878,Like New,Explorer,64408.86
927,Audi,2017,3.5,Electric,Automatic,99143,New,A3,45274.04
928,Tesla,2004,3.2,Hybrid,Manual,24578,New,Model 3,57879.27
929,Audi,2002,2.7,Diesel,Manual,74779,Like New,A4,25255.35
930,Audi,2022,3,Electric,Automatic,140668,New,A3,70370.49
931,Audi,2004,3.6,Hybrid,Manual,72534,New,Q7,96173.37
932,Honda,2023,1.8,Petrol,Manual,272273,Used,CR-V,48550.46
933,Honda,2016,3.9,Electric,Manual,197118,Like New,CR-V,54681.04
934,Ford,2018,5,Petrol,Manual,273740,Like New,Fiesta,27782.11
935,Toyota,2018,4.8,Diesel,Automatic,65355,Used,RAV4,89727.46
936,Audi,2020,1.8,Hybrid,Manual,12974,Used,Q5,97261.57
937,Mercedes,2011,1.7,Petrol,Manual,197745,New,C-Class,79698.2
938,Toyota,2008,2.3,Diesel,Automatic,251366,New,RAV4,56563.48
939,Mercedes,2000,2.8,Hybrid,Automatic,74442,New,GLA,95895.7
940,Toyota,2017,3,Diesel,Manual,152890,Used,Prius,19615.76
941,Ford,2020,4.4,Petrol,Manual,55598,Like New,Focus,50456.63
942,Audi,2003,1.3,Diesel,Automatic,133726,New,A4,56072.54
943,Audi,2009,1.2,Electric,Manual,33758,Used,Q7,51732.06
944,BMW,2006,3,Hybrid,Automatic,286348,Like New,5 Series,81229.74
945,Mercedes,2021,4.5,Diesel,Manual,127309,Used,C-Class,68688.27
946,Toyota,2022,2,Petrol,Automatic,166000,New,RAV4,17032.55
947,Toyota,2000,4.2,Hybrid,Automatic,184681,Used,Camry,37912.87
948,Honda,2016,2.3,Electric,Automatic,30552,Used,Civic,37212.3
949,BMW,2023,5.4,Hybrid,Manual,147278,Used,X3,58735.06
950,Tesla,2001,5.5,Electric,Manual,34831,Used,Model Y,32688.55
951,Tesla,2010,2.5,Hybrid,Manual,43563,Like New,Model Y,16140.82
952,Honda,2008,2.1,Diesel,Manual,18361,New,Civic,67099.85
953,Honda,2006,3.1,Diesel,Automatic,74469,Like New,CR-V,85848.51
954,Honda,2021,2.2,Petrol,Automatic,25816,Used,Fit,93502.77
955,Mercedes,2016,4.4,Electric,Automatic,257422,Used,E-Class,97394.95
956,Mercedes,2016,5.1,Petrol,Manual,146691,New,GLC,79206.1
957,Ford,2001,4.4,Diesel,Manual,234295,New,Focus,18271.73
958,Ford,2005,5.1,Electric,Manual,92479,Like New,Explorer,86045.62
959,Honda,2013,3,Petrol,Automatic,26819,Like New,CR-V,42996.21
960,BMW,2005,1.8,Petrol,Manual,8798,New,5 Series,74341.57
961,Toyota,2001,4.7,Petrol,Manual,156215,Like New,RAV4,55470.46
962,Mercedes,2000,2.8,Petrol,Automatic,243942,Used,GLC,83717.58
963,BMW,2009,4.4,Petrol,Automatic,230259,Used,5 Series,45423.04
964,Audi,2020,2.4,Electric,Manual,129544,New,Q5,10870.41
965,Mercedes,2004,1.4,Petrol,Automatic,152254,Like New,GLA,57898.25
966,Mercedes,2001,6,Electric,Manual,253800,Used,C-Class,21272.6
967,Ford,2021,1.8,Petrol,Automatic,9415,New,Focus,96724.18
968,Toyota,2015,5.9,Diesel,Automatic,87638,Like New,Camry,55061.49
969,Toyota,2001,5.9,Diesel,Automatic,18452,Used,RAV4,57588.09
970,Tesla,2009,5,Petrol,Manual,195457,Like New,Model Y,91190.24
971,Tesla,2001,4.3,Hybrid,Manual,110205,Like New,Model Y,64335.6
972,Tesla,2015,3.9,Diesel,Manual,18170,Like New,Model 3,33759.29
973,Tesla,2015,5.3,Electric,Automatic,16259,New,Model Y,33128.99
974,Audi,2018,2.4,Petrol,Automatic,284243,Used,Q5,52649.97
975,Audi,2006,3.3,Electric,Automatic,140721,New,A4,87327.78
976,Mercedes,2021,4.1,Hybrid,Automatic,129394,Used,GLA,80499.29
977,Honda,2011,3.1,Petrol,Manual,172109,Used,Fit,96460.36
978,Ford,2023,3.1,Diesel,Manual,273949,New,Focus,11829.18
979,Ford,2014,2.7,Electric,Manual,254599,New,Focus,30490.98
980,Tesla,2007,3.8,Diesel,Automatic,43147,Used,Model S,12619.73
981,Mercedes,2005,5.3,Diesel,Automatic,74280,Used,C-Class,76352.52
982,BMW,2009,2,Petrol,Manual,177125,Used,X3,18379.2
983,Honda,2002,5.7,Electric,Automatic,97841,Like New,Fit,14489.2
984,Mercedes,2018,4.4,Hybrid,Manual,124726,Used,E-Class,58358.86
985,Honda,2016,5.1,Diesel,Automatic,76215,New,Fit,44091.05
986,Honda,2006,3.8,Petrol,Automatic,112909,New,Fit,72934.63
987,Honda,2020,4.9,Petrol,Manual,273129,New,Fit,51266.46
988,Mercedes,2019,1.1,Hybrid,Manual,274535,Used,C-Class,45406.79
989,Tesla,2003,5.1,Petrol,Automatic,4861,Used,Model S,45422.54
990,Ford,2013,1.2,Diesel,Manual,261968,Like New,Explorer,87828.26
991,Ford,2019,5.4,Petrol,Manual,183000,Like New,Fiesta,42546.44
992,Tesla,2021,6,Electric,Automatic,296508,New,Model X,36672.73
993,Honda,2014,2.5,Electric,Automatic,249072,Like New,CR-V,37160.83
994,BMW,2023,2.1,Diesel,Automatic,224402,Like New,5 Series,23677.08
995,Toyota,2007,4.8,Electric,Manual,42923,New,RAV4,86765.44
996,Mercedes,2020,2.3,Hybrid,Automatic,186968,Used,E-Class,18929.93
997,Toyota,2014,5.3,Petrol,Automatic,165912,Like New,Corolla,91318.02
998,Tesla,2021,1.5,Diesel,Automatic,173327,Used,Model Y,31929.43
999,BMW,2019,1.6,Hybrid,Automatic,128165,New,X3,90445.55
1000,Mercedes,2013,5.9,Petrol,Automatic,230314,New,GLA,80127.96
1001,Tesla,2008,4.4,Hybrid,Manual,295673,Like New,Model S,60288.81
1002,Honda,2007,5.2,Diesel,Automatic,144013,New,Accord,68599.65
1003,Ford,2016,2.6,Diesel,Automatic,1669,New,Fiesta,35955.19
1004,Toyota,2001,4.4,Hybrid,Manual,216854,New,RAV4,59551.72
1005,Audi,2023,4,Petrol,Automatic,55786,Like New,A4,32778.28
1006,Audi,2002,4,Electric,Automatic,182155,Like New,Q7,43215.92
1007,BMW,2007,4.4,Electric,Manual,20323,Like New,X5,77642.94
1008,Honda,2011,3.9,Hybrid,Automatic,230502,New,CR-V,28173.59
1009,Toyota,2000,3.1,Diesel,Manual,257249,Used,Prius,84690.37
1010,Honda,2009,2.4,Petrol,Automatic,6021,New,CR-V,40708.87
1011,Toyota,2019,4.8,Petrol,Manual,113415,Like New,Corolla,55556.15
1012,BMW,2002,2.1,Diesel,Manual,270855,Used,X3,94486.25
1013,BMW,2005,4.5,Electric,Automatic,7904,Used,3 Series,69719.28
1014,Audi,2006,2.2,Petrol,Manual,64033,Like New,A4,66332.39
1015,Honda,2019,4.1,Hybrid,Manual,231659,Used,Fit,72602.73
1016,Mercedes,2022,4.7,Electric,Automatic,120035,Used,GLC,92220.58
1017,Audi,2017,2.1,Hybrid,Automatic,220859,Like New,A3,28608.8
1018,Honda,2010,1.3,Electric,Manual,186168,Used,Civic,63257.91
1019,Audi,2018,1.7,Diesel,Automatic,221666,Used,A3,43037.42
1020,Mercedes,2004,4,Hybrid,Manual,231853,Like New,GLA,6126.25
1021,Ford,2018,5.2,Hybrid,Manual,265237,Used,Explorer,16903.59
1022,Ford,2010,1.2,Diesel,Automatic,287062,Used,Fiesta,35874.23
1023,Ford,2023,4.7,Hybrid,Automatic,193708,Used,Fiesta,58675
1024,Ford,2011,2.7,Electric,Manual,189878,Used,Fiesta,88740.1
1025,Tesla,2009,3.4,Petrol,Automatic,140466,Like New,Model Y,80155.84
1026,Toyota,2007,5.6,Petrol,Automatic,124501,New,RAV4,57566.7
1027,Tesla,2023,2.7,Diesel,Manual,260228,New,Model S,12017.69
1028,Tesla,2008,3.3,Electric,Manual,92510,Used,Model X,32161.1
1029,Tesla,2003,1.1,Hybrid,Manual,93708,Like New,Model Y,39837.32
1030,Ford,2004,1.4,Hybrid,Manual,97819,Like New,Fiesta,64063.13
1031,Mercedes,2020,2.3,Petrol,Manual,235603,Used,GLC,11167.74
1032,BMW,2007,1.1,Hybrid,Manual,36303,New,5 Series,55368.39
1033,BMW,2022,4.2,Petrol,Automatic,27453,Used,3 Series,90639.13
1034,Toyota,2008,3.1,Diesel,Manual,199521,Like New,Corolla,72016.11
1035,Ford,2014,3.7,Hybrid,Automatic,156837,Like New,Explorer,80722.3
1036,Ford,2014,1.9,Electric,Automatic,222787,New,Fiesta,69759.19
1037,Ford,2015,2.5,Hybrid,Manual,38057,Like New,Fiesta,24625.97
1038,Audi,2013,4.3,Petrol,Automatic,189060,Like New,A4,15495.96
1039,Honda,2007,5.8,Diesel,Manual,94655,Like New,Accord,83801.61
1040,Audi,2017,1.3,Petrol,Automatic,277169,New,A4,71072.92
1041,Honda,2009,5.5,Hybrid,Manual,269289,Like New,Accord,59630.85
1042,Ford,2019,3.9,Petrol,Manual,101206,Used,Focus,22981.87
1043,Ford,2005,3.8,Petrol,Manual,186869,New,Explorer,62317.77
1044,Audi,2011,3.5,Diesel,Manual,73230,Used,Q7,7975.57
1045,Audi,2001,1.3,Electric,Automatic,155002,Used,Q5,16289.72
1046,Honda,2006,1.4,Hybrid,Automatic,108138,New,Accord,34629.56
1047,BMW,2015,4,Diesel,Automatic,207097,Used,X3,47155.14
1048,Honda,2002,2.7,Electric,Automatic,212376,New,Civic,16453.63
1049,Audi,2012,5.6,Petrol,Automatic,62040,Used,A4,16394.32
1050,Mercedes,2002,3,Electric,Manual,108668,New,E-Class,73959.9
1051,Audi,2017,1.7,Petrol,Manual,198768,Like New,A4,59123.34
1052,Mercedes,2010,4.6,Petrol,Manual,56815,Like New,E-Class,55705.49
1053,Toyota,2007,2.5,Diesel,Manual,216741,Used,Corolla,47981.28
1054,Audi,2005,3.6,Petrol,Manual,112789,Like New,A3,97771.6
1055,Toyota,2000,4.5,Diesel,Automatic,219478,New,Prius,9731.03
1056,BMW,2000,5.5,Electric,Manual,167644,Used,X5,22159.58
1057,Honda,2022,5,Electric,Manual,185102,Like New,Accord,66513.24
1058,Mercedes,2007,4.4,Petrol,Automatic,244533,Like New,E-Class,17954.74
1059,Honda,2004,4.4,Diesel,Automatic,237469,Used,Fit,60991.19
1060,Toyota,2015,5.7,Petrol,Manual,233308,Like New,Camry,58937.32
1061,Mercedes,2010,2.5,Diesel,Manual,160275,Like New,C-Class,97245.49
1062,Honda,2004,1,Diesel,Automatic,77088,Used,CR-V,88921.72
1063,Audi,2003,2.4,Diesel,Manual,5608,Like New,Q7,94827.57
1064,Ford,2005,2.1,Electric,Manual,45667,Like New,Explorer,15792.23
1065,Toyota,2013,4.3,Diesel,Manual,55547,Like New,RAV4,87474.1
1066,Honda,2021,4.2,Electric,Automatic,234907,Like New,CR-V,17263.61
1067,Toyota,2018,4,Diesel,Manual,57560,Used,Prius,65128.56
1068,Tesla,2008,1.1,Electric,Manual,214601,New,Model X,73407.43
1069,Toyota,2011,4.6,Hybrid,Automatic,159487,New,RAV4,20281.08
1070,Mercedes,2010,2.6,Electric,Automatic,184286,Like New,C-Class,65102.64
1071,Tesla,2013,4.3,Electric,Automatic,280141,Like New,Model Y,9983.75
1072,Mercedes,2022,3.8,Petrol,Manual,121266,New,GLC,32860.28
1073,Ford,2015,2.7,Diesel,Automatic,3679,Like New,Explorer,92510.06
1074,Tesla,2000,1.7,Hybrid,Manual,40308,New,Model S,21314.46
1075,Audi,2012,1.5,Petrol,Automatic,206096,Used,Q7,11200.65
1076,Toyota,2022,5.2,Diesel,Manual,170914,Used,RAV4,47149.43
1077,Honda,2020,5.6,Hybrid,Automatic,5695,Used,Civic,85808.73
1078,BMW,2020,4.2,Hybrid,Manual,226812,Used,X3,12283.88
1079,Toyota,2012,1.5,Hybrid,Manual,58499,Used,Camry,38775.86
1080,Toyota,2001,3,Diesel,Automatic,23382,Used,Corolla,90478.61
1081,Ford,2003,4.6,Hybrid,Automatic,276379,New,Fiesta,16224.78
1082,Audi,2005,4.9,Hybrid,Manual,193295,Like New,A4,34513.51
1083,BMW,2022,1.6,Petrol,Automatic,133438,New,3 Series,78949.96
1084,Tesla,2004,1,Electric,Manual,158539,Used,Model 3,56605.04
1085,Tesla,2002,4.6,Diesel,Automatic,6764,Like New,Model Y,84071.65
1086,Tesla,2000,2.8,Electric,Automatic,221968,Like New,Model Y,15601.56
1087,Mercedes,2003,2.3,Petrol,Manual,113831,Used,E-Class,92452.65
1088,Mercedes,2019,1.1,Electric,Automatic,61836,Used,C-Class,93816.62
1089,Honda,2001,3.7,Hybrid,Automatic,294067,Used,Fit,19754.74
1090,BMW,2004,5.3,Hybrid,Manual,255033,Used,3 Series,8218.17
1091,Tesla,2002,5.8,Diesel,Manual,16292,Used,Model 3,99034.93
1092,Mercedes,2008,3.8,Diesel,Automatic,283083,Used,GLC,50813.9
1093,Honda,2019,3.6,Diesel,Manual,243772,Like New,Fit,59347.16
1094,Audi,2005,1.4,Petrol,Automatic,18800,Used,A3,63510.95
1095,Honda,2017,3.7,Diesel,Automatic,56440,Used,Accord,80018.5
1096,Mercedes,2005,2.9,Petrol,Manual,127521,Like New,GLA,82138.86
1097,Ford,2018,4,Hybrid,Manual,121327,New,Mustang,23422.9
1098,Ford,2011,2.9,Electric,Manual,49648,Used,Fiesta,27480.49
1099,Tesla,2010,2.2,Hybrid,Manual,291908,Like New,Model X,88299.14
1100,Ford,2001,1.5,Hybrid,Manual,294614,Like New,Mustang,82854.17
1101,Tesla,2014,2.6,Hybrid,Manual,256160,New,Model S,63673.84
1102,Tesla,2011,1.5,Diesel,Automatic,169573,Used,Model S,99496.42
1103,Mercedes,2011,1.9,Diesel,Automatic,57207,Used,GLA,74842.47
1104,Ford,2008,5.9,Diesel,Manual,62157,Used,Focus,25504.49
1105,Tesla,2020,3.2,Electric,Automatic,134288,Like New,Model S,85431.19
1106,BMW,2023,3.7,Diesel,Automatic,153144,Used,5 Series,44399.6
1107,Audi,2001,5.4,Petrol,Automatic,93778,Used,Q7,8434.5
1108,Honda,2021,6,Hybrid,Automatic,130016,Used,Fit,35535.02
1109,Honda,2002,3.9,Electric,Manual,124288,Used,Fit,77537.37
1110,Mercedes,2011,5.1,Electric,Automatic,168204,New,GLC,96219.59
1111,Ford,2015,2.6,Electric,Automatic,110573,New,Mustang,31232.96
1112,Ford,2020,2.5,Electric,Manual,120730,New,Explorer,28419.05
1113,Tesla,2023,3,Electric,Manual,64186,Used,Model Y,58543.58
1114,Toyota,2000,4.4,Petrol,Manual,267104,Used,Camry,82109.97
1115,Tesla,2020,4.4,Hybrid,Manual,18781,Like New,Model 3,75919.94
1116,Audi,2002,2.6,Electric,Automatic,237677,Like New,A3,58196.1
1117,BMW,2019,1.7,Hybrid,Manual,257506,Like New,X5,64982.02
1118,Honda,2001,4.2,Diesel,Automatic,31126,Used,CR-V,27999.4
1119,Tesla,2008,1.6,Electric,Automatic,238217,New,Model X,46094.56
1120,Toyota,2018,3.9,Electric,Manual,280027,New,Camry,29259.73
1121,Toyota,2014,4.5,Hybrid,Manual,29782,New,Camry,89019.71
1122,Tesla,2017,4.5,Electric,Manual,148051,Used,Model X,15692.68
1123,Mercedes,2010,4.8,Electric,Manual,295890,New,E-Class,69575.35
1124,Honda,2022,5.4,Electric,Manual,261161,Like New,Civic,29726.9
1125,Mercedes,2015,3.5,Petrol,Manual,66266,Like New,GLA,50179.85
1126,BMW,2021,4.7,Petrol,Automatic,56,New,X3,33444.21
1127,Toyota,2016,4.1,Electric,Automatic,293601,Like New,Prius,35708.31
1128,Toyota,2004,1.9,Petrol,Automatic,132773,New,Prius,29737.34
1129,Audi,2011,1.1,Diesel,Automatic,187453,New,A3,76515.33
1130,BMW,2010,2.4,Electric,Manual,181510,Like New,X3,39743.01
1131,Toyota,2014,3.2,Diesel,Manual,80636,Like New,RAV4,74003.92
1132,BMW,2002,4.1,Hybrid,Automatic,66483,Like New,5 Series,48326.64
1133,Honda,2000,5.2,Diesel,Automatic,20505,Like New,Accord,56988.37
1134,Ford,2019,2,Hybrid,Automatic,33525,New,Focus,56612.31
1135,Toyota,2015,1.6,Electric,Manual,211474,Like New,RAV4,97705.95
1136,Audi,2001,5.8,Hybrid,Manual,96008,Like New,A4,39870.93
1137,Honda,2001,1.5,Hybrid,Manual,44348,Used,Accord,24729.99
1138,Tesla,2002,3.4,Diesel,Automatic,202259,Like New,Model 3,91620.23
1139,BMW,2007,3.9,Diesel,Automatic,269417,Like New,5 Series,21609.73
1140,Tesla,2023,3.7,Diesel,Manual,206641,New,Model 3,84270.17
1141,Mercedes,2014,1.4,Electric,Manual,134607,New,C-Class,19270.42
1142,Honda,2006,1.3,Electric,Automatic,214096,Used,Accord,67578.81
1143,Tesla,2005,1.5,Diesel,Automatic,107157,Like New,Model 3,19301.38
1144,Toyota,2008,3.9,Electric,Manual,908,Like New,Prius,92693.15
1145,BMW,2019,3.7,Electric,Automatic,252299,Like New,X5,58675.79
1146,Ford,2000,2.2,Hybrid,Manual,201225,Like New,Mustang,36281.01
1147,Honda,2007,4.2,Hybrid,Manual,108352,Like New,Accord,18330.66
1148,Toyota,2022,5.1,Diesel,Automatic,95967,Like New,Camry,40263.26
1149,Audi,2022,1.2,Electric,Automatic,35079,Used,A4,71976.9
1150,Mercedes,2002,3.5,Hybrid,Automatic,212628,Like New,GLC,41570.33
1151,BMW,2003,4.4,Petrol,Manual,111889,Like New,X5,28378.94
1152,Honda,2014,2.3,Electric,Automatic,262063,Like New,CR-V,59853.9
1153,Honda,2005,2.5,Petrol,Automatic,46105,Used,Fit,44693.08
1154,Ford,2014,4.1,Diesel,Manual,132957,Like New,Fiesta,20751.59
1155,Ford,2020,5.5,Electric,Manual,1049,Used,Mustang,19628.86
1156,Audi,2002,5,Diesel,Automatic,53281,New,Q7,72208.89
1157,Mercedes,2020,3.9,Diesel,Manual,66697,Like New,C-Class,97593.83
1158,Audi,2020,4.7,Diesel,Manual,36534,Used,Q7,27143.94
1159,Toyota,2013,2.8,Diesel,Manual,93034,New,Prius,78449.12
1160,Toyota,2019,4.2,Diesel,Automatic,58097,Used,Camry,13322.64
1161,Audi,2013,3.3,Electric,Automatic,184885,Used,Q7,41249.71
1162,Mercedes,2003,1.9,Petrol,Manual,287181,New,GLC,53135.37
1163,Audi,2011,4.5,Electric,Manual,27278,Like New,Q7,30530.96
1164,Mercedes,2016,3.8,Electric,Manual,139344,Like New,C-Class,55309.95
1165,Mercedes,2006,2.8,Electric,Automatic,73277,Used,C-Class,88848.37
1166,Tesla,2008,5.6,Hybrid,Manual,4694,New,Model 3,94721.61
1167,BMW,2002,1.1,Hybrid,Manual,58150,Like New,3 Series,14552.91
1168,Mercedes,2012,2.6,Electric,Automatic,67470,Used,GLA,30825.36
1169,Ford,2014,1.3,Petrol,Manual,21556,New,Explorer,98017.72
1170,Mercedes,2017,4.8,Electric,Automatic,195543,Used,GLC,30689.75
1171,Mercedes,2018,4.5,Diesel,Automatic,49086,New,C-Class,70807.2
1172,Mercedes,2000,2.7,Hybrid,Automatic,149979,Like New,E-Class,29078.1
1173,Tesla,2005,4.4,Hybrid,Manual,248399,Like New,Model 3,38854.73
1174,Tesla,2022,3,Electric,Manual,179559,Used,Model S,23171.5
1175,Toyota,2001,4.8,Electric,Automatic,99468,Like New,Camry,86348.52
1176,Tesla,2023,3.3,Petrol,Manual,295531,Like New,Model X,88851.63
1177,Ford,2013,3.1,Petrol,Automatic,68602,New,Focus,33206.69
1178,Ford,2005,5.7,Diesel,Manual,2460,Like New,Mustang,83241.03
1179,Tesla,2013,2.3,Electric,Automatic,72356,New,Model S,39032.96
1180,Audi,2003,1.6,Electric,Automatic,259925,New,Q7,14406.85
1181,BMW,2020,3.9,Electric,Manual,16191,Used,X5,77017.26
1182,Tesla,2007,5.8,Hybrid,Manual,84631,New,Model S,61662.39
1183,Mercedes,2002,2.9,Diesel,Manual,245702,Like New,E-Class,31066.33
1184,Honda,2018,1.3,Petrol,Manual,272673,New,Fit,29034.98
1185,BMW,2013,2.7,Hybrid,Automatic,32175,New,3 Series,97684.22
1186,BMW,2019,3.5,Hybrid,Automatic,279819,Used,5 Series,86937.6
1187,Ford,2016,1.8,Hybrid,Manual,157048,Like New,Focus,81930.84
1188,BMW,2007,4.3,Hybrid,Manual,194188,Like New,X3,17161.68
1189,Tesla,2023,6,Diesel,Automatic,62821,Like New,Model Y,76742.79
1190,Mercedes,2013,3.3,Electric,Manual,12204,New,C-Class,25381.32
1191,Mercedes,2005,2.8,Petrol,Manual,269538,Like New,GLA,97851.95
1192,Toyota,2022,3,Petrol,Manual,246464,Like New,RAV4,9948.47
1193,Mercedes,2021,1.6,Hybrid,Manual,33593,New,E-Class,38453.16
1194,Mercedes,2015,5.4,Hybrid,Automatic,208260,Used,GLC,45721.54
1195,Ford,2018,3.1,Diesel,Automatic,115064,Used,Mustang,83299.28
1196,Mercedes,2013,2.9,Hybrid,Manual,53365,New,E-Class,77791.17
1197,Toyota,2018,4.3,Petrol,Automatic,240644,Used,RAV4,40624.25
1198,Honda,2002,3.2,Petrol,Manual,220511,Used,CR-V,58728.23
1199,Tesla,2009,4.2,Electric,Manual,206971,Used,Model X,84381.54
1200,Ford,2018,1.3,Electric,Manual,103700,Like New,Mustang,6728.96
1201,Honda,2008,5.1,Petrol,Automatic,68247,Used,Accord,81206.92
1202,Ford,2019,5.7,Petrol,Automatic,182631,Like New,Fiesta,94955.12
1203,Audi,2012,4.2,Diesel,Automatic,156270,Used,A3,8046.13
1204,BMW,2006,5.8,Diesel,Automatic,153560,Like New,X3,9330.19
1205,Audi,2013,1.8,Petrol,Automatic,169587,New,A3,37728.83
1206,Mercedes,2008,3.4,Hybrid,Manual,290042,New,C-Class,13338.11
1207,Honda,2022,4,Electric,Manual,181142,Used,CR-V,50531.23
1208,Mercedes,2018,3.9,Petrol,Automatic,62613,Like New,GLC,74227.52
1209,BMW,2014,3,Hybrid,Automatic,96707,New,5 Series,58855.43
1210,Ford,2019,2.7,Petrol,Automatic,47003,New,Mustang,23661.03
1211,BMW,2013,1.6,Electric,Manual,48478,New,X5,67207.07
1212,Toyota,2023,3,Electric,Automatic,59030,New,RAV4,70061.18
1213,BMW,2005,1.8,Diesel,Manual,184133,Used,3 Series,93582.37
1214,Toyota,2020,4.7,Diesel,Manual,145921,Like New,RAV4,18945.71
1215,BMW,2003,2,Diesel,Automatic,246160,New,5 Series,70771.94
1216,Tesla,2007,1.3,Diesel,Manual,267589,Used,Model 3,91585.59
1217,Toyota,2016,3.8,Electric,Manual,149112,New,RAV4,52648.59
1218,Honda,2008,4,Hybrid,Automatic,262390,New,CR-V,39370.97
1219,Mercedes,2000,5.4,Hybrid,Manual,31153,New,C-Class,21221.2
1220,Mercedes,2023,3.9,Hybrid,Automatic,267356,New,GLC,87344.75
1221,Audi,2019,2.7,Petrol,Manual,134411,Used,A3,42453.41
1222,Mercedes,2013,5,Diesel,Automatic,56238,Like New,GLC,92863.83
1223,Ford,2010,3.7,Diesel,Automatic,296751,Used,Fiesta,85537.04
1224,Tesla,2020,1.4,Electric,Manual,52055,Used,Model 3,40780.79
1225,BMW,2002,3.8,Electric,Automatic,104509,Used,X5,59521.86
1226,Audi,2008,5.5,Petrol,Manual,135467,New,Q5,7581.53
1227,Ford,2013,3,Petrol,Manual,127378,Like New,Explorer,30006.03
1228,Ford,2008,2.5,Hybrid,Automatic,87687,New,Fiesta,72475.92
1229,Toyota,2003,1.7,Electric,Manual,102652,Used,Prius,69401.54
1230,Mercedes,2003,1.8,Diesel,Automatic,55773,New,C-Class,38570.1
1231,Honda,2007,3.2,Hybrid,Manual,202668,Like New,Accord,81817.76
1232,Honda,2001,4,Diesel,Manual,27584,Like New,Accord,27404.42
1233,Audi,2008,1.4,Hybrid,Automatic,244901,New,A4,48820.7
1234,Tesla,2013,5.7,Diesel,Manual,265482,Used,Model S,49890.41
1235,Honda,2021,4.8,Petrol,Manual,62601,New,Fit,37377.59
1236,BMW,2008,3.9,Hybrid,Manual,136559,Used,5 Series,95693.28
1237,Honda,2023,5.1,Diesel,Manual,36282,Like New,Civic,71184.98
1238,Audi,2022,1.4,Diesel,Manual,226137,New,Q5,56223.94
1239,Honda,2015,3.4,Electric,Manual,95798,Like New,Accord,53498.93
1240,BMW,2016,4.2,Hybrid,Manual,130963,Used,X5,20133.13
1241,Toyota,2015,5.1,Diesel,Manual,159876,Used,RAV4,40357.76
1242,Tesla,2011,4.9,Electric,Automatic,140987,New,Model Y,68913.46
1243,Audi,2002,2.4,Diesel,Manual,273302,New,A4,92834.17
1244,Toyota,2010,5.7,Hybrid,Manual,205229,New,Prius,82564.09
1245,Toyota,2013,1.6,Petrol,Automatic,10547,Like New,Camry,33537.03
1246,Toyota,2017,5.4,Hybrid,Automatic,264603,Used,Camry,46225.88
1247,Ford,2020,5.9,Hybrid,Automatic,63146,Used,Fiesta,12877.16
1248,Tesla,2020,1.9,Diesel,Manual,107761,Like New,Model 3,14706.37
1249,Mercedes,2004,4.6,Diesel,Automatic,82970,New,GLC,49671.89
1250,Tesla,2015,1.2,Hybrid,Automatic,191889,New,Model X,55370.84
1251,Ford,2019,3,Electric,Manual,169319,Like New,Mustang,30082.57
1252,Mercedes,2004,3.6,Electric,Manual,15419,Used,GLA,66064.36
1253,Tesla,2002,3.9,Electric,Automatic,35577,Used,Model S,71821.17
1254,Toyota,2011,5.7,Diesel,Automatic,2921,Used,Prius,33416.03
1255,Audi,2000,4.4,Diesel,Manual,144535,Used,A3,77050.35
1256,Mercedes,2020,3.4,Hybrid,Manual,156546,Like New,GLC,24532.47
1257,BMW,2008,5,Petrol,Manual,125534,Used,X5,56703.88
1258,BMW,2008,5.8,Diesel,Manual,256872,Like New,5 Series,81406.7
1259,Honda,2003,1.1,Hybrid,Manual,72828,New,Civic,56015.86
1260,Mercedes,2002,5.9,Hybrid,Automatic,123649,Like New,GLA,91256.46
1261,Audi,2016,1.4,Petrol,Manual,55152,Used,Q5,10557.62
1262,Ford,2001,5.1,Electric,Manual,220073,New,Fiesta,60889.82
1263,Toyota,2023,2.4,Hybrid,Manual,223393,Like New,Camry,58366.77
1264,Honda,2000,1.7,Hybrid,Manual,86569,Like New,CR-V,67733.57
1265,BMW,2007,3.2,Hybrid,Manual,156844,Like New,3 Series,84173.65
1266,Ford,2012,4.2,Electric,Automatic,159562,New,Focus,73956.04
1267,Ford,2022,2.9,Electric,Manual,122537,Like New,Mustang,80076.86
1268,Toyota,2014,1.3,Petrol,Automatic,53806,Used,Prius,32437.59
1269,Mercedes,2007,4,Diesel,Manual,75992,New,GLC,41812.25
1270,BMW,2011,5.5,Electric,Automatic,284464,New,X3,64543.81
1271,Audi,2021,2.9,Diesel,Automatic,258852,Like New,A4,57578.84
1272,Ford,2011,2.1,Diesel,Manual,173217,Used,Fiesta,96304.87
1273,Toyota,2013,3.2,Electric,Manual,194760,New,Prius,22749.28
1274,Audi,2014,1.2,Hybrid,Manual,20754,Like New,A4,38371.45
1275,Mercedes,2014,5.1,Petrol,Manual,69837,Used,GLC,59411.75
1276,BMW,2008,5.1,Diesel,Manual,138279,Like New,X3,87456.56
1277,Mercedes,2018,3.9,Hybrid,Automatic,218811,Like New,C-Class,93288.11
1278,Ford,2019,2.8,Electric,Manual,114780,New,Mustang,36923.45
1279,Audi,2021,5,Diesel,Manual,87081,New,A4,11375.3
1280,Audi,2007,3.8,Diesel,Automatic,286160,Like New,A3,45053.87
1281,Audi,2020,5.1,Diesel,Manual,112099,New,Q5,42462.69
1282,Ford,2018,4.2,Hybrid,Automatic,151174,New,Explorer,98716.27
1283,Ford,2005,4.9,Hybrid,Manual,264068,Used,Mustang,45950.82
1284,Mercedes,2019,4,Hybrid,Automatic,85015,Used,GLC,34043.68
1285,Honda,2018,3.1,Diesel,Manual,104987,Like New,Accord,39710.85
1286,Mercedes,2003,5.8,Diesel,Automatic,54333,Like New,GLC,42708
1287,BMW,2022,3.7,Petrol,Automatic,215530,Like New,5 Series,83046.34
1288,Toyota,2006,4,Petrol,Manual,177171,Like New,Prius,12696.41
1289,Audi,2003,2.1,Hybrid,Manual,188418,Used,Q7,35068.17
1290,Honda,2021,4.1,Hybrid,Manual,126372,New,Civic,96800.26
1291,Toyota,2011,3.9,Electric,Automatic,206553,Used,Prius,19544.74
1292,Honda,2012,1.9,Hybrid,Automatic,69767,Like New,Accord,75547.13
1293,Tesla,2002,1.3,Petrol,Automatic,104332,Like New,Model X,38857.38
1294,Mercedes,2021,4,Petrol,Manual,143279,Used,GLA,60269.62
1295,Ford,2011,4.8,Petrol,Manual,6336,Used,Explorer,14457.06
1296,Audi,2001,3.6,Diesel,Automatic,206238,Like New,A4,34109.11
1297,Mercedes,2023,2.1,Diesel,Manual,279400,New,GLA,52582.17
1298,Toyota,2001,4.3,Hybrid,Automatic,230517,Like New,Prius,27011.56
1299,Tesla,2022,1.4,Electric,Manual,180889,Used,Model Y,56477.64
1300,Tesla,2008,3.2,Electric,Manual,295863,Like New,Model X,25877.13
1301,Tesla,2000,1.8,Electric,Automatic,45704,Like New,Model X,66759.55
1302,Toyota,2007,1.9,Diesel,Manual,292157,New,RAV4,90913.66
1303,Toyota,2022,2,Petrol,Manual,226884,Like New,Corolla,13121.42
1304,Toyota,2005,2.9,Petrol,Manual,167848,Like New,Camry,25578.52
1305,Toyota,2005,1.3,Diesel,Manual,272204,Like New,Corolla,85220.19
1306,Tesla,2021,3,Electric,Manual,219182,Used,Model 3,64997.58
1307,Tesla,2017,3.6,Electric,Automatic,78563,Used,Model S,12477.35
1308,Honda,2016,3.4,Hybrid,Manual,135102,New,CR-V,51203.26
1309,Mercedes,2011,2.9,Hybrid,Automatic,89779,Like New,GLC,24927.06
1310,Audi,2005,5.2,Electric,Manual,164361,Used,Q7,23914.16
1311,Ford,2007,1.7,Diesel,Manual,99704,New,Fiesta,94361.31
1312,Tesla,2018,3.5,Electric,Automatic,261757,Like New,Model 3,77346.45
1313,Ford,2009,1.3,Hybrid,Automatic,110234,New,Explorer,71141.91
1314,Mercedes,2000,1.4,Electric,Manual,36491,New,E-Class,27698.24
1315,Mercedes,2012,3.9,Diesel,Manual,226621,New,GLA,16264.48
1316,Ford,2016,3.8,Petrol,Automatic,20448,New,Focus,87729.1
1317,Tesla,2002,5.4,Diesel,Automatic,49294,New,Model Y,5558.56
1318,Ford,2007,3.8,Diesel,Automatic,283590,New,Fiesta,41869.16
1319,Honda,2013,5.8,Hybrid,Automatic,216461,New,Civic,31373.19
1320,BMW,2002,1.2,Diesel,Manual,85615,Like New,X5,59185.74
1321,Tesla,2015,1.5,Diesel,Manual,17101,Like New,Model 3,28798.3
1322,Tesla,2012,1.2,Hybrid,Manual,290160,New,Model 3,34564.51
1323,Audi,2019,1.9,Hybrid,Manual,150004,Like New,A3,85753.79
1324,Toyota,2023,3.7,Petrol,Manual,90481,New,Camry,62302.94
1325,BMW,2016,4.2,Electric,Automatic,52802,Like New,3 Series,18839.84
1326,Mercedes,2012,1.2,Diesel,Automatic,269693,Used,GLA,74014.8
1327,Tesla,2005,5.7,Hybrid,Automatic,210005,New,Model Y,24708.62
1328,Ford,2016,5.2,Petrol,Manual,156434,Used,Mustang,46135.47
1329,BMW,2013,2.5,Electric,Automatic,47842,New,X3,66427.69
1330,Audi,2016,1.4,Hybrid,Manual,46539,New,Q7,30833.31
1331,Mercedes,2007,1.8,Electric,Manual,33717,Used,GLA,41490.15
1332,Toyota,2010,1.6,Electric,Manual,246281,Used,RAV4,74744.21
1333,Toyota,2019,1.6,Diesel,Automatic,186272,Used,Corolla,94101.54
1334,Audi,2000,3.6,Diesel,Manual,115042,New,Q5,55278.28
1335,Audi,2006,2.2,Hybrid,Manual,127922,Used,A4,5947.24
1336,Ford,2020,2.8,Electric,Automatic,92447,Used,Focus,37154.06
1337,Tesla,2020,5.9,Hybrid,Manual,158693,Like New,Model X,42870.26
1338,Toyota,2016,4.4,Hybrid,Automatic,12823,Like New,RAV4,37221.49
1339,Mercedes,2009,5.7,Electric,Manual,29986,Used,E-Class,46445.54
1340,BMW,2010,1.7,Hybrid,Automatic,121682,Used,5 Series,65103.29
1341,Mercedes,2021,2.9,Electric,Manual,64325,Used,E-Class,16507.16
1342,Honda,2008,3.8,Electric,Manual,250476,Used,Fit,30899.9
1343,Honda,2008,1.4,Electric,Automatic,57771,Like New,Civic,53226.57
1344,Audi,2023,1,Electric,Manual,54973,New,A3,34979.46
1345,Ford,2004,4.4,Petrol,Automatic,145762,Used,Fiesta,99153.11
1346,Honda,2016,4.2,Electric,Manual,57888,Used,CR-V,45985.99
1347,Toyota,2008,3.1,Diesel,Automatic,10956,Like New,Camry,87630.92
1348,Mercedes,2016,3.4,Diesel,Manual,86839,Used,E-Class,90168.43
1349,Mercedes,2023,3.1,Diesel,Manual,167605,Used,GLA,84420.66
1350,Audi,2020,1.1,Electric,Manual,101131,Like New,Q7,9455.33
1351,Tesla,2018,2.7,Diesel,Automatic,187973,Used,Model Y,95035.94
1352,Tesla,2006,1.9,Petrol,Automatic,11519,Used,Model Y,17230.54
1353,BMW,2022,1.5,Hybrid,Automatic,162187,Like New,X5,8268.34
1354,Audi,2008,5.8,Electric,Automatic,1832,New,Q7,44365.11
1355,BMW,2006,4,Diesel,Automatic,113922,Used,X5,23490.23
1356,Tesla,2012,4.6,Petrol,Manual,105474,Used,Model S,22498.67
1357,Audi,2010,2.6,Hybrid,Manual,69715,New,Q7,32342.86
1358,Audi,2013,3,Petrol,Manual,73366,Like New,Q7,28598.53
1359,Audi,2018,2.2,Diesel,Manual,37570,New,Q7,70055.56
1360,Tesla,2010,1.5,Petrol,Manual,137687,Used,Model S,22743.84
1361,BMW,2012,1.9,Hybrid,Automatic,38311,New,3 Series,56596.24
1362,BMW,2013,5,Diesel,Manual,103187,Like New,X5,98710.52
1363,Audi,2012,4.4,Hybrid,Automatic,285578,Used,Q5,46076.33
1364,Honda,2000,3.7,Petrol,Manual,86879,Like New,Fit,65977.95
1365,Ford,2007,3.4,Electric,Automatic,15739,Like New,Focus,97090.31
1366,Tesla,2011,5.6,Electric,Automatic,66202,New,Model Y,18075.7
1367,Ford,2018,1.4,Electric,Automatic,98580,New,Mustang,44767.67
1368,Ford,2011,2.4,Electric,Manual,224491,Like New,Mustang,85768.28
1369,BMW,2007,2.7,Hybrid,Manual,79599,Like New,X5,93569.04
1370,BMW,2007,4.9,Electric,Manual,164721,Used,X5,62117.43
1371,Honda,2020,6,Hybrid,Manual,231436,Like New,Accord,18624.96
1372,Ford,2012,2.2,Diesel,Automatic,116770,Like New,Focus,90639.8
1373,Ford,2011,5.4,Electric,Automatic,179693,New,Fiesta,21572.42
1374,Audi,2015,5.2,Hybrid,Automatic,261051,Like New,A3,38523.4
1375,BMW,2000,2.1,Electric,Automatic,114300,Like New,5 Series,40673.26
1376,Ford,2012,3,Electric,Manual,191012,New,Mustang,47492.7
1377,Mercedes,2006,3,Electric,Automatic,171796,Used,GLC,80065.75
1378,Honda,2004,5.9,Hybrid,Manual,162776,New,Fit,81203.72
1379,Mercedes,2007,1.9,Petrol,Automatic,241942,New,GLA,73367.23
1380,Mercedes,2013,5,Electric,Automatic,2526,Like New,GLA,7102.22
1381,Tesla,2022,2.7,Electric,Automatic,268718,Like New,Model 3,58660.28
1382,Tesla,2012,4.7,Diesel,Manual,270877,Used,Model Y,76011.83
1383,Honda,2014,3.1,Petrol,Manual,36051,Like New,CR-V,47239.4
1384,Mercedes,2022,3.9,Hybrid,Automatic,15909,Used,GLA,94768.92
1385,Ford,2016,5.2,Diesel,Automatic,77338,Used,Focus,83262
1386,BMW,2014,5,Electric,Automatic,290277,Used,3 Series,65624.73
1387,Honda,2019,5.3,Diesel,Manual,182643,Used,CR-V,10930.39
1388,Audi,2017,1.3,Diesel,Manual,79062,Like New,Q5,66972.89
1389,Mercedes,2017,4.5,Electric,Manual,181980,New,C-Class,91600.06
1390,Honda,2001,1.7,Petrol,Automatic,51458,New,Civic,41047.31
1391,Toyota,2003,3.1,Petrol,Manual,222159,Like New,Prius,84622.59
1392,Toyota,2000,3.7,Diesel,Automatic,287442,Like New,Corolla,34750.31
1393,Tesla,2003,3,Electric,Manual,231946,Used,Model X,59159.81
1394,BMW,2017,3.6,Hybrid,Automatic,153263,Like New,X3,66600.32
1395,Ford,2004,6,Diesel,Automatic,164164,New,Focus,69409.53
1396,BMW,2018,1.7,Hybrid,Manual,89407,Like New,3 Series,88842.18
1397,BMW,2014,4.4,Diesel,Automatic,206329,Like New,X3,27289.12
1398,BMW,2007,3,Diesel,Automatic,62513,Used,X5,29925.11
1399,BMW,2019,1.7,Electric,Automatic,145476,Used,5 Series,71883.89
1400,Audi,2016,1.8,Electric,Manual,35198,Used,Q7,21833.41
1401,Audi,2000,5.7,Hybrid,Automatic,225295,Used,Q5,49105.69
1402,Tesla,2011,5.4,Hybrid,Manual,264323,New,Model Y,6903.27
1403,Honda,2018,5.5,Petrol,Manual,2019,Like New,Civic,18393.04
1404,Toyota,2014,6,Electric,Automatic,81455,Like New,Corolla,69490.41
1405,BMW,2008,2,Diesel,Manual,216311,Used,3 Series,76008.85
1406,Tesla,2006,2.8,Diesel,Automatic,149776,New,Model S,15955.31
1407,Honda,2001,4.3,Petrol,Manual,149102,New,Accord,26632.41
1408,Toyota,2008,3.4,Electric,Automatic,3420,Like New,Corolla,14395.92
1409,Mercedes,2009,3.1,Diesel,Manual,178725,Used,C-Class,46174.22
1410,Ford,2001,2.8,Petrol,Automatic,16740,Like New,Mustang,16981.03
1411,Audi,2018,4,Petrol,Automatic,105789,Like New,Q7,46543.12
1412,Mercedes,2010,3.9,Diesel,Automatic,19465,New,E-Class,74549.33
1413,Toyota,2012,1.8,Diesel,Automatic,4131,New,Corolla,69921.92
1414,Mercedes,2009,3.4,Hybrid,Manual,10652,Like New,E-Class,31643.75
1415,Ford,2013,3.8,Electric,Manual,218115,Used,Fiesta,69007.44
1416,Tesla,2017,3.9,Hybrid,Automatic,245289,Used,Model Y,93132.65
1417,Toyota,2018,2.1,Petrol,Manual,89342,Like New,Corolla,38014.82
1418,Mercedes,2021,4.7,Diesel,Automatic,281315,Like New,C-Class,36266.32
1419,Audi,2008,1.1,Hybrid,Automatic,217201,Used,A3,59286.67
1420,Audi,2006,2.8,Petrol,Manual,259820,Used,A4,28322.67
1421,Honda,2002,4.9,Electric,Manual,186764,Used,Accord,66900
1422,Mercedes,2019,3.8,Diesel,Automatic,58541,Like New,C-Class,84064.87
1423,BMW,2005,2.3,Hybrid,Manual,9470,New,X3,48635.26
1424,Mercedes,2020,4.5,Electric,Automatic,192416,Used,E-Class,69553.2
1425,Tesla,2001,3.8,Hybrid,Manual,44308,Used,Model 3,66929.12
1426,Toyota,2005,5,Petrol,Manual,135669,Used,Camry,8673.23
1427,Toyota,2002,4.7,Electric,Manual,102840,Like New,Corolla,22424.55
1428,Tesla,2015,4.1,Hybrid,Manual,161860,New,Model S,89885.35
1429,Mercedes,2007,3.4,Electric,Manual,49477,New,GLC,94194.75
1430,Tesla,2001,1.7,Petrol,Automatic,108261,Used,Model Y,79141.77
1431,Ford,2016,2.3,Electric,Manual,102466,Like New,Focus,92518.57
1432,Tesla,2008,3.1,Hybrid,Manual,295215,New,Model S,34084.12
1433,Audi,2011,4,Petrol,Automatic,70560,Like New,A4,28532.54
1434,Tesla,2002,3.6,Diesel,Automatic,255392,New,Model Y,41508.52
1435,Toyota,2010,2.4,Hybrid,Automatic,261278,Used,Prius,10257.49
1436,Audi,2000,1,Hybrid,Manual,166471,Like New,A3,81937.8
1437,Toyota,2022,3.5,Petrol,Manual,244413,Used,RAV4,98496.67
1438,Honda,2012,2.4,Petrol,Automatic,188511,New,Accord,83282.78
1439,BMW,2014,4.7,Diesel,Automatic,2369,New,X5,57722.66
1440,Toyota,2004,1.1,Hybrid,Automatic,228629,Used,Prius,33051.79
1441,Audi,2020,3.9,Petrol,Automatic,262672,New,Q5,23781.3
1442,Honda,2016,5.7,Diesel,Manual,108806,Used,CR-V,39585.97
1443,Toyota,2022,1.9,Diesel,Manual,161386,Used,Camry,68362.11
1444,Ford,2023,3.4,Petrol,Manual,102979,Used,Explorer,47470.85
1445,Tesla,2005,1.5,Hybrid,Manual,281892,New,Model Y,93735.68
1446,BMW,2020,4.1,Electric,Manual,35109,Like New,3 Series,86150.93
1447,Toyota,2021,3.8,Electric,Automatic,13919,Used,Camry,14728.06
1448,Honda,2010,3,Diesel,Manual,211864,Like New,Fit,17494.9
1449,Ford,2017,3.6,Electric,Automatic,70441,New,Focus,69242.72
1450,Mercedes,2003,5.5,Electric,Automatic,66896,New,E-Class,26923
1451,Honda,2002,2,Petrol,Automatic,103431,Like New,Accord,80147.84
1452,Tesla,2012,1.1,Diesel,Manual,47020,Used,Model Y,61179.02
1453,Honda,2022,5.3,Hybrid,Automatic,205338,New,CR-V,26833.9
1454,Ford,2008,3.9,Diesel,Manual,284305,Used,Focus,50475.25
1455,Honda,2020,5.5,Petrol,Automatic,27738,Used,CR-V,43577.25
1456,Ford,2005,4,Electric,Manual,134997,Like New,Fiesta,87950.14
1457,Toyota,2011,5.1,Hybrid,Automatic,57153,New,Corolla,8055.44
1458,Ford,2001,3.1,Diesel,Manual,214020,Like New,Fiesta,90105.17
1459,Ford,2002,4.7,Electric,Automatic,61009,New,Mustang,66947.85
1460,BMW,2002,5.6,Diesel,Automatic,172624,Like New,5 Series,75066.13
1461,Ford,2011,3.9,Hybrid,Automatic,271941,New,Mustang,5247.71
1462,Ford,2014,1.9,Diesel,Automatic,71942,New,Focus,64682.75
1463,Mercedes,2008,2.3,Diesel,Manual,118065,New,E-Class,60906.19
1464,Toyota,2022,2,Diesel,Manual,276109,Used,Prius,56034.53
1465,Tesla,2007,2.2,Electric,Manual,275877,Used,Model S,79657.35
1466,BMW,2010,2.5,Hybrid,Automatic,157998,Like New,X5,57807.75
1467,Mercedes,2015,3.8,Hybrid,Automatic,159855,Like New,C-Class,86424.23
1468,Audi,2021,3.9,Electric,Automatic,83360,New,Q7,27099.99
1469,Toyota,2003,3.1,Electric,Automatic,167466,New,Prius,81568.35
1470,Toyota,2000,4.1,Electric,Automatic,195868,Used,Camry,22034.71
1471,Audi,2023,1.4,Petrol,Automatic,290431,Used,A4,82246.19
1472,Tesla,2006,1.4,Diesel,Manual,82104,Used,Model 3,94344.03
1473,Ford,2001,1.9,Diesel,Manual,161508,Like New,Explorer,36890.94
1474,Mercedes,2023,3.6,Hybrid,Manual,221404,Used,GLC,55339.2
1475,Honda,2004,2.1,Diesel,Manual,265332,Like New,Fit,67541.26
1476,BMW,2006,2.4,Petrol,Manual,91205,Used,5 Series,12549.81
1477,Honda,2003,3,Electric,Manual,232321,Used,Civic,51937.67
1478,Audi,2004,5.1,Hybrid,Manual,137837,New,A3,39255.57
1479,Toyota,2023,1.1,Hybrid,Manual,219779,Like New,RAV4,87883.28
1480,Tesla,2000,4.2,Diesel,Automatic,141879,Used,Model S,88284.55
1481,Toyota,2000,4.3,Hybrid,Automatic,10204,New,Prius,71574.06
1482,BMW,2014,5,Electric,Automatic,223674,Like New,X5,67293.83
1483,Toyota,2019,5.7,Hybrid,Automatic,189016,Like New,Corolla,74700.4
1484,Toyota,2018,1.1,Electric,Automatic,102903,Used,Prius,39768.76
1485,BMW,2009,1.8,Petrol,Automatic,299225,Like New,X3,43429.33
1486,Mercedes,2017,5.4,Petrol,Automatic,256687,New,E-Class,57601.95
1487,Mercedes,2002,3.3,Electric,Manual,34986,New,C-Class,94112.67
1488,BMW,2010,3.8,Diesel,Manual,50304,Like New,3 Series,73779.99
1489,Tesla,2014,4.3,Hybrid,Automatic,39986,New,Model S,57343.98
1490,Audi,2010,4.4,Diesel,Manual,91594,Like New,A3,78189.24
1491,Toyota,2016,5.7,Hybrid,Manual,66151,New,Camry,40234.58
1492,Tesla,2016,6,Petrol,Manual,290358,Like New,Model S,74394.34
1493,Toyota,2005,4.6,Petrol,Manual,173620,Like New,Prius,44014.24
1494,Audi,2004,2.4,Petrol,Manual,141753,Like New,Q7,31567.83
1495,Mercedes,2007,5.4,Hybrid,Automatic,138056,New,C-Class,62923.78
1496,Tesla,2001,1.2,Petrol,Manual,158651,Like New,Model X,70253.37
1497,Ford,2015,2.2,Petrol,Automatic,234347,Like New,Focus,48632.89
1498,Ford,2019,5.5,Petrol,Automatic,186005,Used,Fiesta,58722.57
1499,Ford,2023,2.3,Petrol,Automatic,162553,Used,Fiesta,70936.28
1500,Mercedes,2011,2.1,Diesel,Manual,944,Like New,C-Class,77932.45
1501,Mercedes,2005,1.7,Petrol,Automatic,93993,Used,GLC,90079.29
1502,Audi,2000,5.3,Petrol,Automatic,271258,Like New,A3,38681.7
1503,Toyota,2003,3.5,Diesel,Automatic,214738,Used,Camry,95390.34
1504,Audi,2016,4.4,Diesel,Automatic,208920,New,A4,65541.58
1505,Audi,2012,2.2,Hybrid,Manual,256805,New,A3,79831.68
1506,Mercedes,2017,4.8,Electric,Automatic,294740,Like New,GLC,71478.06
1507,Ford,2004,4.8,Petrol,Automatic,104087,Like New,Focus,24529.31
1508,Honda,2023,2.6,Petrol,Automatic,269051,New,Fit,11786.65
1509,Toyota,2023,3.1,Petrol,Automatic,255035,New,Corolla,73997.21
1510,Mercedes,2002,2,Hybrid,Manual,159186,Used,C-Class,53550
1511,Ford,2010,5.9,Petrol,Automatic,287153,Like New,Explorer,71710.27
1512,Tesla,2012,4.2,Electric,Automatic,166797,New,Model S,50300.07
1513,Honda,2003,5.7,Diesel,Automatic,281140,New,Civic,34662.28
1514,Honda,2013,2.5,Hybrid,Automatic,290911,Like New,Accord,32076.7
1515,Mercedes,2021,4.9,Diesel,Automatic,278491,Used,GLC,74400.55
1516,BMW,2010,4.8,Petrol,Automatic,102063,Used,X3,31294.11
1517,Toyota,2009,4.5,Petrol,Manual,24102,Used,Prius,72894.3
1518,Honda,2018,5.8,Petrol,Automatic,4263,Used,Civic,41476.21
1519,Mercedes,2017,3,Electric,Manual,67438,New,GLC,78235.35
1520,Mercedes,2005,1.7,Electric,Manual,96359,Like New,GLA,18566.94
1521,Ford,2014,4.4,Hybrid,Automatic,130251,Like New,Mustang,24473.09
1522,Tesla,2020,4.6,Diesel,Manual,171915,New,Model S,70161.6
1523,BMW,2009,3.9,Petrol,Automatic,27690,New,X3,58221.96
1524,Toyota,2004,2,Petrol,Manual,2994,New,Corolla,24368.44
1525,Audi,2004,3.5,Petrol,Automatic,103533,Like New,Q5,90768.57
1526,Tesla,2009,2.6,Petrol,Manual,67546,Like New,Model 3,31214.69
1527,Tesla,2004,3.1,Electric,Manual,26467,Like New,Model X,45001.78
1528,Ford,2002,4.2,Diesel,Automatic,246590,Used,Explorer,24217.35
1529,Honda,2022,4.7,Diesel,Manual,131120,New,Fit,41862.62
1530,Honda,2005,2.2,Hybrid,Manual,168050,New,Fit,51706.44
1531,Ford,2003,3,Electric,Manual,73414,New,Mustang,33048.47
1532,Mercedes,2017,2.3,Petrol,Manual,180294,Like New,GLC,78063.9
1533,Honda,2008,2,Diesel,Manual,48115,New,Fit,42423.63
1534,BMW,2016,4.9,Diesel,Automatic,40647,New,3 Series,74303.45
1535,Toyota,2012,5.5,Electric,Manual,54607,Used,Corolla,24671.86
1536,Tesla,2014,2.9,Hybrid,Manual,21996,Like New,Model X,40818.37
1537,Tesla,2019,4.8,Hybrid,Automatic,83697,New,Model S,5765.54
1538,BMW,2016,5.5,Petrol,Automatic,67764,Like New,5 Series,77070.57
1539,Honda,2012,5.2,Hybrid,Automatic,239190,Like New,CR-V,64459.23
1540,Tesla,2015,1.9,Diesel,Manual,8888,Like New,Model Y,82693.22
1541,Audi,2021,5.8,Hybrid,Manual,219738,Used,A3,48283.02
1542,Toyota,2003,2.9,Petrol,Manual,221432,Like New,Prius,80975.36
1543,Toyota,2004,2.7,Diesel,Manual,279477,Like New,Prius,66520.34
1544,Tesla,2004,1.3,Hybrid,Automatic,36355,Like New,Model Y,5343.23
1545,Ford,2008,3.4,Hybrid,Automatic,230487,New,Explorer,29100.96
1546,Tesla,2016,1.5,Electric,Manual,129686,Used,Model Y,51919.68
1547,Ford,2012,2.2,Petrol,Manual,162217,New,Fiesta,63775.3
1548,Tesla,2001,2.6,Hybrid,Manual,249602,Used,Model 3,11231.13
1549,Audi,2012,5,Electric,Manual,249434,Used,Q7,71982.59
1550,Mercedes,2021,5.4,Diesel,Automatic,180926,Like New,GLC,56635.93
1551,Toyota,2020,2.5,Electric,Automatic,67664,Like New,Prius,54949.03
1552,Tesla,2022,5.3,Electric,Manual,86153,New,Model Y,32744.33
1553,Audi,2018,5.3,Hybrid,Automatic,93616,Used,A4,61508.19
1554,Ford,2002,4.8,Hybrid,Manual,297429,Like New,Fiesta,7611.82
1555,Ford,2009,1.7,Hybrid,Manual,256349,Like New,Fiesta,11146.53
1556,Toyota,2001,4.5,Electric,Automatic,46996,Like New,Corolla,74717.66
1557,BMW,2012,5.7,Diesel,Manual,128344,Like New,5 Series,35579.68
1558,Tesla,2018,4.4,Petrol,Automatic,229685,New,Model X,37961.87
1559,Honda,2016,2.7,Electric,Manual,128019,New,CR-V,24796.59
1560,Ford,2020,3.5,Hybrid,Automatic,135024,Like New,Fiesta,47333.97
1561,Mercedes,2013,4.2,Petrol,Manual,183273,Like New,E-Class,9939.38
1562,Mercedes,2011,3.6,Diesel,Automatic,120454,Like New,GLC,33534.51
1563,Ford,2020,1.6,Petrol,Manual,124444,Like New,Fiesta,55076.77
1564,BMW,2011,2.6,Hybrid,Manual,153868,Like New,3 Series,49235.03
1565,BMW,2010,5,Electric,Automatic,162818,Used,3 Series,99968.62
1566,Audi,2006,5.3,Electric,Manual,15,Used,Q5,41932.64
1567,Mercedes,2003,1.7,Hybrid,Automatic,157029,Used,C-Class,41764.91
1568,Audi,2018,5.8,Electric,Automatic,81541,Used,A4,52840.27
1569,Mercedes,2000,2.6,Hybrid,Manual,21292,Like New,GLA,23078.8
1570,Tesla,2023,4.3,Electric,Manual,162948,Used,Model S,88248.92
1571,Tesla,2002,4.8,Electric,Manual,191799,Used,Model X,59365.44
1572,Honda,2012,5.1,Electric,Manual,47046,New,Accord,23250.23
1573,Tesla,2014,5.7,Diesel,Automatic,14817,Used,Model X,80376.95
1574,Honda,2001,2.6,Diesel,Manual,9759,Used,Civic,8261.56
1575,Tesla,2010,5.3,Hybrid,Manual,179504,Like New,Model 3,98343.6
1576,Toyota,2003,1.7,Diesel,Manual,268556,Used,Camry,87189.19
1577,Tesla,2018,4.5,Hybrid,Automatic,282648,Used,Model X,60065.75
1578,Audi,2016,4.7,Petrol,Manual,270651,Like New,A4,15573.09
1579,Ford,2002,4.4,Petrol,Automatic,21050,Used,Explorer,25450.91
1580,Audi,2017,2.3,Diesel,Manual,100153,Like New,Q7,31546.34
1581,Ford,2007,5.4,Petrol,Automatic,275731,Used,Fiesta,27898.02
1582,BMW,2021,1.8,Petrol,Manual,231329,New,5 Series,52264.4
1583,Audi,2023,1.3,Electric,Manual,57732,New,Q5,94733.24
1584,BMW,2018,4.6,Electric,Automatic,51921,Used,X5,47196.4
1585,Honda,2004,3.4,Hybrid,Manual,117734,New,Fit,67848.63
1586,Honda,2006,5.2,Petrol,Manual,137912,Like New,Fit,70415.4
1587,Toyota,2020,2.9,Hybrid,Manual,31440,Used,Corolla,87800.17
1588,Tesla,2007,1.8,Hybrid,Automatic,35183,Like New,Model Y,8213.02
1589,Audi,2004,5.2,Petrol,Manual,133461,New,A4,43411.36
1590,BMW,2016,3.7,Diesel,Automatic,114515,Like New,3 Series,79549.84
1591,Ford,2004,1.9,Petrol,Automatic,220533,New,Mustang,82412.37
1592,Honda,2003,4.6,Electric,Automatic,115503,New,CR-V,93096.6
1593,Tesla,2021,3.6,Petrol,Manual,39023,New,Model 3,71765.46
1594,Honda,2018,4,Diesel,Automatic,181101,Like New,CR-V,28289.62
1595,Ford,2020,3.3,Hybrid,Automatic,218031,New,Explorer,53038.25
1596,Tesla,2001,5.1,Hybrid,Manual,76054,Used,Model 3,8072.8
1597,Tesla,2010,5.1,Electric,Automatic,61742,New,Model 3,66458.19
1598,BMW,2021,4.5,Electric,Automatic,45215,Used,X3,57658.05
1599,BMW,2012,1.5,Electric,Manual,159245,Used,3 Series,68349.45
1600,Audi,2014,5.2,Hybrid,Manual,241443,Used,A3,93363.35
1601,Audi,2011,4.4,Electric,Automatic,103591,Used,Q5,70291.28
1602,Mercedes,2021,4.5,Petrol,Manual,249045,Like New,GLC,35442.74
1603,Mercedes,2020,2.8,Hybrid,Manual,46229,Used,C-Class,23879.98
1604,Toyota,2021,5.4,Diesel,Manual,62583,New,Camry,86190.44
1605,Honda,2010,4.6,Hybrid,Automatic,255931,Used,Fit,23461.55
1606,Audi,2006,1.6,Petrol,Automatic,159996,New,A3,20352.91
1607,BMW,2004,3,Petrol,Manual,126011,Like New,3 Series,24628.15
1608,Ford,2016,5.4,Electric,Automatic,292248,Used,Explorer,53339.88
1609,BMW,2023,1.2,Hybrid,Manual,240660,New,5 Series,16797.81
1610,Honda,2019,5.8,Hybrid,Manual,299738,Like New,CR-V,94121.24
1611,Mercedes,2008,4.4,Hybrid,Manual,265808,Like New,C-Class,96794.1
1612,BMW,2013,4.2,Diesel,Manual,272672,New,X3,97511.18
1613,Toyota,2011,2.4,Electric,Manual,159262,Used,Corolla,8716.86
1614,Honda,2005,2.2,Petrol,Automatic,197105,Like New,Civic,94888.77
1615,Mercedes,2016,5.7,Petrol,Automatic,204249,New,E-Class,99754.42
1616,Ford,2018,2.5,Electric,Automatic,128404,Used,Explorer,94530.77
1617,Mercedes,2018,4.9,Petrol,Automatic,201664,Like New,GLA,68739.2
1618,Tesla,2015,3,Petrol,Manual,295043,New,Model Y,71616.86
1619,Toyota,2011,1.7,Electric,Manual,17241,Like New,Corolla,16614.03
1620,Honda,2011,1.1,Petrol,Automatic,63472,Like New,CR-V,88058.22
1621,Ford,2019,3.7,Hybrid,Automatic,205320,New,Mustang,10665.76
1622,Toyota,2005,5.9,Diesel,Manual,31346,Like New,RAV4,35184.4
1623,Mercedes,2022,2.8,Electric,Manual,81196,New,E-Class,99159.41
1624,Toyota,2003,2.8,Diesel,Manual,208196,Used,Corolla,45121.15
1625,Honda,2005,2.7,Petrol,Automatic,149014,New,Fit,17459.84
1626,Audi,2010,3.6,Petrol,Manual,298517,Used,A3,97082.99
1627,Toyota,2000,3.2,Hybrid,Manual,120623,Like New,RAV4,98493.27
1628,Tesla,2023,5.4,Electric,Automatic,2016,New,Model S,22769.06
1629,Toyota,2022,3.5,Petrol,Automatic,7274,New,Camry,87156.36
1630,Mercedes,2014,3.5,Electric,Automatic,15748,New,GLC,42090.22
1631,Mercedes,2010,1.7,Electric,Manual,11826,New,C-Class,41230
1632,Ford,2018,5.9,Electric,Manual,129288,Used,Mustang,29956.28
1633,Mercedes,2017,2.2,Electric,Automatic,201081,Used,E-Class,9247.48
1634,BMW,2016,1.4,Electric,Manual,251054,Like New,5 Series,30460.85
1635,Honda,2018,4.3,Diesel,Manual,172507,Like New,Fit,10108.81
1636,Honda,2020,4,Hybrid,Manual,206089,Like New,Fit,92815.34
1637,Audi,2013,3.1,Electric,Automatic,223023,Like New,Q7,67863.46
1638,Audi,2017,3.1,Diesel,Automatic,192949,New,Q7,89229.15
1639,Honda,2018,4.9,Petrol,Manual,69072,Used,Accord,73142.61
1640,Tesla,2014,2,Electric,Manual,67309,Used,Model S,17472.25
1641,Audi,2014,5.1,Petrol,Manual,160966,Used,Q7,94355.25
1642,Ford,2003,4.2,Electric,Manual,185639,Used,Fiesta,90489.84
1643,Mercedes,2006,3.1,Diesel,Automatic,35326,Like New,GLA,38067.23
1644,Honda,2012,3.3,Diesel,Automatic,186131,New,CR-V,15595.67
1645,Audi,2002,2.3,Diesel,Manual,267223,Used,Q5,71894.7
1646,Honda,2015,4.8,Hybrid,Manual,87340,New,CR-V,74194.32
1647,BMW,2008,3.6,Petrol,Automatic,167364,New,3 Series,90198.76
1648,Toyota,2007,2.6,Hybrid,Manual,118192,New,RAV4,10002.3
1649,Mercedes,2019,4,Electric,Automatic,251749,New,GLC,18461.86
1650,Honda,2012,6,Petrol,Manual,51818,Used,Civic,61833.64
1651,Toyota,2016,3.2,Diesel,Automatic,13429,Used,RAV4,63817.5
1652,Audi,2016,5.6,Petrol,Manual,57748,Used,Q5,8192.92
1653,Toyota,2016,2.7,Diesel,Manual,48807,Like New,RAV4,42708.54
1654,Mercedes,2000,1.3,Hybrid,Automatic,269284,Used,GLA,60495.36
1655,Honda,2007,2,Hybrid,Automatic,238161,Like New,Fit,75101.58
1656,BMW,2018,3.1,Diesel,Manual,290669,Like New,X5,35034.32
1657,Tesla,2005,2.1,Diesel,Manual,282635,Like New,Model X,50970.83
1658,Audi,2002,1,Electric,Automatic,199888,Used,A4,82335.21
1659,Honda,2004,5.6,Hybrid,Automatic,166052,Used,Civic,95620.03
1660,Mercedes,2012,5.2,Hybrid,Manual,226597,Used,C-Class,26879.89
1661,Audi,2014,4.7,Electric,Manual,8078,Like New,A4,29039.01
1662,Ford,2013,1.8,Hybrid,Automatic,91654,Like New,Mustang,94282.73
1663,Toyota,2022,1.6,Diesel,Automatic,129101,New,RAV4,42611.56
1664,Tesla,2015,1.3,Petrol,Automatic,16997,Like New,Model 3,73243.09
1665,Mercedes,2017,4.6,Petrol,Automatic,131940,Like New,C-Class,63165.2
1666,Ford,2021,5.6,Hybrid,Automatic,212650,Used,Fiesta,32130.83
1667,Honda,2021,3.2,Electric,Manual,283390,New,CR-V,67088.41
1668,BMW,2010,1.6,Diesel,Manual,151633,New,X5,67278.76
1669,Audi,2002,3.6,Petrol,Automatic,34512,New,A4,61282.1
1670,Toyota,2021,2.7,Diesel,Manual,225226,Used,Prius,14467.78
1671,Audi,2009,2.9,Hybrid,Manual,208467,New,A3,99541.32
1672,Tesla,2009,4.1,Hybrid,Automatic,72144,New,Model X,43039.56
1673,Honda,2020,4.6,Petrol,Manual,173557,Used,CR-V,65633.84
1674,Audi,2015,1.6,Hybrid,Manual,117363,New,A4,89147.36
1675,Toyota,2011,1.2,Electric,Manual,201484,Like New,Prius,45212.41
1676,Honda,2001,6,Hybrid,Automatic,181675,Like New,CR-V,78522.88
1677,Audi,2008,2.2,Hybrid,Automatic,152110,Like New,A3,97323.32
1678,BMW,2023,1.3,Hybrid,Manual,93542,Like New,5 Series,39098.8
1679,Mercedes,2002,1.9,Diesel,Manual,276469,Like New,C-Class,43500.61
1680,Honda,2023,1.2,Diesel,Manual,166964,Like New,Accord,91029.73
1681,Mercedes,2014,3,Petrol,Manual,149068,Like New,GLA,20166.07
1682,Honda,2002,5,Petrol,Manual,205355,Like New,Civic,7716.51
1683,BMW,2018,2.7,Petrol,Manual,116737,Like New,3 Series,91344.46
1684,Mercedes,2017,3.2,Hybrid,Automatic,262968,Used,GLC,83051.2
1685,Ford,2007,4.4,Diesel,Manual,240417,Used,Explorer,97395.39
1686,Toyota,2016,3.5,Electric,Manual,117718,Like New,RAV4,10532.59
1687,Ford,2007,5.3,Hybrid,Automatic,273661,Used,Mustang,19836.85
1688,Audi,2006,5.3,Hybrid,Manual,152755,Used,A4,15004.69
1689,BMW,2006,1,Hybrid,Manual,207791,Like New,X3,69924.53
1690,Ford,2002,4.9,Electric,Manual,249120,Like New,Mustang,62570.96
1691,Honda,2000,3.3,Petrol,Manual,254322,Used,Civic,39136.84
1692,Audi,2003,5.9,Electric,Automatic,209485,Like New,A3,10455.23
1693,Audi,2004,3.4,Petrol,Manual,272126,Like New,A3,65767.89
1694,Ford,2000,5.9,Electric,Automatic,145711,Like New,Fiesta,59161.45
1695,Ford,2014,4.8,Diesel,Manual,70210,Like New,Focus,15725.81
1696,BMW,2004,2.2,Hybrid,Manual,69852,Used,X5,91346.42
1697,Toyota,2012,3.7,Hybrid,Automatic,255139,New,Corolla,23900.22
1698,Ford,2007,6,Hybrid,Manual,9695,Used,Mustang,75633.37
1699,Tesla,2007,5.3,Petrol,Automatic,48582,New,Model X,89082.21
1700,Ford,2004,1.5,Electric,Automatic,293238,New,Mustang,60050.12
1701,Mercedes,2008,4.5,Diesel,Automatic,191707,New,E-Class,28450.65
1702,Honda,2000,2.7,Electric,Manual,284331,Used,Civic,34378.61
1703,Tesla,2003,1,Hybrid,Manual,128721,Used,Model S,89146.02
1704,Tesla,2002,3,Diesel,Manual,106683,Used,Model X,33334.43
1705,Mercedes,2001,2.2,Diesel,Manual,263358,Used,GLA,75888.1
1706,Mercedes,2007,5.1,Hybrid,Automatic,286084,Used,GLC,99065.7
1707,Audi,2022,2.7,Electric,Manual,44406,New,A3,99982.59
1708,Toyota,2008,5.1,Hybrid,Manual,147049,Used,Corolla,55680.58
1709,Honda,2001,1,Electric,Automatic,235994,New,Fit,83522.8
1710,BMW,2013,2.5,Diesel,Automatic,187313,Used,5 Series,99073.74
1711,Tesla,2013,2.2,Diesel,Manual,204573,Used,Model 3,40593.92
1712,BMW,2003,2.2,Hybrid,Automatic,206205,Like New,X5,28978.91
1713,Ford,2005,1.3,Diesel,Automatic,60481,New,Explorer,15852.17
1714,Ford,2010,1.9,Petrol,Automatic,238084,Used,Mustang,18385.47
1715,BMW,2002,3.8,Diesel,Automatic,289884,Used,X3,86087.85
1716,Ford,2007,2.5,Petrol,Automatic,274025,Used,Explorer,60928.69
1717,Toyota,2002,3.1,Diesel,Manual,299140,Like New,Camry,88002.37
1718,Mercedes,2013,2.9,Hybrid,Manual,163249,New,E-Class,79998.23
1719,Ford,2012,5.4,Hybrid,Manual,122196,Used,Focus,69005.74
1720,Audi,2012,5.5,Petrol,Manual,37177,Used,A4,62884.66
1721,Ford,2001,3.5,Hybrid,Manual,66126,Used,Mustang,9592.2
1722,Honda,2012,2.7,Diesel,Manual,26119,Like New,Fit,87866.14
1723,Toyota,2018,1.5,Diesel,Manual,117744,Used,Corolla,44695
1724,Honda,2005,5.8,Hybrid,Automatic,116894,New,CR-V,58179.75
1725,Honda,2015,1.3,Diesel,Manual,158987,New,Accord,7085.58
1726,Audi,2001,2.5,Electric,Manual,44989,New,A4,93926.98
1727,Toyota,2007,2.5,Electric,Manual,284250,New,RAV4,90760.34
1728,Toyota,2016,2.6,Diesel,Automatic,279275,Used,Prius,56611.41
1729,Toyota,2022,1.8,Hybrid,Manual,6553,Like New,Corolla,59844.61
1730,Toyota,2001,4.9,Petrol,Manual,17881,Like New,Prius,71976.64
1731,Toyota,2009,1.6,Hybrid,Automatic,1379,Like New,Prius,30146.02
1732,Audi,2015,4.2,Petrol,Manual,69306,Used,A4,26081.98
1733,Ford,2005,1.6,Hybrid,Manual,243825,Like New,Focus,69032.18
1734,Honda,2001,1.4,Diesel,Automatic,104512,New,Civic,14920.13
1735,Toyota,2001,5.5,Electric,Manual,278494,Used,RAV4,48135.89
1736,Tesla,2012,2,Hybrid,Automatic,99599,Like New,Model S,51812.24
1737,Ford,2023,5.1,Petrol,Manual,81397,New,Fiesta,41227.01
1738,Ford,2014,3.7,Electric,Manual,17769,New,Explorer,22600.48
1739,Honda,2001,1.4,Petrol,Manual,178321,Used,Accord,38755.05
1740,Audi,2006,5.8,Diesel,Automatic,101584,Used,Q5,37067.94
1741,BMW,2002,2.2,Electric,Automatic,133858,Like New,5 Series,52430.24
1742,BMW,2007,5.3,Petrol,Automatic,231609,Like New,3 Series,69094.68
1743,Ford,2022,1.8,Hybrid,Manual,126525,Like New,Fiesta,96982.34
1744,Mercedes,2013,5.3,Diesel,Manual,36303,Used,E-Class,18695.51
1745,Mercedes,2023,1.1,Diesel,Automatic,19589,Like New,C-Class,87936.63
1746,Honda,2022,3.6,Diesel,Automatic,265026,Like New,Accord,31996.91
1747,BMW,2021,4.8,Hybrid,Manual,180394,New,X5,61180.41
1748,Ford,2006,5.7,Hybrid,Manual,129236,New,Mustang,56940.01
1749,Audi,2020,5.5,Electric,Manual,271889,New,A3,57910.1
1750,BMW,2006,5.1,Hybrid,Manual,15861,Like New,3 Series,73719.07
1751,Ford,2000,5.4,Electric,Automatic,91707,Used,Mustang,41260.39
1752,Ford,2016,2,Diesel,Manual,255043,New,Mustang,35314.5
1753,Toyota,2008,2.4,Electric,Manual,133909,Used,Camry,86019.28
1754,Audi,2020,2.4,Petrol,Manual,54380,Like New,A4,25909.03
1755,Toyota,2012,2.9,Diesel,Manual,105025,Like New,Corolla,22123.37
1756,Honda,2020,3,Diesel,Manual,180903,New,Civic,6482.71
1757,Toyota,2018,3.7,Electric,Manual,220421,Used,Corolla,25004.89
1758,Tesla,2020,1.8,Diesel,Manual,244497,New,Model 3,54260.49
1759,Toyota,2018,4.5,Hybrid,Automatic,160592,Like New,Camry,56158.34
1760,Tesla,2021,1.8,Petrol,Automatic,44397,Used,Model S,29169.95
1761,BMW,2016,2.6,Electric,Automatic,277132,New,5 Series,11866.05
1762,Mercedes,2022,3.5,Electric,Manual,158795,Like New,GLC,75740.88
1763,Ford,2022,5,Diesel,Automatic,33800,New,Fiesta,77007.66
1764,Tesla,2009,4.7,Hybrid,Manual,158502,Used,Model 3,99794.46
1765,Audi,2009,4.2,Diesel,Manual,199548,Used,Q7,90502.81
1766,Toyota,2003,1.8,Diesel,Manual,257653,Used,Camry,92975.9
1767,Tesla,2007,3.7,Electric,Manual,52284,Used,Model 3,80829.36
1768,Audi,2021,1.4,Diesel,Automatic,56232,Used,A4,63472.77
1769,Mercedes,2019,2.9,Petrol,Manual,44420,New,E-Class,17211.87
1770,Mercedes,2019,3.1,Diesel,Manual,299854,New,GLA,64119.76
1771,Toyota,2017,1.2,Diesel,Automatic,92035,New,Camry,10315.81
1772,Honda,2013,2.4,Electric,Automatic,293427,New,CR-V,89103.42
1773,Toyota,2017,5.8,Diesel,Automatic,197241,Like New,Corolla,50773.03
1774,BMW,2013,5.8,Hybrid,Manual,193529,Like New,3 Series,71259.92
1775,Tesla,2019,2.8,Electric,Automatic,249863,New,Model X,9963.15
1776,Ford,2020,1.2,Diesel,Manual,25968,Like New,Explorer,55753.6
1777,Honda,2023,1.9,Petrol,Manual,62508,Like New,Fit,33620.02
1778,Toyota,2014,3,Petrol,Automatic,235863,Used,Camry,32071.99
1779,Audi,2021,5.7,Electric,Automatic,194292,New,Q7,42017.31
1780,Honda,2003,1.7,Electric,Automatic,85366,Like New,Accord,5060.75
1781,Tesla,2012,4.8,Diesel,Manual,5738,Like New,Model 3,49332.78
1782,Honda,2022,1.5,Hybrid,Manual,3098,New,Civic,51223.83
1783,Tesla,2007,5.9,Diesel,Manual,95424,Used,Model X,86997.44
1784,Toyota,2017,2.9,Petrol,Manual,204705,New,Prius,47609.93
1785,Tesla,2011,4.9,Hybrid,Manual,78672,Used,Model X,39537.85
1786,Honda,2022,2.7,Hybrid,Manual,139325,Like New,Civic,99500.97
1787,Audi,2013,4.1,Hybrid,Automatic,125349,Used,Q7,59265.27
1788,Mercedes,2001,2,Diesel,Manual,50969,Used,GLA,49898.25
1789,Honda,2017,1.7,Petrol,Automatic,90744,New,Fit,52113.9
1790,Tesla,2023,5.7,Electric,Automatic,201495,Like New,Model 3,81872.22
1791,Mercedes,2001,5.6,Diesel,Automatic,117286,New,C-Class,37364.26
1792,Tesla,2010,5.4,Electric,Automatic,75028,New,Model 3,41970.24
1793,Audi,2008,4.1,Hybrid,Automatic,297565,Like New,A3,76807.97
1794,Tesla,2011,5,Hybrid,Manual,38575,New,Model 3,11933.46
1795,Toyota,2016,1.3,Diesel,Manual,3192,New,RAV4,87191.07
1796,Ford,2014,2.7,Petrol,Manual,111116,Used,Fiesta,45869.26
1797,Honda,2016,2.6,Hybrid,Manual,81311,New,Fit,60222.83
1798,Ford,2017,4.2,Electric,Automatic,80781,Like New,Fiesta,76960.24
1799,Tesla,2021,2.8,Electric,Automatic,36527,New,Model Y,30274.93
1800,Audi,2005,1.7,Diesel,Automatic,52181,Used,A4,89579.85
1801,Honda,2016,4,Electric,Manual,91472,New,Accord,98026.37
1802,Tesla,2022,5.1,Petrol,Manual,81219,New,Model Y,51956.06
1803,Mercedes,2023,2.9,Hybrid,Manual,119783,New,E-Class,94009.05
1804,BMW,2017,1.7,Electric,Manual,161554,Used,X5,5107.22
1805,Tesla,2007,2,Electric,Automatic,179300,Like New,Model Y,89952.59
1806,Ford,2008,2.2,Hybrid,Automatic,83265,Like New,Fiesta,34549.31
1807,Honda,2005,2.5,Diesel,Manual,50126,Used,Civic,34592.07
1808,Ford,2004,4.2,Electric,Manual,282689,Used,Explorer,26668.44
1809,Honda,2011,4,Diesel,Automatic,55114,New,CR-V,35116.32
1810,Tesla,2010,4.5,Diesel,Automatic,206422,Like New,Model X,25281.04
1811,Toyota,2000,2.8,Electric,Automatic,188873,Used,Corolla,91057.57
1812,Mercedes,2010,5.1,Petrol,Automatic,276034,Like New,GLC,90407.25
1813,Tesla,2018,2,Diesel,Manual,121284,New,Model S,14710.07
1814,Ford,2008,3.3,Electric,Automatic,194469,Used,Fiesta,18571.55
1815,BMW,2001,5,Diesel,Automatic,142290,Like New,5 Series,86891.77
1816,BMW,2011,1.9,Hybrid,Automatic,88241,Like New,X3,42899.09
1817,Audi,2003,1.5,Petrol,Automatic,296866,New,Q7,21080.81
1818,Honda,2003,5.4,Petrol,Manual,182615,Used,CR-V,53513.59
1819,Ford,2017,2.7,Hybrid,Manual,30921,Like New,Fiesta,44583.46
1820,Audi,2014,4.4,Hybrid,Manual,161686,New,A3,25820.35
1821,Ford,2018,1.1,Diesel,Manual,192261,Like New,Focus,73471.46
1822,Honda,2012,4.5,Hybrid,Manual,17601,New,Fit,64972.48
1823,Tesla,2018,2.6,Petrol,Manual,93332,Like New,Model X,14467.85
1824,Tesla,2016,1.3,Hybrid,Automatic,202615,Like New,Model 3,92911.74
1825,BMW,2005,4,Electric,Automatic,235572,New,5 Series,58054.65
1826,Tesla,2015,2.2,Electric,Automatic,290144,Used,Model X,28769.43
1827,Tesla,2023,2.9,Diesel,Automatic,130439,New,Model 3,24597.72
1828,Toyota,2011,1.4,Petrol,Manual,239691,Used,RAV4,17915.06
1829,BMW,2018,1.7,Electric,Automatic,119277,Like New,X5,45340.55
1830,Audi,2004,2.5,Hybrid,Manual,292527,Like New,A3,17876.4
1831,Mercedes,2016,1.4,Electric,Automatic,142857,New,GLA,44502.56
1832,Toyota,2022,5.6,Electric,Automatic,40910,New,Prius,19133.19
1833,Audi,2000,1,Diesel,Automatic,170100,Used,Q5,67396.71
1834,Honda,2023,3.4,Hybrid,Manual,155927,Used,Accord,79597.99
1835,Toyota,2022,1.6,Hybrid,Automatic,286425,Used,Camry,57204.66
1836,Audi,2009,2.5,Hybrid,Manual,4841,New,A4,69605.4
1837,Honda,2014,5.6,Diesel,Manual,97204,Like New,Fit,94145.98
1838,BMW,2022,1.8,Hybrid,Automatic,60155,New,3 Series,65645.3
1839,Mercedes,2020,5.8,Hybrid,Manual,259589,Like New,E-Class,39595.03
1840,Honda,2020,2,Electric,Manual,261140,New,Civic,47700.62
1841,Tesla,2010,4.7,Electric,Automatic,148515,New,Model Y,86749.9
1842,Ford,2012,3.7,Hybrid,Automatic,132994,Used,Fiesta,17418.43
1843,Honda,2004,5.4,Petrol,Automatic,294120,Like New,Accord,35945.02
1844,Honda,2000,3.8,Petrol,Automatic,143063,New,CR-V,59841.61
1845,Mercedes,2023,3.7,Hybrid,Automatic,104405,New,GLC,69257.01
1846,Ford,2011,2,Petrol,Automatic,53744,Like New,Focus,77532.41
1847,Tesla,2010,1.8,Diesel,Manual,2473,New,Model 3,35229.65
1848,Audi,2016,5.6,Electric,Automatic,139180,Like New,A3,18856.62
1849,Audi,2003,2.6,Diesel,Automatic,28715,Used,A3,95709.72
1850,Honda,2014,2.9,Electric,Manual,244826,Used,Civic,12257.26
1851,Ford,2008,4.8,Petrol,Automatic,253856,Like New,Mustang,14101.51
1852,Ford,2020,2.7,Petrol,Manual,239419,Used,Fiesta,52019.54
1853,Tesla,2019,5.8,Hybrid,Automatic,252508,Like New,Model S,82830.75
1854,Mercedes,2018,4.7,Petrol,Automatic,299461,New,E-Class,78577.89
1855,BMW,2018,4,Petrol,Manual,164434,New,X5,94081.43
1856,Audi,2011,5.4,Hybrid,Automatic,54604,Like New,A4,18452.24
1857,Mercedes,2004,1.2,Hybrid,Manual,4889,New,C-Class,40694.09
1858,Toyota,2009,2.3,Electric,Automatic,220629,Used,Prius,31803.5
1859,Audi,2016,3.3,Petrol,Automatic,294115,New,Q7,86782.66
1860,Mercedes,2004,2.1,Electric,Manual,50551,New,C-Class,51393.69
1861,Audi,2021,4.7,Electric,Automatic,134273,Like New,Q7,7550.55
1862,BMW,2015,5.6,Diesel,Automatic,237230,Used,3 Series,72256.62
1863,Toyota,2006,3.1,Petrol,Manual,236139,New,Camry,41926.32
1864,BMW,2008,2.7,Petrol,Automatic,108957,New,5 Series,55458.94
1865,Tesla,2002,5.8,Diesel,Manual,89882,Like New,Model X,89909.81
1866,Toyota,2014,3.2,Electric,Automatic,210323,Like New,RAV4,29390.09
1867,Honda,2015,3.4,Petrol,Manual,267825,Used,Accord,27825.14
1868,Mercedes,2017,2.8,Electric,Automatic,101982,New,E-Class,30003.29
1869,Toyota,2013,5.5,Diesel,Manual,46870,Like New,Prius,37120.26
1870,Tesla,2002,3.8,Hybrid,Manual,213328,Like New,Model X,15198.63
1871,Tesla,2011,4.8,Electric,Automatic,159224,Like New,Model Y,71235.87
1872,BMW,2008,5.1,Petrol,Automatic,50061,Used,3 Series,24702.88
1873,Audi,2006,2.7,Hybrid,Manual,188691,Like New,A4,92983.85
1874,Toyota,2008,3.2,Electric,Automatic,58235,Used,Corolla,25490.2
1875,Mercedes,2012,5.2,Electric,Manual,90073,Used,C-Class,29285.99
1876,Toyota,2017,2.8,Hybrid,Automatic,11217,New,RAV4,33216.92
1877,Ford,2004,5,Hybrid,Automatic,295885,New,Mustang,78011.12
1878,Audi,2012,5.7,Hybrid,Manual,192386,Used,Q5,45622.62
1879,Mercedes,2003,4.1,Petrol,Manual,263552,New,GLC,82836.79
1880,Mercedes,2001,4.7,Petrol,Automatic,42903,New,GLA,79561.1
1881,Honda,2015,5,Electric,Automatic,215280,Like New,Accord,93301.59
1882,BMW,2008,5.2,Electric,Automatic,107042,New,3 Series,76877.39
1883,Honda,2008,3,Diesel,Automatic,243725,Used,CR-V,9931.56
1884,Mercedes,2005,1.3,Petrol,Automatic,132290,New,E-Class,84541.72
1885,Audi,2010,3,Electric,Manual,181644,Like New,Q5,94116.9
1886,Toyota,2021,4.4,Hybrid,Automatic,109268,Used,Camry,99400.47
1887,Toyota,2023,3.3,Hybrid,Automatic,30105,New,Corolla,16900.42
1888,Audi,2021,4.7,Petrol,Manual,69634,Used,A4,63260.96
1889,Mercedes,2000,2.8,Hybrid,Manual,138691,New,E-Class,23948.57
1890,Tesla,2003,4.2,Diesel,Manual,18226,Like New,Model 3,29938.42
1891,Toyota,2012,1.9,Electric,Automatic,25322,New,Corolla,75830.51
1892,Tesla,2022,4.7,Electric,Manual,167284,Used,Model Y,97878.43
1893,Toyota,2012,3.7,Electric,Manual,94835,Used,RAV4,61511.27
1894,Toyota,2012,2,Petrol,Manual,255027,Used,RAV4,85805.52
1895,BMW,2001,2.5,Hybrid,Manual,73079,New,X5,5843.96
1896,BMW,2008,4.7,Diesel,Automatic,23946,New,X5,8480.01
1897,Ford,2023,3.4,Petrol,Automatic,162812,New,Focus,61688.81
1898,Honda,2007,2.1,Electric,Automatic,7253,Like New,Civic,41953.39
1899,Audi,2006,5.8,Diesel,Manual,79311,Like New,Q7,89526.99
1900,Audi,2003,4.6,Electric,Manual,294957,Like New,Q5,33688.28
1901,Audi,2017,5.8,Electric,Manual,67593,Used,Q5,46044.85
1902,Ford,2002,3.1,Petrol,Manual,149485,Used,Focus,55151.37
1903,BMW,2005,3.4,Electric,Manual,226833,Used,X3,30938.69
1904,Mercedes,2011,5.5,Diesel,Manual,38485,Used,E-Class,91307.01
1905,Tesla,2011,3.6,Electric,Automatic,199304,Used,Model X,49130.69
1906,Tesla,2020,4.5,Hybrid,Automatic,278245,New,Model Y,45294.78
1907,Mercedes,2007,2.3,Electric,Manual,8831,Used,GLC,85726.54
1908,Ford,2021,3.2,Petrol,Automatic,5004,New,Explorer,34637.95
1909,Mercedes,2021,1.6,Diesel,Manual,37170,Like New,GLA,82659.21
1910,Audi,2000,2,Petrol,Manual,43555,Like New,A3,16615.92
1911,Honda,2003,1,Hybrid,Automatic,118115,Like New,CR-V,22364.91
1912,Toyota,2020,1.2,Electric,Manual,178475,Like New,Corolla,95329.96
1913,Tesla,2010,5.9,Petrol,Automatic,298509,Like New,Model 3,85032.51
1914,BMW,2002,2.2,Petrol,Manual,207132,Used,5 Series,41850.4
1915,BMW,2012,4.3,Petrol,Manual,63471,Used,3 Series,65653.36
1916,Ford,2016,5.2,Petrol,Automatic,57287,Used,Focus,94582.17
1917,BMW,2021,3.8,Hybrid,Manual,116475,Like New,X3,25126.6
1918,Audi,2021,1.8,Hybrid,Manual,50151,Like New,A4,10605.99
1919,Tesla,2009,4.6,Electric,Manual,67384,New,Model X,56059.47
1920,Mercedes,2020,4,Electric,Automatic,33541,Used,E-Class,18546.7
1921,Audi,2011,4.7,Diesel,Manual,72847,Like New,A3,22795.31
1922,Ford,2014,4.8,Hybrid,Manual,218171,Like New,Focus,89696.22
1923,Audi,2020,5.9,Petrol,Manual,211811,Like New,Q5,5703.33
1924,Mercedes,2009,3.9,Petrol,Automatic,213739,New,C-Class,82597.9
1925,Honda,2013,2.7,Diesel,Automatic,167813,Like New,Fit,54110.32
1926,Ford,2012,4.2,Petrol,Automatic,99919,New,Fiesta,58132.97
1927,Honda,2004,1.3,Diesel,Automatic,216746,New,CR-V,68817.96
1928,Toyota,2005,5.5,Electric,Automatic,194020,Used,Corolla,45987.27
1929,Honda,2023,1.6,Hybrid,Manual,61768,Like New,Fit,15983.13
1930,Toyota,2001,2.6,Diesel,Automatic,43262,New,RAV4,14767.92
1931,Toyota,2021,5.1,Petrol,Automatic,20605,Like New,Corolla,76664.41
1932,Honda,2016,4,Diesel,Manual,78590,Used,CR-V,25998.34
1933,Ford,2003,3,Electric,Automatic,290375,Used,Fiesta,7669.66
1934,Mercedes,2013,3.4,Petrol,Manual,79397,New,GLC,98063.32
1935,Audi,2009,5.3,Electric,Automatic,77123,Used,Q7,98137.19
1936,Audi,2002,2.7,Electric,Manual,275659,Used,A3,40923.43
1937,Mercedes,2002,5.3,Diesel,Manual,278744,Used,C-Class,7424.77
1938,Tesla,2014,1.4,Electric,Automatic,158964,Like New,Model S,74090.14
1939,Tesla,2005,4.9,Petrol,Automatic,168767,Like New,Model X,83946.15
1940,Toyota,2016,5.2,Electric,Manual,135501,New,Camry,16876.3
1941,Toyota,2011,1.9,Electric,Manual,135678,New,Corolla,17868.57
1942,Ford,2021,3.2,Diesel,Manual,114380,Used,Mustang,83111.28
1943,BMW,2019,1.8,Electric,Manual,171206,Used,5 Series,92581.2
1944,Honda,2023,4.5,Hybrid,Manual,156547,New,Fit,80121.71
1945,Toyota,2010,3.7,Diesel,Manual,152802,Used,Prius,24070.77
1946,Audi,2003,4.2,Diesel,Manual,152185,New,A3,44094.52
1947,Ford,2005,2,Petrol,Automatic,151083,Like New,Fiesta,62080.03
1948,Honda,2000,2.1,Petrol,Manual,55746,Used,Fit,20227.88
1949,Ford,2019,1.2,Petrol,Automatic,173925,Used,Explorer,25007.24
1950,Honda,2022,2.6,Petrol,Automatic,298962,Used,Civic,31874.18
1951,Honda,2015,3.8,Hybrid,Manual,168393,Like New,CR-V,53403.76
1952,Mercedes,2014,5.3,Diesel,Manual,283453,Like New,GLA,53526.46
1953,Toyota,2016,4.3,Electric,Automatic,290320,Used,Camry,82357.98
1954,Ford,2007,3.2,Petrol,Manual,68879,New,Mustang,76535.97
1955,Ford,2011,5.8,Petrol,Manual,67592,Like New,Focus,91804.89
1956,Mercedes,2021,4.6,Petrol,Automatic,220084,Used,GLC,84125.66
1957,Audi,2020,5.7,Electric,Automatic,197494,Used,A3,29118.37
1958,Audi,2009,3.6,Petrol,Automatic,270728,Like New,Q5,36473.19
1959,Tesla,2014,2.3,Electric,Manual,124555,New,Model 3,52540.21
1960,Toyota,2008,1.3,Diesel,Manual,18830,Used,RAV4,6355.76
1961,Toyota,2001,4.6,Diesel,Automatic,216897,New,Corolla,90870.69
1962,BMW,2004,1.6,Diesel,Manual,252234,New,5 Series,9212.7
1963,Mercedes,2005,2.5,Hybrid,Automatic,265735,Like New,GLA,35631.92
1964,Audi,2006,3.7,Electric,Manual,93878,Used,A3,59071.61
1965,Honda,2020,3.8,Petrol,Automatic,125407,Used,Civic,54194.93
1966,Ford,2000,4,Petrol,Manual,116869,New,Fiesta,67173.69
1967,Toyota,2022,1.8,Petrol,Automatic,257716,Like New,Camry,55114.42
1968,Ford,2006,2.9,Petrol,Manual,283539,Like New,Explorer,26755.14
1969,Ford,2019,4.1,Hybrid,Manual,16738,Like New,Fiesta,24102.43
1970,BMW,2011,5.8,Petrol,Automatic,133703,New,X3,91188.47
1971,Audi,2015,4.6,Hybrid,Manual,148977,New,Q7,30076.84
1972,Toyota,2015,5.6,Electric,Manual,19056,Used,Corolla,31692.84
1973,Ford,2010,4.8,Diesel,Automatic,240746,Like New,Focus,44230.53
1974,Toyota,2020,4,Petrol,Manual,115316,New,Prius,18246.64
1975,Honda,2003,2,Diesel,Manual,166519,Like New,Fit,53190.92
1976,BMW,2012,4.3,Electric,Manual,54418,New,X3,68178.02
1977,Honda,2006,4.1,Electric,Automatic,299334,Used,CR-V,79670.05
1978,Toyota,2003,4,Petrol,Automatic,26014,Like New,Corolla,72588.15
1979,Tesla,2014,3.4,Electric,Automatic,204071,New,Model S,19025.42
1980,Toyota,2018,3.6,Diesel,Automatic,238989,Like New,RAV4,48326.38
1981,Audi,2008,2.7,Petrol,Automatic,181350,New,A3,8665.69
1982,Ford,2010,3.6,Hybrid,Manual,263924,New,Fiesta,6690.81
1983,Ford,2007,2,Petrol,Manual,190330,New,Mustang,46812.39
1984,Honda,2000,5,Diesel,Automatic,42192,Like New,Accord,29031.25
1985,BMW,2022,1.9,Petrol,Manual,43923,New,3 Series,69919.28
1986,Tesla,2023,1.4,Petrol,Manual,89196,Used,Model X,73802.87
1987,Mercedes,2007,3.2,Diesel,Manual,2395,Like New,GLC,90063.35
1988,Ford,2012,4.3,Petrol,Manual,228456,Used,Fiesta,77264.84
1989,Audi,2021,3.2,Petrol,Automatic,71028,Used,A4,9583.19
1990,Honda,2003,2.4,Diesel,Automatic,242463,Like New,CR-V,40304.19
1991,Honda,2007,3.8,Electric,Manual,141056,New,Accord,30937.22
1992,Mercedes,2002,2.7,Diesel,Manual,203400,Used,E-Class,41682.58
1993,Audi,2008,5.7,Petrol,Automatic,255315,Like New,Q5,20207.19
1994,BMW,2001,5.6,Hybrid,Manual,289068,New,3 Series,14281.89
1995,Audi,2001,3.5,Hybrid,Manual,294721,Like New,Q7,54493.53
1996,BMW,2012,2.6,Diesel,Manual,138783,Like New,X3,73436.22
1997,Audi,2014,4.7,Hybrid,Automatic,85548,Like New,A4,71681.54
1998,Audi,2022,1.2,Petrol,Automatic,257288,New,Q5,47839.71
1999,Toyota,2011,3.4,Petrol,Manual,125093,Used,Prius,54616.5
2000,Honda,2003,2.7,Diesel,Manual,235835,Used,Accord,54051.23
2001,Audi,2007,5.6,Petrol,Manual,206084,Like New,Q5,70699.19
2002,Mercedes,2008,1.1,Electric,Manual,270398,Like New,GLA,9552.89
2003,Audi,2022,3.8,Petrol,Manual,229027,New,A4,72440.13
2004,Ford,2004,4.7,Diesel,Manual,208072,Like New,Mustang,60309.09
2005,Honda,2023,3.4,Electric,Automatic,248029,Like New,Accord,23820.33
2006,Ford,2019,1.4,Electric,Automatic,209047,Like New,Mustang,9660.59
2007,Honda,2017,5.9,Hybrid,Manual,130509,Used,CR-V,15310.14
2008,Ford,2010,3.6,Petrol,Automatic,237784,Like New,Fiesta,54845.68
2009,Audi,2014,4.1,Diesel,Manual,295107,Used,A4,77048.81
2010,Audi,2021,2.2,Hybrid,Manual,3273,New,A3,36792.44
2011,Toyota,2008,3.4,Hybrid,Automatic,15330,New,Prius,41016.77
2012,Mercedes,2016,3.1,Petrol,Automatic,152566,Used,E-Class,93743.91
2013,Ford,2011,1.4,Petrol,Manual,76422,Used,Focus,25236.24
2014,BMW,2006,1.5,Diesel,Manual,3212,Used,5 Series,14856.2
2015,Toyota,2009,5.2,Hybrid,Automatic,232131,Used,RAV4,37623.96
2016,Ford,2009,2.2,Diesel,Automatic,87594,Like New,Mustang,75862.6
2017,Ford,2012,2,Hybrid,Manual,132152,Used,Mustang,64477.34
2018,Toyota,2018,3.5,Hybrid,Manual,294819,Used,Prius,44500.57
2019,Audi,2010,4.8,Hybrid,Manual,22007,Used,Q5,96651.49
2020,Ford,2012,1.3,Petrol,Automatic,113805,Like New,Explorer,74824.66
2021,Audi,2020,3.9,Hybrid,Manual,95815,Like New,A4,10876.84
2022,Toyota,2007,1.6,Hybrid,Automatic,262783,Like New,Camry,75739.99
2023,Audi,2007,1.2,Hybrid,Manual,78038,New,A4,7283.66
2024,Honda,2003,1.3,Electric,Automatic,265880,Like New,Accord,66780.72
2025,BMW,2014,5.2,Petrol,Automatic,253506,Used,5 Series,24995.87
2026,Tesla,2010,1.6,Electric,Automatic,16473,Like New,Model S,71162.01
2027,Ford,2010,1.2,Petrol,Automatic,128771,Like New,Focus,34429.06
2028,Mercedes,2000,3.2,Diesel,Manual,125801,Used,GLC,87935.6
2029,BMW,2016,5.2,Electric,Automatic,86623,Like New,X3,37006.81
2030,Tesla,2014,2.3,Diesel,Automatic,225097,New,Model S,63871.11
2031,Audi,2019,3.1,Hybrid,Automatic,298964,Like New,A4,32163.12
2032,Ford,2005,1.2,Diesel,Manual,215933,New,Fiesta,92136.05
2033,Audi,2023,3.2,Diesel,Manual,196879,New,Q5,79194.62
2034,Honda,2021,3.9,Diesel,Manual,280558,New,Fit,28113.77
2035,Toyota,2014,3.9,Diesel,Manual,24220,Used,RAV4,95135.69
2036,Ford,2008,2.7,Petrol,Manual,60531,Like New,Focus,38929.97
2037,Tesla,2013,2.6,Electric,Manual,173497,New,Model X,66927.17
2038,Tesla,2017,1.5,Petrol,Automatic,9387,New,Model Y,75571.06
2039,Honda,2016,2.8,Petrol,Automatic,245752,Like New,Fit,7175.71
2040,Honda,2017,1.5,Petrol,Automatic,76815,Used,Fit,96101.9
2041,Ford,2004,4.8,Diesel,Manual,27584,Used,Explorer,37721.92
2042,Audi,2019,5.8,Petrol,Automatic,44783,New,Q7,23028.99
2043,Mercedes,2019,5.9,Electric,Automatic,170881,Used,E-Class,85817.24
2044,Tesla,2008,5.3,Petrol,Manual,185399,Like New,Model Y,71775.43
2045,Tesla,2010,4,Hybrid,Automatic,124494,Used,Model S,13240.61
2046,Honda,2023,4.5,Diesel,Manual,115814,Like New,Civic,16119.24
2047,BMW,2021,2.4,Hybrid,Automatic,250139,New,X3,72943.23
2048,Honda,2000,4.2,Electric,Manual,141929,Like New,CR-V,12104.41
2049,Mercedes,2017,3.3,Electric,Manual,173333,New,E-Class,92131.67
2050,Audi,2005,3.4,Electric,Manual,246509,Like New,Q5,75446.31
2051,Audi,2001,4.8,Electric,Automatic,13580,Like New,A3,36871.76
2052,BMW,2014,2.4,Petrol,Automatic,18240,Used,X3,39479.18
2053,Tesla,2020,2.6,Diesel,Manual,254351,Like New,Model 3,53117.13
2054,Honda,2013,5.6,Electric,Manual,254271,New,Civic,39292.09
2055,Audi,2004,1.3,Hybrid,Automatic,80974,Like New,Q7,79429.51
2056,Mercedes,2005,3.4,Electric,Automatic,73401,New,C-Class,97600.01
2057,Ford,2005,5.6,Diesel,Manual,213165,New,Explorer,60529.54
2058,Toyota,2021,4.1,Hybrid,Automatic,164340,Like New,RAV4,47373.55
2059,Toyota,2017,3.7,Hybrid,Automatic,265790,Used,Prius,26163.54
2060,Toyota,2013,2.2,Hybrid,Automatic,186443,Like New,RAV4,67076.17
2061,Tesla,2009,2.7,Petrol,Manual,248123,Like New,Model X,70129.8
2062,Honda,2013,5.3,Electric,Manual,89460,Used,Fit,70093.11
2063,BMW,2012,3.8,Petrol,Automatic,51048,New,5 Series,7563.58
2064,Audi,2002,3.6,Hybrid,Manual,206518,Like New,A3,90416.6
2065,Ford,2005,1.5,Petrol,Automatic,132850,Used,Focus,37120.12
2066,Mercedes,2007,1.1,Petrol,Automatic,211912,Used,GLA,75695.75
2067,Ford,2011,5.8,Petrol,Manual,266891,New,Focus,77181.66
2068,Mercedes,2012,2.9,Electric,Manual,45,Used,E-Class,66802.72
2069,Tesla,2010,4,Hybrid,Manual,7758,New,Model S,42512.32
2070,Honda,2011,1.4,Hybrid,Automatic,255397,Like New,Fit,62796.5
2071,Toyota,2000,4.4,Electric,Automatic,154509,Used,Corolla,8818.88
2072,Honda,2016,5.7,Petrol,Manual,150657,Like New,Fit,77380.1
2073,Tesla,2015,3.9,Petrol,Manual,140926,Used,Model 3,14460.92
2074,BMW,2010,1.6,Diesel,Manual,183148,Used,5 Series,42691.34
2075,BMW,2012,3.9,Diesel,Automatic,148421,Like New,3 Series,14843.78
2076,Tesla,2017,4.8,Diesel,Automatic,227300,Used,Model 3,84522.07
2077,Mercedes,2010,3,Electric,Automatic,152420,Like New,E-Class,57278.73
2078,Audi,2011,5.4,Hybrid,Manual,165368,Like New,A4,70640.74
2079,Audi,2005,4.2,Diesel,Manual,19455,New,Q5,69845.31
2080,Mercedes,2008,5.5,Hybrid,Automatic,209896,Like New,C-Class,84952.59
2081,BMW,2015,4.1,Hybrid,Manual,231897,New,3 Series,17594.09
2082,BMW,2003,1.7,Hybrid,Manual,88552,Like New,X5,67674.17
2083,BMW,2002,2.5,Electric,Manual,40484,Used,5 Series,59637.74
2084,Honda,2015,2,Electric,Manual,134476,Like New,Accord,7935.23
2085,BMW,2023,5.5,Electric,Automatic,168332,Used,3 Series,24135.18
2086,Ford,2011,4.8,Electric,Manual,100647,New,Explorer,30419.3
2087,Toyota,2010,4.4,Diesel,Automatic,65642,Used,RAV4,11892.86
2088,BMW,2004,2.5,Petrol,Automatic,211803,Like New,X5,38698.38
2089,Mercedes,2017,1.9,Petrol,Manual,128824,Used,GLA,7584.24
2090,Toyota,2018,4.8,Petrol,Automatic,248914,New,Camry,57552.43
2091,Honda,2022,3.4,Diesel,Automatic,291749,Used,Accord,25092.59
2092,Mercedes,2022,2.1,Petrol,Manual,110879,Used,E-Class,32265.3
2093,Toyota,2005,4.1,Diesel,Automatic,120827,Like New,Camry,91494.8
2094,Mercedes,2021,1.2,Diesel,Automatic,267724,Like New,E-Class,52767.6
2095,Honda,2017,2.6,Diesel,Automatic,267544,Used,CR-V,30556.32
2096,Ford,2005,3.3,Petrol,Automatic,170715,New,Mustang,61853.87
2097,Honda,2003,1.7,Hybrid,Automatic,227257,Used,Accord,24158.79
2098,Honda,2011,5.9,Petrol,Automatic,127319,New,Civic,12067.59
2099,Mercedes,2018,2,Petrol,Automatic,106960,New,GLA,6986.1
2100,Tesla,2001,1.7,Electric,Automatic,39015,New,Model 3,95395.26
2101,Audi,2016,2,Diesel,Manual,203877,Used,Q5,73838.03
2102,BMW,2010,4.8,Hybrid,Manual,145109,New,X5,80995.07
2103,BMW,2010,3.1,Electric,Manual,262063,Used,X3,98187.18
2104,Ford,2020,3.8,Hybrid,Automatic,88754,New,Explorer,93504.73
2105,Ford,2015,1.1,Hybrid,Automatic,221775,New,Explorer,75006.75
2106,BMW,2001,1.2,Diesel,Automatic,203225,Used,5 Series,70928.77
2107,Audi,2001,3.2,Petrol,Manual,152606,Like New,Q7,37000.75
2108,BMW,2022,5.1,Diesel,Manual,222067,Like New,X3,14881.64
2109,Tesla,2007,5.4,Diesel,Manual,56879,Used,Model Y,59503.64
2110,Audi,2012,1.4,Electric,Automatic,119894,Used,Q5,59744.06
2111,Ford,2009,3.7,Diesel,Manual,65839,Like New,Explorer,95462.54
2112,Toyota,2007,5.6,Petrol,Manual,29756,Like New,Prius,47044.23
2113,Mercedes,2003,2.9,Hybrid,Automatic,143755,Like New,C-Class,70626.72
2114,Tesla,2014,5.1,Diesel,Manual,180557,Used,Model X,59622.21
2115,Tesla,2000,1.7,Hybrid,Automatic,229303,New,Model 3,21792.22
2116,Ford,2010,5.7,Diesel,Manual,149787,Used,Explorer,61246.11
2117,Ford,2006,4.8,Hybrid,Automatic,92943,Like New,Focus,56311.09
2118,Honda,2016,5.7,Diesel,Automatic,218188,New,CR-V,51921.07
2119,Tesla,2019,4.4,Electric,Automatic,148188,Used,Model X,53775.18
2120,Honda,2023,2.8,Hybrid,Automatic,36744,Like New,Accord,20578.86
2121,Honda,2017,5.7,Diesel,Automatic,124697,Used,Civic,49030.38
2122,Mercedes,2021,2.4,Diesel,Manual,116072,New,C-Class,62537.06
2123,Honda,2021,2.7,Electric,Automatic,236028,Like New,Fit,51497.67
2124,Audi,2011,4.5,Electric,Automatic,169123,Used,Q5,51425.19
2125,BMW,2008,4.8,Electric,Automatic,7176,New,X3,12364.18
2126,Toyota,2004,5.6,Hybrid,Automatic,252365,New,RAV4,23123.54
2127,Ford,2009,2,Hybrid,Manual,149748,Used,Fiesta,35492.41
2128,Audi,2003,5,Electric,Automatic,45177,New,A4,44837.96
2129,Toyota,2004,4.7,Petrol,Manual,110623,Like New,Corolla,61424.06
2130,Tesla,2009,1.3,Petrol,Automatic,997,New,Model S,87017.78
2131,Tesla,2010,2.9,Diesel,Automatic,120179,Used,Model Y,20120.65
2132,Tesla,2020,2.4,Petrol,Manual,247439,Like New,Model X,6433.36
2133,Audi,2023,2.5,Diesel,Manual,120403,New,A4,47677.53
2134,Audi,2009,5.9,Hybrid,Manual,95287,New,A4,46049.78
2135,Ford,2007,4.2,Hybrid,Automatic,119574,Like New,Fiesta,57430.62
2136,BMW,2001,4.6,Petrol,Manual,256463,Like New,X5,84156.07
2137,Honda,2022,5.9,Hybrid,Automatic,121509,New,CR-V,81224.25
2138,Tesla,2007,2.9,Electric,Manual,248505,Like New,Model Y,14504.11
2139,Mercedes,2015,5,Electric,Manual,192589,Used,E-Class,93729.56
2140,BMW,2021,3.2,Petrol,Automatic,289531,New,5 Series,15489.37
2141,Mercedes,2004,5.3,Petrol,Manual,4090,Used,GLA,65284.2
2142,Ford,2002,1.9,Diesel,Manual,3743,New,Mustang,68878.6
2143,Ford,2011,5.7,Hybrid,Automatic,30924,Used,Fiesta,69588.36
2144,Ford,2012,2.1,Diesel,Automatic,141268,Used,Fiesta,30208.36
2145,Toyota,2012,2.6,Diesel,Automatic,105312,Like New,RAV4,36382.78
2146,Mercedes,2009,4.8,Electric,Manual,216249,New,E-Class,57124.3
2147,BMW,2003,3,Electric,Manual,224090,Like New,5 Series,23960.81
2148,BMW,2008,4,Electric,Manual,229602,Like New,X3,6929.49
2149,Audi,2021,3.2,Electric,Manual,103976,New,A4,58403.72
2150,Audi,2023,4.7,Diesel,Manual,155183,Used,A3,49201.46
2151,Tesla,2022,2.1,Electric,Automatic,113566,New,Model X,67389.46
2152,Audi,2001,1.3,Hybrid,Manual,257443,New,A3,18936.55
2153,Ford,2018,2.5,Electric,Automatic,119968,New,Focus,84887.86
2154,BMW,2000,3.4,Electric,Manual,61600,Like New,X5,18891.04
2155,Mercedes,2006,1.8,Electric,Automatic,50022,New,GLA,89677.64
2156,Ford,2016,2.8,Petrol,Manual,134271,New,Focus,47704.51
2157,Toyota,2002,3,Hybrid,Manual,123323,New,Prius,57231.5
2158,Audi,2019,1.3,Hybrid,Automatic,186110,Used,A3,90175.23
2159,Ford,2019,3.9,Diesel,Manual,120278,Used,Explorer,33491.74
2160,Ford,2020,5.4,Diesel,Automatic,270041,Used,Explorer,22273.56
2161,Toyota,2002,1.8,Electric,Manual,64541,Used,Corolla,47346.4
2162,Honda,2002,4,Petrol,Manual,106968,Like New,CR-V,28214.89
2163,BMW,2016,4.3,Diesel,Automatic,14892,Like New,5 Series,55145.17
2164,Mercedes,2006,3.1,Diesel,Manual,24815,New,GLC,31149.5
2165,Tesla,2013,4.5,Electric,Automatic,278411,Like New,Model X,87126.51
2166,Honda,2016,3.1,Electric,Manual,280412,Used,Civic,62695.84
2167,Audi,2017,3.5,Diesel,Manual,114463,New,A3,5022.86
2168,Ford,2012,1,Diesel,Manual,190732,New,Fiesta,81520
2169,Toyota,2019,4.5,Hybrid,Manual,196599,Used,Prius,36370.17
2170,Toyota,2019,4.3,Petrol,Manual,194451,Used,Camry,35419.76
2171,BMW,2020,1.2,Hybrid,Manual,172343,Used,5 Series,41390.97
2172,Honda,2017,2.8,Diesel,Manual,138307,Like New,Fit,64874.94
2173,Tesla,2003,5.9,Hybrid,Automatic,88757,New,Model S,46995.77
2174,BMW,2000,3.1,Hybrid,Manual,296753,Used,3 Series,64720.38
2175,Ford,2017,3.5,Diesel,Manual,254200,New,Fiesta,18944.17
2176,BMW,2000,5.5,Electric,Manual,23645,New,5 Series,97165.62
2177,Mercedes,2012,4.6,Diesel,Automatic,195630,Like New,GLC,74312.6
2178,Toyota,2019,3.9,Electric,Automatic,154473,New,Prius,28769.68
2179,Toyota,2019,5,Diesel,Manual,269915,Used,Camry,73796.14
2180,Audi,2022,5.3,Diesel,Manual,151460,Used,Q5,59627.42
2181,Audi,2009,3.3,Diesel,Manual,83251,New,A3,15372.95
2182,Tesla,2010,3.4,Petrol,Automatic,57042,New,Model 3,21928.66
2183,Ford,2008,2.9,Electric,Manual,196945,Like New,Fiesta,8924.27
2184,Mercedes,2008,5.8,Petrol,Automatic,47024,Used,GLC,81877.62
2185,Honda,2004,4.5,Diesel,Manual,154522,Used,CR-V,57411.95
2186,BMW,2000,1.4,Hybrid,Automatic,56965,New,X3,35091.12
2187,Tesla,2016,5.3,Petrol,Automatic,272201,New,Model X,17002.77
2188,Ford,2021,3.4,Electric,Manual,224321,New,Fiesta,50984.36
2189,Audi,2001,1.3,Diesel,Manual,271127,Used,A4,54899.83
2190,BMW,2023,3.7,Petrol,Manual,19995,New,3 Series,71685.11
2191,Audi,2012,3.1,Hybrid,Manual,114587,Like New,Q5,97144.03
2192,BMW,2008,5.4,Petrol,Manual,233076,Like New,X5,46319.83
2193,Honda,2003,2,Electric,Manual,222700,New,Accord,43573.25
2194,Ford,2004,5.1,Petrol,Manual,38886,Like New,Focus,40143.35
2195,BMW,2010,3.8,Hybrid,Automatic,95149,Like New,X3,83557.77
2196,Mercedes,2023,1.3,Hybrid,Manual,94020,Like New,C-Class,19850.14
2197,Tesla,2018,5.9,Electric,Manual,2673,Like New,Model Y,37662.23
2198,Toyota,2020,3.6,Hybrid,Automatic,23466,Like New,Corolla,73872.23
2199,Mercedes,2002,2.5,Diesel,Manual,237626,Used,GLA,6491.02
2200,Mercedes,2011,3.3,Hybrid,Manual,50406,New,C-Class,32491.17
2201,Tesla,2018,5.3,Diesel,Manual,69284,Like New,Model X,65937.48
2202,Toyota,2018,2.5,Petrol,Manual,235718,New,Corolla,22665.45
2203,Mercedes,2012,2,Diesel,Automatic,13665,Like New,GLC,33757.5
2204,BMW,2006,1.6,Diesel,Automatic,20641,Used,X3,51174.28
2205,BMW,2014,2.5,Petrol,Manual,35797,Used,X5,45092.24
2206,BMW,2022,4.9,Hybrid,Manual,215838,Like New,5 Series,15072.58
2207,Toyota,2006,3.4,Diesel,Automatic,102339,Like New,RAV4,94132.36
2208,Mercedes,2007,2.1,Hybrid,Manual,113431,Like New,C-Class,9207.81
2209,Toyota,2004,1.8,Petrol,Automatic,232275,Used,Prius,76225.56
2210,BMW,2020,2.7,Electric,Automatic,283317,Used,X3,11785.16
2211,Tesla,2013,5.7,Hybrid,Automatic,144294,New,Model X,49393.1
2212,Mercedes,2003,2.7,Hybrid,Manual,181136,Used,C-Class,21664.07
2213,Mercedes,2022,5.9,Electric,Manual,168082,Like New,GLA,18404.29
2214,Audi,2009,3.4,Electric,Manual,253301,New,Q5,16960.31
2215,Audi,2019,1.9,Petrol,Automatic,18095,Used,A3,48014.73
2216,Honda,2014,5.5,Hybrid,Manual,123554,Used,Accord,53971.07
2217,Ford,2017,3.3,Hybrid,Manual,234989,Like New,Explorer,17671.53
2218,Audi,2019,4.5,Petrol,Automatic,89023,New,Q7,98042.59
2219,Toyota,2012,5.9,Hybrid,Manual,107181,Used,Corolla,29487.76
2220,Audi,2007,1.3,Diesel,Manual,222310,Used,A3,48589.93
2221,Honda,2008,1.5,Diesel,Manual,282744,Like New,CR-V,25545.61
2222,Mercedes,2015,4.6,Diesel,Automatic,264610,New,GLA,51922.65
2223,Honda,2018,2.4,Hybrid,Manual,256349,New,Civic,76821.58
2224,Mercedes,2015,1.9,Diesel,Automatic,176169,New,E-Class,54504.69
2225,Tesla,2006,1.2,Diesel,Automatic,53276,New,Model X,32136.64
2226,Tesla,2013,1.1,Petrol,Automatic,269072,Like New,Model 3,28597.68
2227,Mercedes,2013,4.9,Petrol,Manual,205719,Used,C-Class,77098.77
2228,Ford,2003,1.7,Electric,Manual,171960,Used,Explorer,16232.63
2229,Audi,2014,3.3,Electric,Manual,226097,New,Q7,40146.82
2230,Toyota,2002,4,Electric,Automatic,174904,New,Prius,19390.86
2231,Toyota,2004,3.1,Electric,Automatic,116196,New,Camry,29507.7
2232,BMW,2000,1.1,Petrol,Manual,9404,Used,X5,19504.91
2233,Mercedes,2002,4.9,Petrol,Automatic,209190,Used,E-Class,89243.39
2234,Toyota,2014,1.1,Petrol,Manual,113187,New,Prius,74530.9
2235,Ford,2023,4.8,Diesel,Manual,27684,Like New,Fiesta,58288.09
2236,Mercedes,2007,5.5,Diesel,Manual,68591,Used,GLA,26320.4
2237,Ford,2003,3.2,Electric,Manual,208794,Used,Fiesta,53471.55
2238,Toyota,2001,3.7,Diesel,Manual,264826,New,RAV4,54479.15
2239,Toyota,2023,3.4,Hybrid,Manual,111186,Like New,Corolla,61088.35
2240,BMW,2023,2.9,Petrol,Manual,243181,New,3 Series,10708.09
2241,Toyota,2009,5.4,Electric,Automatic,21832,New,Prius,97425.69
2242,Mercedes,2003,5.5,Electric,Manual,16997,Like New,GLC,49216.7
2243,Tesla,2002,2.7,Hybrid,Automatic,296784,Like New,Model Y,93020.52
2244,Mercedes,2001,4.1,Diesel,Automatic,40491,Like New,E-Class,5931.77
2245,Mercedes,2016,5.6,Electric,Manual,63043,Used,E-Class,28518.05
2246,BMW,2022,5.8,Diesel,Automatic,128568,New,3 Series,14879.58
2247,BMW,2020,3.5,Diesel,Automatic,72725,Used,3 Series,78113.54
2248,Toyota,2023,3.3,Hybrid,Automatic,128131,Like New,RAV4,35411.88
2249,Honda,2019,2.4,Electric,Manual,45520,Used,Fit,84846.79
2250,Honda,2022,5.8,Diesel,Manual,109869,Like New,Civic,84076.61
2251,BMW,2012,1.7,Diesel,Manual,64442,Like New,5 Series,68440.51
2252,Toyota,2004,3.9,Hybrid,Manual,261025,New,Camry,68249.27
2253,Honda,2020,2.4,Hybrid,Manual,152842,New,CR-V,71515.17
2254,Toyota,2008,2.4,Diesel,Automatic,178570,New,Corolla,69007.56
2255,Toyota,2021,3,Hybrid,Automatic,123447,Used,RAV4,41756.29
2256,Toyota,2005,6,Diesel,Manual,61477,New,Corolla,69868.63
2257,Audi,2004,1.3,Electric,Automatic,244,Like New,Q7,90253.66
2258,Mercedes,2009,3.9,Petrol,Automatic,177561,New,GLA,36594.48
2259,Toyota,2007,1.4,Hybrid,Automatic,290534,Used,Camry,94764.46
2260,Audi,2006,1.8,Petrol,Automatic,10247,New,Q7,6290.25
2261,BMW,2006,3.2,Diesel,Manual,200123,New,3 Series,38162.84
2262,Honda,2005,3.6,Diesel,Manual,190791,New,Accord,17549.35
2263,Mercedes,2020,2.3,Diesel,Manual,207358,Used,GLA,17028.88
2264,Tesla,2019,2.6,Petrol,Automatic,291727,Like New,Model S,82465.8
2265,Honda,2002,1.4,Diesel,Automatic,139148,Like New,Accord,92244.99
2266,Mercedes,2018,2.5,Hybrid,Manual,146123,Like New,E-Class,78887.03
2267,Tesla,2021,5.8,Electric,Manual,28670,New,Model Y,97778.49
2268,Honda,2014,5.7,Electric,Automatic,10236,New,Civic,25551.25
2269,Mercedes,2003,2.7,Hybrid,Manual,35568,Used,E-Class,18375.99
2270,Honda,2011,3.9,Electric,Manual,107327,Like New,Accord,54466.86
2271,Honda,2005,5.5,Petrol,Automatic,255745,New,Fit,83758.57
2272,Tesla,2018,1,Diesel,Automatic,278496,New,Model Y,8784.71
2273,Honda,2003,5.1,Diesel,Manual,125721,New,CR-V,99578.74
2274,Honda,2014,5.7,Diesel,Automatic,259291,Used,CR-V,62213.36
2275,Tesla,2008,1.5,Petrol,Manual,156228,Like New,Model 3,97999.47
2276,BMW,2004,1.8,Petrol,Automatic,55904,Used,X3,39682.76
2277,Toyota,2012,5.8,Petrol,Automatic,278252,Like New,Camry,48512.26
2278,Ford,2022,3.7,Hybrid,Manual,264997,Like New,Fiesta,76474.34
2279,Audi,2017,1.1,Petrol,Automatic,266320,New,A4,80306.54
2280,Ford,2004,2.3,Electric,Manual,100459,New,Explorer,27138.14
2281,Ford,2015,3.2,Hybrid,Automatic,185922,New,Mustang,93331.1
2282,Mercedes,2018,4.5,Hybrid,Manual,137901,New,E-Class,87405.2
2283,Toyota,2013,4.7,Hybrid,Automatic,123225,New,RAV4,6729.5
2284,Mercedes,2015,6,Petrol,Automatic,235847,Like New,GLA,17213.97
2285,Toyota,2014,2.4,Hybrid,Manual,221738,New,Corolla,52129.23
2286,Tesla,2021,3.7,Petrol,Automatic,110893,New,Model S,48790.77
2287,Tesla,2003,3.7,Petrol,Manual,242726,Used,Model X,72297.13
2288,Toyota,2006,3,Hybrid,Automatic,196914,Used,Camry,13522.58
2289,Honda,2015,1.8,Diesel,Automatic,181880,Like New,Civic,66261.25
2290,BMW,2023,5.9,Diesel,Manual,6611,Like New,3 Series,63555.14
2291,Honda,2021,5.3,Hybrid,Automatic,247524,Used,CR-V,27193.86
2292,BMW,2020,3.5,Diesel,Automatic,295187,Used,X3,56527.43
2293,Mercedes,2021,4,Electric,Manual,136343,New,E-Class,26109.68
2294,BMW,2020,2.1,Electric,Automatic,190191,New,X3,18957.69
2295,Mercedes,2007,3.7,Petrol,Manual,142645,Like New,GLA,59447.82
2296,Tesla,2016,4.5,Diesel,Manual,152481,Used,Model Y,97860.06
2297,Ford,2015,3.6,Electric,Manual,286608,Like New,Mustang,27508.67
2298,Tesla,2022,6,Hybrid,Automatic,249220,New,Model 3,38756.93
2299,Tesla,2009,4.1,Diesel,Automatic,118523,Like New,Model 3,29374.46
2300,Ford,2009,2.9,Electric,Manual,20662,Like New,Explorer,30313.68
2301,BMW,2001,4.9,Electric,Automatic,280372,Like New,X3,43398.25
2302,BMW,2008,1.9,Hybrid,Manual,60721,New,3 Series,71676.27
2303,Mercedes,2016,2.9,Petrol,Automatic,138458,Like New,GLC,8686.43
2304,Honda,2010,2.7,Hybrid,Manual,269006,New,Fit,95926.8
2305,Mercedes,2009,3.2,Petrol,Manual,40108,Used,C-Class,9396.59
2306,Honda,2021,4.9,Electric,Automatic,91788,Like New,Civic,88719.05
2307,Tesla,2016,3.4,Petrol,Manual,244437,Like New,Model Y,89965.92
2308,Ford,2003,5,Electric,Manual,237011,New,Focus,54826.47
2309,Tesla,2015,3.9,Electric,Automatic,158273,Like New,Model S,18014.7
2310,Toyota,2019,2.7,Diesel,Manual,49966,New,Camry,58688.87
2311,BMW,2014,5,Petrol,Manual,185846,Like New,3 Series,64720.06
2312,Honda,2020,2.2,Petrol,Automatic,272530,Used,Accord,86487.1
2313,Mercedes,2004,2.1,Petrol,Manual,77228,Used,C-Class,57335.06
2314,Ford,2005,3.5,Hybrid,Manual,146297,Used,Focus,44017.39
2315,Honda,2016,2.3,Diesel,Manual,43021,Like New,Fit,84637.66
2316,Mercedes,2000,1,Diesel,Manual,149333,Like New,E-Class,98190.42
2317,BMW,2018,4.2,Diesel,Manual,252646,Used,X5,66284.8
2318,Tesla,2003,3.6,Hybrid,Manual,86755,Used,Model Y,88066.77
2319,BMW,2016,3.2,Petrol,Manual,66330,New,3 Series,61879.84
2320,Audi,2008,5.8,Petrol,Manual,178438,New,A3,70529.86
2321,Toyota,2023,3.9,Petrol,Automatic,45313,Used,Prius,70375.88
2322,Audi,2001,5.3,Diesel,Manual,234729,Used,Q5,71954.76
2323,Ford,2007,1.7,Diesel,Manual,232783,Like New,Focus,35496.28
2324,Honda,2014,3.8,Electric,Automatic,289176,Used,Civic,59687.83
2325,Ford,2006,5.3,Hybrid,Manual,148430,New,Focus,61442.88
2326,Tesla,2005,3.9,Hybrid,Manual,28365,New,Model Y,34931.8
2327,Mercedes,2000,4.6,Diesel,Manual,275333,New,GLC,38235.97
2328,BMW,2014,2.9,Electric,Manual,7248,New,3 Series,77413.44
2329,Audi,2022,1.5,Petrol,Manual,4369,New,Q7,60358.76
2330,Audi,2006,3.3,Diesel,Manual,290749,New,A3,19175.06
2331,Tesla,2016,3,Hybrid,Automatic,171955,Used,Model X,84575.51
2332,Audi,2001,5.3,Hybrid,Automatic,33055,New,Q5,88895.86
2333,Tesla,2008,2.2,Hybrid,Automatic,199803,New,Model 3,49283.41
2334,Ford,2008,5.8,Petrol,Automatic,269594,New,Focus,24846.21
2335,BMW,2012,5.8,Hybrid,Automatic,133997,New,5 Series,95022.62
2336,Honda,2005,2.2,Petrol,Manual,50272,Used,Civic,88815.61
2337,Mercedes,2005,2.7,Petrol,Manual,5310,Like New,GLA,28216.27
2338,Honda,2019,5.5,Petrol,Manual,31817,Like New,Fit,14081.4
2339,Ford,2019,5.8,Diesel,Manual,215888,Like New,Mustang,46862.09
2340,Mercedes,2020,3.2,Petrol,Manual,82641,Like New,C-Class,69257.71
2341,Audi,2002,2.6,Electric,Automatic,215155,New,Q7,21661.92
2342,Toyota,2016,3.6,Hybrid,Automatic,207382,Like New,Corolla,53755.2
2343,Ford,2016,4.4,Diesel,Manual,15457,Like New,Explorer,45414.47
2344,Ford,2011,2.4,Hybrid,Manual,42311,Used,Mustang,89602.36
2345,BMW,2015,4.7,Petrol,Manual,151958,Used,X5,45808.83
2346,Honda,2014,1.3,Diesel,Automatic,123573,Used,Accord,55708.76
2347,Ford,2012,1.2,Electric,Automatic,298325,New,Fiesta,95752.19
2348,Ford,2022,2.9,Petrol,Manual,164334,New,Focus,33470.72
2349,Audi,2000,2.8,Hybrid,Automatic,263272,New,A3,32454.14
2350,Audi,2016,2.6,Electric,Manual,79522,Used,A3,80961.53
2351,Mercedes,2002,3.5,Petrol,Automatic,163394,Like New,E-Class,31366.2
2352,Tesla,2014,2.6,Electric,Automatic,48929,Used,Model 3,84027.26
2353,Tesla,2003,2,Petrol,Manual,81696,New,Model 3,14075.88
2354,Toyota,2003,2.5,Diesel,Automatic,271952,Used,Corolla,15569.82
2355,Tesla,2017,5.9,Petrol,Automatic,95148,Like New,Model X,90625.72
2356,BMW,2016,3.1,Diesel,Manual,283869,New,5 Series,56377.17
2357,Toyota,2018,3.2,Petrol,Automatic,220026,Like New,Camry,73287.36
2358,Mercedes,2010,3.9,Petrol,Manual,83576,Like New,C-Class,26402.44
2359,Audi,2019,5.9,Hybrid,Automatic,20557,New,A4,20796.06
2360,Tesla,2002,2.2,Electric,Manual,21825,Like New,Model Y,84320.65
2361,Honda,2007,4.4,Electric,Manual,271142,Used,Fit,39069.22
2362,Audi,2013,4.6,Electric,Automatic,36080,Like New,A3,48228.1
2363,BMW,2000,4,Petrol,Automatic,258815,Like New,X5,7657.33
2364,Audi,2013,1.4,Petrol,Manual,188869,Like New,Q5,41658.67
2365,BMW,2001,4.4,Petrol,Automatic,146874,Used,5 Series,78191.59
2366,BMW,2022,1.3,Diesel,Automatic,42407,Like New,3 Series,83021.14
2367,BMW,2003,4,Diesel,Automatic,120283,Like New,X5,71381.7
2368,Mercedes,2023,4.7,Hybrid,Manual,13338,Used,GLC,70757.07
2369,BMW,2018,2.1,Petrol,Manual,76289,New,X5,53092.73
2370,BMW,2005,5.2,Electric,Manual,149967,New,X3,56141.29
2371,Honda,2000,1.2,Electric,Automatic,178982,New,CR-V,75550.02
2372,Toyota,2016,5.2,Hybrid,Automatic,109367,Like New,Camry,28493.67
2373,Ford,2007,3.3,Electric,Manual,117486,New,Fiesta,26994.12
2374,Toyota,2018,2.1,Hybrid,Manual,214209,Used,Corolla,95242.86
2375,BMW,2020,1.7,Petrol,Automatic,256055,Like New,3 Series,7630.54
2376,Honda,2000,5.8,Electric,Automatic,136421,Like New,Fit,18249.22
2377,Audi,2004,1.4,Petrol,Automatic,153535,Like New,Q5,59181.58
2378,Honda,2015,2,Diesel,Automatic,74935,New,Fit,75094.31
2379,BMW,2005,2.7,Electric,Manual,189864,New,X3,56099.65
2380,Honda,2007,4.1,Diesel,Automatic,275830,New,Civic,38731.08
2381,Tesla,2012,3.7,Electric,Automatic,63528,Like New,Model S,97907.73
2382,Honda,2015,1.6,Petrol,Manual,99811,Used,Fit,71866.01
2383,BMW,2002,2.4,Hybrid,Manual,284931,Like New,3 Series,83982.13
2384,Mercedes,2018,2.2,Petrol,Automatic,188499,Used,E-Class,8823.45
2385,Tesla,2011,2.1,Petrol,Manual,260141,Like New,Model S,27412.41
2386,Honda,2015,3.1,Petrol,Automatic,104887,Used,Accord,40546.25
2387,Ford,2010,4.5,Electric,Automatic,61086,Like New,Mustang,22347.13
2388,Ford,2009,2.1,Hybrid,Manual,255494,Like New,Focus,11925.43
2389,Honda,2019,2.8,Diesel,Manual,63308,Used,CR-V,26383.71
2390,Mercedes,2003,3,Petrol,Automatic,277941,Used,E-Class,55695.38
2391,Audi,2011,5.9,Electric,Manual,267446,Used,Q7,71095.8
2392,BMW,2022,5.8,Diesel,Automatic,38059,Used,X3,78531.99
2393,Ford,2001,5,Petrol,Automatic,131980,Used,Explorer,9078.93
2394,Audi,2023,2.2,Diesel,Automatic,191324,Used,Q7,45658.69
2395,Honda,2021,1.3,Petrol,Manual,143949,Used,Accord,16610.1
2396,Audi,2018,2.6,Diesel,Automatic,276383,Used,Q7,45964.04
2397,Tesla,2004,2.3,Diesel,Automatic,27313,Like New,Model Y,46227.71
2398,Toyota,2007,3.5,Hybrid,Automatic,42103,Used,RAV4,52330.11
2399,Ford,2006,4.9,Hybrid,Manual,179480,Used,Focus,89818.91
2400,Honda,2013,5.3,Petrol,Automatic,88771,Like New,CR-V,81484.07
2401,BMW,2023,5.2,Electric,Automatic,126228,Like New,X3,65488.48
2402,Mercedes,2022,2.8,Hybrid,Automatic,91665,New,C-Class,89113.7
2403,Tesla,2002,4.4,Diesel,Manual,272678,New,Model X,69454.52
2404,Honda,2017,2.6,Hybrid,Automatic,279333,Used,CR-V,82791.22
2405,BMW,2015,1.3,Hybrid,Automatic,86067,Used,5 Series,58558.94
2406,Mercedes,2022,4.5,Petrol,Manual,273111,New,C-Class,54895.73
2407,Mercedes,2018,1,Hybrid,Manual,213063,New,GLC,73789.24
2408,Honda,2018,3,Hybrid,Automatic,270804,Used,Fit,6870.48
2409,Tesla,2017,2.6,Diesel,Automatic,129909,New,Model 3,70585.87
2410,Audi,2019,4.5,Hybrid,Automatic,140688,Used,A4,93779.23
2411,Audi,2015,4.8,Diesel,Manual,75976,Like New,A4,72824.5
2412,Mercedes,2007,2.5,Hybrid,Manual,233208,Like New,C-Class,8495.4
2413,Audi,2000,5.1,Hybrid,Automatic,179810,New,A3,40899.14
2414,Toyota,2016,2.5,Electric,Manual,275251,Like New,Corolla,81910.22
2415,Mercedes,2011,3.2,Hybrid,Automatic,192476,Like New,E-Class,96067.81
2416,Mercedes,2020,4.6,Diesel,Automatic,94182,Like New,C-Class,40165.52
2417,BMW,2010,4.5,Diesel,Manual,243153,Like New,5 Series,84913.44
2418,Audi,2004,5.9,Petrol,Automatic,278098,Used,Q5,87061.94
2419,Tesla,2011,2.1,Petrol,Manual,279087,Used,Model X,16712.21
2420,Mercedes,2016,4.3,Electric,Manual,40725,New,C-Class,85349.9
2421,Tesla,2005,4,Diesel,Automatic,10110,Like New,Model X,35803.74
2422,Toyota,2000,5.6,Diesel,Manual,278606,Like New,Corolla,61357.58
2423,BMW,2004,1.8,Diesel,Automatic,185153,Like New,X5,56201.4
2424,Honda,2013,4.8,Electric,Manual,66567,New,CR-V,67990.12
2425,Tesla,2004,3.8,Diesel,Automatic,182296,Used,Model 3,75344.14
2426,Mercedes,2021,2.4,Petrol,Automatic,113394,Like New,E-Class,46883.7
2427,Toyota,2023,3.4,Electric,Automatic,148940,Used,RAV4,89389.53
2428,Ford,2000,2.7,Petrol,Manual,22222,New,Explorer,81902.35
2429,Toyota,2017,3.9,Petrol,Automatic,79794,Used,Corolla,79615
2430,Toyota,2015,5.4,Electric,Manual,63924,Like New,Corolla,48533.45
2431,BMW,2008,3.8,Hybrid,Manual,99854,Used,3 Series,8569.42
2432,Honda,2018,4.2,Hybrid,Manual,260038,Used,Civic,51764.36
2433,Ford,2021,3.6,Petrol,Manual,243815,New,Mustang,90352.33
2434,Audi,2004,1.3,Hybrid,Manual,233127,New,A3,23092.76
2435,Audi,2001,2.2,Diesel,Automatic,141295,New,Q7,98346.28
2436,Tesla,2014,3.5,Electric,Manual,179238,New,Model Y,81730.61
2437,Toyota,2006,2.6,Petrol,Automatic,39369,Used,Camry,72433.83
2438,BMW,2003,1.9,Diesel,Automatic,274805,Used,3 Series,69330.2
2439,BMW,2000,3.5,Hybrid,Manual,146663,New,X5,60767.46
2440,Audi,2012,2.6,Diesel,Automatic,186307,New,A3,73463.68
2441,Tesla,2019,2.3,Hybrid,Automatic,270114,Like New,Model X,45081.03
2442,Tesla,2021,3.3,Petrol,Manual,47922,Like New,Model Y,85302.37
2443,Tesla,2006,1.7,Diesel,Automatic,292899,New,Model S,71152.87
2444,Ford,2014,5.6,Electric,Manual,120926,Used,Explorer,78269.05
2445,Honda,2022,5.3,Petrol,Manual,19416,New,Civic,80286.31
2446,Ford,2013,4.5,Diesel,Manual,13672,Used,Explorer,13746.65
2447,Mercedes,2022,1.5,Diesel,Automatic,128145,Used,GLA,10285.87
2448,Mercedes,2018,4.9,Hybrid,Automatic,178068,Like New,C-Class,81093.66
2449,Honda,2021,5,Petrol,Automatic,64,New,Accord,29641.48
2450,Audi,2023,4.8,Petrol,Automatic,68835,New,A3,60287.13
2451,Honda,2019,1.6,Petrol,Manual,201457,Used,CR-V,47152.53
2452,BMW,2023,4.2,Petrol,Manual,247795,New,X3,7093.72
2453,Mercedes,2017,5.2,Hybrid,Automatic,116916,Like New,C-Class,8826.72
2454,Toyota,2009,3.9,Electric,Manual,195346,Like New,Corolla,83576.9
2455,Toyota,2008,4.2,Petrol,Automatic,273010,New,Prius,62729.37
2456,Audi,2007,3.3,Hybrid,Manual,3889,New,Q7,54765.09
2457,BMW,2009,3.6,Electric,Manual,118194,Like New,5 Series,94713.45
2458,Ford,2016,1.2,Electric,Manual,124714,New,Explorer,21445.93
2459,BMW,2001,4.2,Hybrid,Manual,31335,Used,5 Series,29507.23
2460,Toyota,2005,1.4,Petrol,Manual,50547,New,Corolla,76890.21
2461,Toyota,2004,3.2,Electric,Automatic,157234,Used,Prius,78647.35
2462,Mercedes,2008,2.5,Petrol,Automatic,220521,New,E-Class,43465.23
2463,BMW,2004,3.7,Petrol,Manual,155759,New,X3,95342.95
2464,BMW,2017,1.7,Diesel,Automatic,273139,Like New,3 Series,94134.18
2465,Toyota,2019,4.5,Petrol,Manual,2631,Used,Prius,6178.92
2466,Ford,2008,5,Diesel,Manual,137039,Like New,Explorer,21371.15
2467,Audi,2016,1.8,Electric,Manual,64471,New,Q7,82920.85
2468,Tesla,2016,1.5,Hybrid,Manual,299260,Like New,Model Y,36845.59
2469,Audi,2011,1.7,Diesel,Automatic,133014,New,Q7,14068.95
2470,BMW,2006,5.4,Hybrid,Manual,47664,New,X3,79574.92
2471,Audi,2002,3.6,Electric,Automatic,159141,New,Q7,48185.43
2472,Toyota,2009,3.3,Petrol,Manual,87342,Used,Corolla,51779.02
2473,Toyota,2001,1.5,Electric,Manual,14407,Used,Prius,22705.09
2474,BMW,2002,4.2,Hybrid,Automatic,113926,Used,X3,67785.03
2475,BMW,2015,5.3,Electric,Manual,213053,Like New,X3,57367.93
2476,Tesla,2001,5.1,Petrol,Manual,17878,New,Model X,24633.93
2477,Tesla,2023,4.1,Electric,Automatic,83100,Like New,Model X,37331.49
2478,Mercedes,2009,1.4,Petrol,Automatic,223059,Like New,GLC,61703.53
2479,BMW,2005,1.6,Diesel,Automatic,43168,New,X3,92862.86
2480,Ford,2021,1.2,Hybrid,Manual,250396,Like New,Focus,92435.75
2481,Audi,2010,2.3,Petrol,Manual,250481,New,A4,32351.06
2482,BMW,2022,1.7,Petrol,Automatic,28004,New,3 Series,74883.99
2483,Honda,2006,2.3,Electric,Automatic,282615,New,Civic,78674.31
2484,Mercedes,2014,2.9,Diesel,Manual,91820,New,GLA,81838.19
2485,Honda,2005,5.7,Petrol,Manual,191239,Like New,Civic,59222.42
2486,Toyota,2019,4.1,Diesel,Automatic,102229,Like New,Prius,5998.26
2487,Tesla,2008,5.2,Diesel,Automatic,14568,Like New,Model 3,77359.25
2488,Audi,2021,4.6,Electric,Automatic,9466,Used,A3,15126.76
2489,BMW,2019,1.6,Petrol,Automatic,222129,Like New,X3,16102.78
2490,Honda,2011,4.7,Electric,Manual,57324,Like New,Fit,62534.36
2491,Audi,2018,2.4,Hybrid,Manual,146539,Used,Q5,98434.45
2492,Toyota,2019,4.2,Hybrid,Manual,75955,New,Prius,28041.25
2493,Tesla,2002,2.7,Petrol,Manual,147748,New,Model X,66352.03
2494,Ford,2014,6,Diesel,Automatic,94791,New,Focus,33847.1
2495,Mercedes,2001,2.3,Petrol,Manual,162586,Used,E-Class,90378.98
2496,Audi,2020,2.4,Petrol,Automatic,22650,Like New,Q5,61384.1
2497,Audi,2001,5.7,Hybrid,Manual,77701,Like New,A3,24710.35
2498,Ford,2021,1.1,Hybrid,Manual,272827,Like New,Fiesta,29902.45
2499,Audi,2002,4.5,Diesel,Manual,229164,Like New,Q5,46085.67
2500,Toyota,2005,4.6,Diesel,Automatic,80978,Used,RAV4,16594.14
